[0.000000] (-) TimerEvent: {}
[0.000842] (rosbot_interfaces) JobQueued: {'identifier': 'rosbot_interfaces', 'dependencies': OrderedDict()}
[0.000990] (waypoint_publisher_package) JobQueued: {'identifier': 'waypoint_publisher_package', 'dependencies': OrderedDict()}
[0.001030] (nav2_read_rssi_at_waypoint) JobQueued: {'identifier': 'nav2_read_rssi_at_waypoint', 'dependencies': OrderedDict({'rosbot_interfaces': '/home/sachin/rosbot-wifi-heatmap-sim/install/rosbot_interfaces'})}
[0.001069] (rssi_heatmap_generator_package) JobQueued: {'identifier': 'rssi_heatmap_generator_package', 'dependencies': OrderedDict({'rosbot_interfaces': '/home/sachin/rosbot-wifi-heatmap-sim/install/rosbot_interfaces'})}
[0.001101] (mappers_bringup) JobQueued: {'identifier': 'mappers_bringup', 'dependencies': OrderedDict({'rosbot_interfaces': '/home/sachin/rosbot-wifi-heatmap-sim/install/rosbot_interfaces', 'waypoint_publisher_package': '/home/sachin/rosbot-wifi-heatmap-sim/install/waypoint_publisher_package', 'nav2_read_rssi_at_waypoint': '/home/sachin/rosbot-wifi-heatmap-sim/install/nav2_read_rssi_at_waypoint', 'rssi_heatmap_generator_package': '/home/sachin/rosbot-wifi-heatmap-sim/install/rssi_heatmap_generator_package'})}
[0.001149] (rosbot_interfaces) JobStarted: {'identifier': 'rosbot_interfaces'}
[0.008657] (waypoint_publisher_package) JobStarted: {'identifier': 'waypoint_publisher_package'}
[0.016387] (rosbot_interfaces) JobProgress: {'identifier': 'rosbot_interfaces', 'progress': 'cmake'}
[0.016981] (rosbot_interfaces) JobProgress: {'identifier': 'rosbot_interfaces', 'progress': 'build'}
[0.017793] (rosbot_interfaces) Command: {'cmd': ['/usr/bin/cmake', '--build', '/home/sachin/rosbot-wifi-heatmap-sim/build/rosbot_interfaces', '--', '-j12', '-l12'], 'cwd': '/home/sachin/rosbot-wifi-heatmap-sim/build/rosbot_interfaces', 'env': OrderedDict({'LESSOPEN': '| /usr/bin/lesspipe %s', 'GZ_SIM_RESOURCE_PATH': '/home/sachin/gazebo_models', 'USER': 'sachin', 'GZ_CONFIG_PATH': '/opt/ros/jazzy/opt/gz_sim_vendor/share/gz:/opt/ros/jazzy/opt/sdformat_vendor/share/gz:/opt/ros/jazzy/opt/gz_gui_vendor/share/gz:/opt/ros/jazzy/opt/gz_transport_vendor/share/gz:/opt/ros/jazzy/opt/gz_rendering_vendor/share/gz:/opt/ros/jazzy/opt/gz_plugin_vendor/share/gz:/opt/ros/jazzy/opt/gz_fuel_tools_vendor/share/gz:/opt/ros/jazzy/opt/gz_msgs_vendor/share/gz:/opt/ros/jazzy/opt/gz_common_vendor/share/gz', 'XDG_SESSION_TYPE': 'x11', 'CLUTTER_DISABLE_MIPMAPPED_TEXT': '1', 'SHLVL': '1', 'LD_LIBRARY_PATH': '/opt/ros/jazzy/opt/gz_sim_vendor/lib:/opt/ros/jazzy/opt/gz_sensors_vendor/lib:/opt/ros/jazzy/opt/gz_physics_vendor/lib:/opt/ros/jazzy/opt/sdformat_vendor/lib:/opt/ros/jazzy/opt/rviz_ogre_vendor/lib:/opt/ros/jazzy/lib/x86_64-linux-gnu:/opt/ros/jazzy/opt/gz_gui_vendor/lib:/opt/ros/jazzy/opt/gz_transport_vendor/lib:/opt/ros/jazzy/opt/gz_rendering_vendor/lib:/opt/ros/jazzy/opt/gz_plugin_vendor/lib:/opt/ros/jazzy/opt/gz_fuel_tools_vendor/lib:/opt/ros/jazzy/opt/gz_msgs_vendor/lib:/opt/ros/jazzy/opt/gz_common_vendor/lib:/opt/ros/jazzy/opt/gz_math_vendor/lib:/opt/ros/jazzy/opt/gz_utils_vendor/lib:/opt/ros/jazzy/opt/gz_tools_vendor/lib:/opt/ros/jazzy/opt/gz_ogre_next_vendor/lib:/opt/ros/jazzy/opt/gz_dartsim_vendor/lib:/opt/ros/jazzy/opt/gz_cmake_vendor/lib:/opt/ros/jazzy/lib', 'HOME': '/home/sachin', 'DESKTOP_SESSION': 'ubuntu', 'ROS_PYTHON_VERSION': '3', 'GNOME_SHELL_SESSION_MODE': 'ubuntu', 'GTK_MODULES': 'gail:atk-bridge', 'PS1': '(.ros2_venv) \\[\\e]0;\\u@\\h: \\w\\a\\]${debian_chroot:+($debian_chroot)}\\[\\033[01;32m\\]\\u@\\h\\[\\033[00m\\]:\\[\\033[01;34m\\]\\w\\[\\033[00m\\]\\$', 'SYSTEMD_EXEC_PID': '2460', 'GSM_SKIP_SSH_AGENT_WORKAROUND': 'true', 'DBUS_SESSION_BUS_ADDRESS': 'unix:path=/run/user/1000/bus', 'COLORTERM': 'truecolor', 'DEBUGINFOD_URLS': 'https://debuginfod.ubuntu.com', 'ROS_DISTRO': 'jazzy', 'LOGNAME': 'sachin', '_': '/usr/bin/colcon', 'ROS_VERSION': '2', 'PIP_BREAK_SYSTEM_PACKAGES': '1', 'MEMORY_PRESSURE_WATCH': '/sys/fs/cgroup/user.slice/user-1000.slice/user@1000.service/session.slice/org.gnome.Shell@x11.service/memory.pressure', 'XDG_SESSION_CLASS': 'user', 'USERNAME': 'sachin', 'TERM': 'xterm-256color', 'GNOME_DESKTOP_SESSION_ID': 'this-is-deprecated', 'WINDOWPATH': '2', 'PATH': '/home/sachin/.ros2_venv/bin:/opt/ros/jazzy/opt/gz_msgs_vendor/bin:/opt/ros/jazzy/opt/gz_tools_vendor/bin:/opt/ros/jazzy/opt/gz_ogre_next_vendor/bin:/opt/ros/jazzy/bin:/usr/local/sbin:/usr/local/bin:/usr/sbin:/usr/bin:/sbin:/bin:/usr/games:/usr/local/games:/snap/bin:/snap/bin', 'SESSION_MANAGER': 'local/SK:@/tmp/.ICE-unix/2429,unix/SK:/tmp/.ICE-unix/2429', 'XDG_MENU_PREFIX': 'gnome-', 'GNOME_TERMINAL_SCREEN': '/org/gnome/Terminal/screen/a11948e8_ad81_4366_ab4e_8661490f3bf0', 'XDG_RUNTIME_DIR': '/run/user/1000', 'DISPLAY': ':1', 'LANG': 'en_US.UTF-8', 'XDG_CURRENT_DESKTOP': 'ubuntu:GNOME', 'VIRTUAL_ENV_PROMPT': '(.ros2_venv)', 'XMODIFIERS': '@im=ibus', 'XDG_SESSION_DESKTOP': 'ubuntu', 'XAUTHORITY': '/run/user/1000/gdm/Xauthority', 'LS_COLORS': 'rs=0:di=01;34:ln=01;36:mh=00:pi=40;33:so=01;35:do=01;35:bd=40;33;01:cd=40;33;01:or=40;31;01:mi=00:su=37;41:sg=30;43:ca=00:tw=30;42:ow=34;42:st=37;44:ex=01;32:*.tar=01;31:*.tgz=01;31:*.arc=01;31:*.arj=01;31:*.taz=01;31:*.lha=01;31:*.lz4=01;31:*.lzh=01;31:*.lzma=01;31:*.tlz=01;31:*.txz=01;31:*.tzo=01;31:*.t7z=01;31:*.zip=01;31:*.z=01;31:*.dz=01;31:*.gz=01;31:*.lrz=01;31:*.lz=01;31:*.lzo=01;31:*.xz=01;31:*.zst=01;31:*.tzst=01;31:*.bz2=01;31:*.bz=01;31:*.tbz=01;31:*.tbz2=01;31:*.tz=01;31:*.deb=01;31:*.rpm=01;31:*.jar=01;31:*.war=01;31:*.ear=01;31:*.sar=01;31:*.rar=01;31:*.alz=01;31:*.ace=01;31:*.zoo=01;31:*.cpio=01;31:*.7z=01;31:*.rz=01;31:*.cab=01;31:*.wim=01;31:*.swm=01;31:*.dwm=01;31:*.esd=01;31:*.avif=01;35:*.jpg=01;35:*.jpeg=01;35:*.mjpg=01;35:*.mjpeg=01;35:*.gif=01;35:*.bmp=01;35:*.pbm=01;35:*.pgm=01;35:*.ppm=01;35:*.tga=01;35:*.xbm=01;35:*.xpm=01;35:*.tif=01;35:*.tiff=01;35:*.png=01;35:*.svg=01;35:*.svgz=01;35:*.mng=01;35:*.pcx=01;35:*.mov=01;35:*.mpg=01;35:*.mpeg=01;35:*.m2v=01;35:*.mkv=01;35:*.webm=01;35:*.webp=01;35:*.ogm=01;35:*.mp4=01;35:*.m4v=01;35:*.mp4v=01;35:*.vob=01;35:*.qt=01;35:*.nuv=01;35:*.wmv=01;35:*.asf=01;35:*.rm=01;35:*.rmvb=01;35:*.flc=01;35:*.avi=01;35:*.fli=01;35:*.flv=01;35:*.gl=01;35:*.dl=01;35:*.xcf=01;35:*.xwd=01;35:*.yuv=01;35:*.cgm=01;35:*.emf=01;35:*.ogv=01;35:*.ogx=01;35:*.aac=00;36:*.au=00;36:*.flac=00;36:*.m4a=00;36:*.mid=00;36:*.midi=00;36:*.mka=00;36:*.mp3=00;36:*.mpc=00;36:*.ogg=00;36:*.ra=00;36:*.wav=00;36:*.oga=00;36:*.opus=00;36:*.spx=00;36:*.xspf=00;36:*~=00;90:*#=00;90:*.bak=00;90:*.crdownload=00;90:*.dpkg-dist=00;90:*.dpkg-new=00;90:*.dpkg-old=00;90:*.dpkg-tmp=00;90:*.old=00;90:*.orig=00;90:*.part=00;90:*.rej=00;90:*.rpmnew=00;90:*.rpmorig=00;90:*.rpmsave=00;90:*.swp=00;90:*.tmp=00;90:*.ucf-dist=00;90:*.ucf-new=00;90:*.ucf-old=00;90:', 'GNOME_TERMINAL_SERVICE': ':1.95', 'SSH_AUTH_SOCK': '/run/user/1000/keyring/ssh', 'ROS_DOMAIN_ID': '100', 'AMENT_PREFIX_PATH': '/opt/ros/jazzy', 'SHELL': '/bin/bash', 'QT_ACCESSIBILITY': '1', 'GDMSESSION': 'ubuntu', 'LESSCLOSE': '/usr/bin/lesspipe %s %s', 'GPG_AGENT_INFO': '/run/user/1000/gnupg/S.gpg-agent:0:1', 'VIRTUAL_ENV': '/home/sachin/.ros2_venv', 'ROS_AUTOMATIC_DISCOVERY_RANGE': 'SUBNET', 'QT_IM_MODULE': 'ibus', 'PWD': '/home/sachin/rosbot-wifi-heatmap-sim/build/rosbot_interfaces', 'LC_ALL': 'en_US.UTF-8', 'XDG_CONFIG_DIRS': '/etc/xdg/xdg-ubuntu:/etc/xdg', 'XDG_DATA_DIRS': '/usr/share/ubuntu:/usr/share/gnome:/usr/local/share/:/usr/share/:/var/lib/snapd/desktop', 'PYTHONPATH': '/opt/ros/jazzy/lib/python3.12/site-packages', 'COLCON': '1', 'MEMORY_PRESSURE_WRITE': 'c29tZSAyMDAwMDAgMjAwMDAwMAA=', 'VTE_VERSION': '7600', 'CMAKE_PREFIX_PATH': '/opt/ros/jazzy/opt/gz_sim_vendor:/opt/ros/jazzy/opt/gz_sensors_vendor:/opt/ros/jazzy/opt/gz_physics_vendor:/opt/ros/jazzy/opt/sdformat_vendor:/opt/ros/jazzy/opt/gz_gui_vendor:/opt/ros/jazzy/opt/gz_transport_vendor:/opt/ros/jazzy/opt/gz_rendering_vendor:/opt/ros/jazzy/opt/gz_plugin_vendor:/opt/ros/jazzy/opt/gz_fuel_tools_vendor:/opt/ros/jazzy/opt/gz_msgs_vendor:/opt/ros/jazzy/opt/gz_common_vendor:/opt/ros/jazzy/opt/gz_math_vendor:/opt/ros/jazzy/opt/gz_utils_vendor:/opt/ros/jazzy/opt/gz_tools_vendor:/opt/ros/jazzy/opt/gz_ogre_next_vendor:/opt/ros/jazzy/opt/gz_dartsim_vendor:/opt/ros/jazzy/opt/gz_cmake_vendor:/opt/ros/jazzy'}), 'shell': False}
[0.099704] (-) TimerEvent: {}
[0.103548] (rosbot_interfaces) StdoutLine: {'line': b'[  2%] Built target rosbot_interfaces__rosidl_generator_type_description\n'}
[0.117012] (rosbot_interfaces) StdoutLine: {'line': b'[  5%] Built target rosbot_interfaces__rs\n'}
[0.122620] (rosbot_interfaces) StdoutLine: {'line': b'[  5%] Built target ament_cmake_python_copy_rosbot_interfaces\n'}
[0.133643] (rosbot_interfaces) StdoutLine: {'line': b'[ 20%] Built target rosbot_interfaces__rosidl_generator_c\n'}
[0.137262] (rosbot_interfaces) StdoutLine: {'line': b'[ 22%] Built target rosbot_interfaces__cpp\n'}
[0.161680] (rosbot_interfaces) StdoutLine: {'line': b'[ 31%] Built target rosbot_interfaces__rosidl_typesupport_fastrtps_c\n'}
[0.162927] (rosbot_interfaces) StdoutLine: {'line': b'[ 40%] Built target rosbot_interfaces__rosidl_typesupport_c\n'}
[0.164242] (rosbot_interfaces) StdoutLine: {'line': b'[ 48%] Built target rosbot_interfaces__rosidl_typesupport_introspection_c\n'}
[0.166297] (rosbot_interfaces) StdoutLine: {'line': b'[ 57%] Built target rosbot_interfaces__rosidl_typesupport_cpp\n'}
[0.170249] (rosbot_interfaces) StdoutLine: {'line': b'[ 65%] Built target rosbot_interfaces__rosidl_typesupport_introspection_cpp\n'}
[0.171574] (rosbot_interfaces) StdoutLine: {'line': b'[ 74%] Built target rosbot_interfaces__rosidl_typesupport_fastrtps_cpp\n'}
[0.199844] (-) TimerEvent: {}
[0.203969] (rosbot_interfaces) StdoutLine: {'line': b'[ 74%] Built target rosbot_interfaces\n'}
[0.232633] (rosbot_interfaces) StdoutLine: {'line': b'[ 77%] Built target rosbot_interfaces__py\n'}
[0.266559] (rosbot_interfaces) StdoutLine: {'line': b'[ 82%] Built target rosbot_interfaces__rosidl_generator_py\n'}
[0.293175] (rosbot_interfaces) StdoutLine: {'line': b'[ 88%] Built target rosbot_interfaces_s__rosidl_typesupport_c\n'}
[0.300003] (-) TimerEvent: {}
[0.301105] (rosbot_interfaces) StdoutLine: {'line': b'[ 94%] Built target rosbot_interfaces_s__rosidl_typesupport_fastrtps_c\n'}
[0.301496] (rosbot_interfaces) StdoutLine: {'line': b'[100%] Built target rosbot_interfaces_s__rosidl_typesupport_introspection_c\n'}
[0.381039] (rosbot_interfaces) StdoutLine: {'line': b'running egg_info\n'}
[0.397038] (rosbot_interfaces) StdoutLine: {'line': b'writing rosbot_interfaces.egg-info/PKG-INFO\n'}
[0.397542] (rosbot_interfaces) StdoutLine: {'line': b'writing dependency_links to rosbot_interfaces.egg-info/dependency_links.txt\n'}
[0.397889] (rosbot_interfaces) StdoutLine: {'line': b'writing top-level names to rosbot_interfaces.egg-info/top_level.txt\n'}
[0.400236] (-) TimerEvent: {}
[0.447760] (rosbot_interfaces) StdoutLine: {'line': b"reading manifest file 'rosbot_interfaces.egg-info/SOURCES.txt'\n"}
[0.448918] (rosbot_interfaces) StdoutLine: {'line': b"writing manifest file 'rosbot_interfaces.egg-info/SOURCES.txt'\n"}
[0.490291] (rosbot_interfaces) StdoutLine: {'line': b'[100%] Built target ament_cmake_python_build_rosbot_interfaces_egg\n'}
[0.500564] (-) TimerEvent: {}
[0.505525] (rosbot_interfaces) CommandEnded: {'returncode': 0}
[0.506540] (rosbot_interfaces) JobProgress: {'identifier': 'rosbot_interfaces', 'progress': 'install'}
[0.520093] (rosbot_interfaces) Command: {'cmd': ['/usr/bin/cmake', '--install', '/home/sachin/rosbot-wifi-heatmap-sim/build/rosbot_interfaces'], 'cwd': '/home/sachin/rosbot-wifi-heatmap-sim/build/rosbot_interfaces', 'env': OrderedDict({'LESSOPEN': '| /usr/bin/lesspipe %s', 'GZ_SIM_RESOURCE_PATH': '/home/sachin/gazebo_models', 'USER': 'sachin', 'GZ_CONFIG_PATH': '/opt/ros/jazzy/opt/gz_sim_vendor/share/gz:/opt/ros/jazzy/opt/sdformat_vendor/share/gz:/opt/ros/jazzy/opt/gz_gui_vendor/share/gz:/opt/ros/jazzy/opt/gz_transport_vendor/share/gz:/opt/ros/jazzy/opt/gz_rendering_vendor/share/gz:/opt/ros/jazzy/opt/gz_plugin_vendor/share/gz:/opt/ros/jazzy/opt/gz_fuel_tools_vendor/share/gz:/opt/ros/jazzy/opt/gz_msgs_vendor/share/gz:/opt/ros/jazzy/opt/gz_common_vendor/share/gz', 'XDG_SESSION_TYPE': 'x11', 'CLUTTER_DISABLE_MIPMAPPED_TEXT': '1', 'SHLVL': '1', 'LD_LIBRARY_PATH': '/opt/ros/jazzy/opt/gz_sim_vendor/lib:/opt/ros/jazzy/opt/gz_sensors_vendor/lib:/opt/ros/jazzy/opt/gz_physics_vendor/lib:/opt/ros/jazzy/opt/sdformat_vendor/lib:/opt/ros/jazzy/opt/rviz_ogre_vendor/lib:/opt/ros/jazzy/lib/x86_64-linux-gnu:/opt/ros/jazzy/opt/gz_gui_vendor/lib:/opt/ros/jazzy/opt/gz_transport_vendor/lib:/opt/ros/jazzy/opt/gz_rendering_vendor/lib:/opt/ros/jazzy/opt/gz_plugin_vendor/lib:/opt/ros/jazzy/opt/gz_fuel_tools_vendor/lib:/opt/ros/jazzy/opt/gz_msgs_vendor/lib:/opt/ros/jazzy/opt/gz_common_vendor/lib:/opt/ros/jazzy/opt/gz_math_vendor/lib:/opt/ros/jazzy/opt/gz_utils_vendor/lib:/opt/ros/jazzy/opt/gz_tools_vendor/lib:/opt/ros/jazzy/opt/gz_ogre_next_vendor/lib:/opt/ros/jazzy/opt/gz_dartsim_vendor/lib:/opt/ros/jazzy/opt/gz_cmake_vendor/lib:/opt/ros/jazzy/lib', 'HOME': '/home/sachin', 'DESKTOP_SESSION': 'ubuntu', 'ROS_PYTHON_VERSION': '3', 'GNOME_SHELL_SESSION_MODE': 'ubuntu', 'GTK_MODULES': 'gail:atk-bridge', 'PS1': '(.ros2_venv) \\[\\e]0;\\u@\\h: \\w\\a\\]${debian_chroot:+($debian_chroot)}\\[\\033[01;32m\\]\\u@\\h\\[\\033[00m\\]:\\[\\033[01;34m\\]\\w\\[\\033[00m\\]\\$', 'SYSTEMD_EXEC_PID': '2460', 'GSM_SKIP_SSH_AGENT_WORKAROUND': 'true', 'DBUS_SESSION_BUS_ADDRESS': 'unix:path=/run/user/1000/bus', 'COLORTERM': 'truecolor', 'DEBUGINFOD_URLS': 'https://debuginfod.ubuntu.com', 'ROS_DISTRO': 'jazzy', 'LOGNAME': 'sachin', '_': '/usr/bin/colcon', 'ROS_VERSION': '2', 'PIP_BREAK_SYSTEM_PACKAGES': '1', 'MEMORY_PRESSURE_WATCH': '/sys/fs/cgroup/user.slice/user-1000.slice/user@1000.service/session.slice/org.gnome.Shell@x11.service/memory.pressure', 'XDG_SESSION_CLASS': 'user', 'USERNAME': 'sachin', 'TERM': 'xterm-256color', 'GNOME_DESKTOP_SESSION_ID': 'this-is-deprecated', 'WINDOWPATH': '2', 'PATH': '/home/sachin/.ros2_venv/bin:/opt/ros/jazzy/opt/gz_msgs_vendor/bin:/opt/ros/jazzy/opt/gz_tools_vendor/bin:/opt/ros/jazzy/opt/gz_ogre_next_vendor/bin:/opt/ros/jazzy/bin:/usr/local/sbin:/usr/local/bin:/usr/sbin:/usr/bin:/sbin:/bin:/usr/games:/usr/local/games:/snap/bin:/snap/bin', 'SESSION_MANAGER': 'local/SK:@/tmp/.ICE-unix/2429,unix/SK:/tmp/.ICE-unix/2429', 'XDG_MENU_PREFIX': 'gnome-', 'GNOME_TERMINAL_SCREEN': '/org/gnome/Terminal/screen/a11948e8_ad81_4366_ab4e_8661490f3bf0', 'XDG_RUNTIME_DIR': '/run/user/1000', 'DISPLAY': ':1', 'LANG': 'en_US.UTF-8', 'XDG_CURRENT_DESKTOP': 'ubuntu:GNOME', 'VIRTUAL_ENV_PROMPT': '(.ros2_venv)', 'XMODIFIERS': '@im=ibus', 'XDG_SESSION_DESKTOP': 'ubuntu', 'XAUTHORITY': '/run/user/1000/gdm/Xauthority', 'LS_COLORS': 'rs=0:di=01;34:ln=01;36:mh=00:pi=40;33:so=01;35:do=01;35:bd=40;33;01:cd=40;33;01:or=40;31;01:mi=00:su=37;41:sg=30;43:ca=00:tw=30;42:ow=34;42:st=37;44:ex=01;32:*.tar=01;31:*.tgz=01;31:*.arc=01;31:*.arj=01;31:*.taz=01;31:*.lha=01;31:*.lz4=01;31:*.lzh=01;31:*.lzma=01;31:*.tlz=01;31:*.txz=01;31:*.tzo=01;31:*.t7z=01;31:*.zip=01;31:*.z=01;31:*.dz=01;31:*.gz=01;31:*.lrz=01;31:*.lz=01;31:*.lzo=01;31:*.xz=01;31:*.zst=01;31:*.tzst=01;31:*.bz2=01;31:*.bz=01;31:*.tbz=01;31:*.tbz2=01;31:*.tz=01;31:*.deb=01;31:*.rpm=01;31:*.jar=01;31:*.war=01;31:*.ear=01;31:*.sar=01;31:*.rar=01;31:*.alz=01;31:*.ace=01;31:*.zoo=01;31:*.cpio=01;31:*.7z=01;31:*.rz=01;31:*.cab=01;31:*.wim=01;31:*.swm=01;31:*.dwm=01;31:*.esd=01;31:*.avif=01;35:*.jpg=01;35:*.jpeg=01;35:*.mjpg=01;35:*.mjpeg=01;35:*.gif=01;35:*.bmp=01;35:*.pbm=01;35:*.pgm=01;35:*.ppm=01;35:*.tga=01;35:*.xbm=01;35:*.xpm=01;35:*.tif=01;35:*.tiff=01;35:*.png=01;35:*.svg=01;35:*.svgz=01;35:*.mng=01;35:*.pcx=01;35:*.mov=01;35:*.mpg=01;35:*.mpeg=01;35:*.m2v=01;35:*.mkv=01;35:*.webm=01;35:*.webp=01;35:*.ogm=01;35:*.mp4=01;35:*.m4v=01;35:*.mp4v=01;35:*.vob=01;35:*.qt=01;35:*.nuv=01;35:*.wmv=01;35:*.asf=01;35:*.rm=01;35:*.rmvb=01;35:*.flc=01;35:*.avi=01;35:*.fli=01;35:*.flv=01;35:*.gl=01;35:*.dl=01;35:*.xcf=01;35:*.xwd=01;35:*.yuv=01;35:*.cgm=01;35:*.emf=01;35:*.ogv=01;35:*.ogx=01;35:*.aac=00;36:*.au=00;36:*.flac=00;36:*.m4a=00;36:*.mid=00;36:*.midi=00;36:*.mka=00;36:*.mp3=00;36:*.mpc=00;36:*.ogg=00;36:*.ra=00;36:*.wav=00;36:*.oga=00;36:*.opus=00;36:*.spx=00;36:*.xspf=00;36:*~=00;90:*#=00;90:*.bak=00;90:*.crdownload=00;90:*.dpkg-dist=00;90:*.dpkg-new=00;90:*.dpkg-old=00;90:*.dpkg-tmp=00;90:*.old=00;90:*.orig=00;90:*.part=00;90:*.rej=00;90:*.rpmnew=00;90:*.rpmorig=00;90:*.rpmsave=00;90:*.swp=00;90:*.tmp=00;90:*.ucf-dist=00;90:*.ucf-new=00;90:*.ucf-old=00;90:', 'GNOME_TERMINAL_SERVICE': ':1.95', 'SSH_AUTH_SOCK': '/run/user/1000/keyring/ssh', 'ROS_DOMAIN_ID': '100', 'AMENT_PREFIX_PATH': '/opt/ros/jazzy', 'SHELL': '/bin/bash', 'QT_ACCESSIBILITY': '1', 'GDMSESSION': 'ubuntu', 'LESSCLOSE': '/usr/bin/lesspipe %s %s', 'GPG_AGENT_INFO': '/run/user/1000/gnupg/S.gpg-agent:0:1', 'VIRTUAL_ENV': '/home/sachin/.ros2_venv', 'ROS_AUTOMATIC_DISCOVERY_RANGE': 'SUBNET', 'QT_IM_MODULE': 'ibus', 'PWD': '/home/sachin/rosbot-wifi-heatmap-sim/build/rosbot_interfaces', 'LC_ALL': 'en_US.UTF-8', 'XDG_CONFIG_DIRS': '/etc/xdg/xdg-ubuntu:/etc/xdg', 'XDG_DATA_DIRS': '/usr/share/ubuntu:/usr/share/gnome:/usr/local/share/:/usr/share/:/var/lib/snapd/desktop', 'PYTHONPATH': '/opt/ros/jazzy/lib/python3.12/site-packages', 'COLCON': '1', 'MEMORY_PRESSURE_WRITE': 'c29tZSAyMDAwMDAgMjAwMDAwMAA=', 'VTE_VERSION': '7600', 'CMAKE_PREFIX_PATH': '/opt/ros/jazzy/opt/gz_sim_vendor:/opt/ros/jazzy/opt/gz_sensors_vendor:/opt/ros/jazzy/opt/gz_physics_vendor:/opt/ros/jazzy/opt/sdformat_vendor:/opt/ros/jazzy/opt/gz_gui_vendor:/opt/ros/jazzy/opt/gz_transport_vendor:/opt/ros/jazzy/opt/gz_rendering_vendor:/opt/ros/jazzy/opt/gz_plugin_vendor:/opt/ros/jazzy/opt/gz_fuel_tools_vendor:/opt/ros/jazzy/opt/gz_msgs_vendor:/opt/ros/jazzy/opt/gz_common_vendor:/opt/ros/jazzy/opt/gz_math_vendor:/opt/ros/jazzy/opt/gz_utils_vendor:/opt/ros/jazzy/opt/gz_tools_vendor:/opt/ros/jazzy/opt/gz_ogre_next_vendor:/opt/ros/jazzy/opt/gz_dartsim_vendor:/opt/ros/jazzy/opt/gz_cmake_vendor:/opt/ros/jazzy'}), 'shell': False}
[0.532192] (rosbot_interfaces) StdoutLine: {'line': b'-- Install configuration: ""\n'}
[0.532451] (rosbot_interfaces) StdoutLine: {'line': b'-- Up-to-date: /home/sachin/rosbot-wifi-heatmap-sim/install/rosbot_interfaces/share/ament_index/resource_index/rosidl_interfaces/rosbot_interfaces\n'}
[0.532745] (rosbot_interfaces) StdoutLine: {'line': b'-- Up-to-date: /home/sachin/rosbot-wifi-heatmap-sim/install/rosbot_interfaces/share/rosbot_interfaces/msg/RssiAtWaypoint.json\n'}
[0.532896] (rosbot_interfaces) StdoutLine: {'line': b'-- Up-to-date: /home/sachin/rosbot-wifi-heatmap-sim/install/rosbot_interfaces/include/rosbot_interfaces/rosbot_interfaces\n'}
[0.533243] (rosbot_interfaces) StdoutLine: {'line': b'-- Up-to-date: /home/sachin/rosbot-wifi-heatmap-sim/install/rosbot_interfaces/include/rosbot_interfaces/rosbot_interfaces/msg\n'}
[0.533427] (rosbot_interfaces) StdoutLine: {'line': b'-- Up-to-date: /home/sachin/rosbot-wifi-heatmap-sim/install/rosbot_interfaces/include/rosbot_interfaces/rosbot_interfaces/msg/detail\n'}
[0.533660] (rosbot_interfaces) StdoutLine: {'line': b'-- Up-to-date: /home/sachin/rosbot-wifi-heatmap-sim/install/rosbot_interfaces/include/rosbot_interfaces/rosbot_interfaces/msg/detail/rssi_at_waypoint__struct.h\n'}
[0.533792] (rosbot_interfaces) StdoutLine: {'line': b'-- Up-to-date: /home/sachin/rosbot-wifi-heatmap-sim/install/rosbot_interfaces/include/rosbot_interfaces/rosbot_interfaces/msg/detail/rssi_at_waypoint__type_support.c\n'}
[0.533962] (rosbot_interfaces) StdoutLine: {'line': b'-- Up-to-date: /home/sachin/rosbot-wifi-heatmap-sim/install/rosbot_interfaces/include/rosbot_interfaces/rosbot_interfaces/msg/detail/rssi_at_waypoint__description.c\n'}
[0.534162] (rosbot_interfaces) StdoutLine: {'line': b'-- Up-to-date: /home/sachin/rosbot-wifi-heatmap-sim/install/rosbot_interfaces/include/rosbot_interfaces/rosbot_interfaces/msg/detail/rssi_at_waypoint__functions.h\n'}
[0.534289] (rosbot_interfaces) StdoutLine: {'line': b'-- Up-to-date: /home/sachin/rosbot-wifi-heatmap-sim/install/rosbot_interfaces/include/rosbot_interfaces/rosbot_interfaces/msg/detail/rssi_at_waypoint__functions.c\n'}
[0.534456] (rosbot_interfaces) StdoutLine: {'line': b'-- Up-to-date: /home/sachin/rosbot-wifi-heatmap-sim/install/rosbot_interfaces/include/rosbot_interfaces/rosbot_interfaces/msg/detail/rssi_at_waypoint__type_support.h\n'}
[0.534616] (rosbot_interfaces) StdoutLine: {'line': b'-- Up-to-date: /home/sachin/rosbot-wifi-heatmap-sim/install/rosbot_interfaces/include/rosbot_interfaces/rosbot_interfaces/msg/rssi_at_waypoint.h\n'}
[0.534801] (rosbot_interfaces) StdoutLine: {'line': b'-- Up-to-date: /home/sachin/rosbot-wifi-heatmap-sim/install/rosbot_interfaces/include/rosbot_interfaces/rosbot_interfaces/msg/rosidl_generator_c__visibility_control.h\n'}
[0.534978] (rosbot_interfaces) StdoutLine: {'line': b'-- Up-to-date: /home/sachin/rosbot-wifi-heatmap-sim/install/rosbot_interfaces/share/rosbot_interfaces/environment/library_path.sh\n'}
[0.535191] (rosbot_interfaces) StdoutLine: {'line': b'-- Up-to-date: /home/sachin/rosbot-wifi-heatmap-sim/install/rosbot_interfaces/share/rosbot_interfaces/environment/library_path.dsv\n'}
[0.535380] (rosbot_interfaces) StdoutLine: {'line': b'-- Up-to-date: /home/sachin/rosbot-wifi-heatmap-sim/install/rosbot_interfaces/lib/librosbot_interfaces__rosidl_generator_c.so\n'}
[0.535507] (rosbot_interfaces) StdoutLine: {'line': b'-- Up-to-date: /home/sachin/rosbot-wifi-heatmap-sim/install/rosbot_interfaces/include/rosbot_interfaces/rosbot_interfaces\n'}
[0.535633] (rosbot_interfaces) StdoutLine: {'line': b'-- Up-to-date: /home/sachin/rosbot-wifi-heatmap-sim/install/rosbot_interfaces/include/rosbot_interfaces/rosbot_interfaces/msg\n'}
[0.535763] (rosbot_interfaces) StdoutLine: {'line': b'-- Up-to-date: /home/sachin/rosbot-wifi-heatmap-sim/install/rosbot_interfaces/include/rosbot_interfaces/rosbot_interfaces/msg/detail\n'}
[0.535963] (rosbot_interfaces) StdoutLine: {'line': b'-- Up-to-date: /home/sachin/rosbot-wifi-heatmap-sim/install/rosbot_interfaces/include/rosbot_interfaces/rosbot_interfaces/msg/detail/rssi_at_waypoint__rosidl_typesupport_fastrtps_c.h\n'}
[0.536087] (rosbot_interfaces) StdoutLine: {'line': b'-- Up-to-date: /home/sachin/rosbot-wifi-heatmap-sim/install/rosbot_interfaces/include/rosbot_interfaces/rosbot_interfaces/msg/rosidl_typesupport_fastrtps_c__visibility_control.h\n'}
[0.536207] (rosbot_interfaces) StdoutLine: {'line': b'-- Up-to-date: /home/sachin/rosbot-wifi-heatmap-sim/install/rosbot_interfaces/lib/librosbot_interfaces__rosidl_typesupport_fastrtps_c.so\n'}
[0.536343] (rosbot_interfaces) StdoutLine: {'line': b'-- Up-to-date: /home/sachin/rosbot-wifi-heatmap-sim/install/rosbot_interfaces/include/rosbot_interfaces/rosbot_interfaces\n'}
[0.536471] (rosbot_interfaces) StdoutLine: {'line': b'-- Up-to-date: /home/sachin/rosbot-wifi-heatmap-sim/install/rosbot_interfaces/include/rosbot_interfaces/rosbot_interfaces/msg\n'}
[0.536592] (rosbot_interfaces) StdoutLine: {'line': b'-- Up-to-date: /home/sachin/rosbot-wifi-heatmap-sim/install/rosbot_interfaces/include/rosbot_interfaces/rosbot_interfaces/msg/detail\n'}
[0.536710] (rosbot_interfaces) StdoutLine: {'line': b'-- Up-to-date: /home/sachin/rosbot-wifi-heatmap-sim/install/rosbot_interfaces/include/rosbot_interfaces/rosbot_interfaces/msg/detail/rssi_at_waypoint__struct.hpp\n'}
[0.536829] (rosbot_interfaces) StdoutLine: {'line': b'-- Up-to-date: /home/sachin/rosbot-wifi-heatmap-sim/install/rosbot_interfaces/include/rosbot_interfaces/rosbot_interfaces/msg/detail/rssi_at_waypoint__traits.hpp\n'}
[0.536946] (rosbot_interfaces) StdoutLine: {'line': b'-- Up-to-date: /home/sachin/rosbot-wifi-heatmap-sim/install/rosbot_interfaces/include/rosbot_interfaces/rosbot_interfaces/msg/detail/rssi_at_waypoint__builder.hpp\n'}
[0.537063] (rosbot_interfaces) StdoutLine: {'line': b'-- Up-to-date: /home/sachin/rosbot-wifi-heatmap-sim/install/rosbot_interfaces/include/rosbot_interfaces/rosbot_interfaces/msg/detail/rssi_at_waypoint__type_support.hpp\n'}
[0.537181] (rosbot_interfaces) StdoutLine: {'line': b'-- Up-to-date: /home/sachin/rosbot-wifi-heatmap-sim/install/rosbot_interfaces/include/rosbot_interfaces/rosbot_interfaces/msg/rssi_at_waypoint.hpp\n'}
[0.537299] (rosbot_interfaces) StdoutLine: {'line': b'-- Up-to-date: /home/sachin/rosbot-wifi-heatmap-sim/install/rosbot_interfaces/include/rosbot_interfaces/rosbot_interfaces/msg/rosidl_generator_cpp__visibility_control.hpp\n'}
[0.537438] (rosbot_interfaces) StdoutLine: {'line': b'-- Up-to-date: /home/sachin/rosbot-wifi-heatmap-sim/install/rosbot_interfaces/include/rosbot_interfaces/rosbot_interfaces\n'}
[0.537566] (rosbot_interfaces) StdoutLine: {'line': b'-- Up-to-date: /home/sachin/rosbot-wifi-heatmap-sim/install/rosbot_interfaces/include/rosbot_interfaces/rosbot_interfaces/msg\n'}
[0.537685] (rosbot_interfaces) StdoutLine: {'line': b'-- Up-to-date: /home/sachin/rosbot-wifi-heatmap-sim/install/rosbot_interfaces/include/rosbot_interfaces/rosbot_interfaces/msg/detail\n'}
[0.537808] (rosbot_interfaces) StdoutLine: {'line': b'-- Up-to-date: /home/sachin/rosbot-wifi-heatmap-sim/install/rosbot_interfaces/include/rosbot_interfaces/rosbot_interfaces/msg/detail/dds_fastrtps\n'}
[0.537926] (rosbot_interfaces) StdoutLine: {'line': b'-- Up-to-date: /home/sachin/rosbot-wifi-heatmap-sim/install/rosbot_interfaces/include/rosbot_interfaces/rosbot_interfaces/msg/detail/rssi_at_waypoint__rosidl_typesupport_fastrtps_cpp.hpp\n'}
[0.538044] (rosbot_interfaces) StdoutLine: {'line': b'-- Up-to-date: /home/sachin/rosbot-wifi-heatmap-sim/install/rosbot_interfaces/include/rosbot_interfaces/rosbot_interfaces/msg/rosidl_typesupport_fastrtps_cpp__visibility_control.h\n'}
[0.538162] (rosbot_interfaces) StdoutLine: {'line': b'-- Up-to-date: /home/sachin/rosbot-wifi-heatmap-sim/install/rosbot_interfaces/lib/librosbot_interfaces__rosidl_typesupport_fastrtps_cpp.so\n'}
[0.538280] (rosbot_interfaces) StdoutLine: {'line': b'-- Up-to-date: /home/sachin/rosbot-wifi-heatmap-sim/install/rosbot_interfaces/include/rosbot_interfaces/rosbot_interfaces\n'}
[0.538420] (rosbot_interfaces) StdoutLine: {'line': b'-- Up-to-date: /home/sachin/rosbot-wifi-heatmap-sim/install/rosbot_interfaces/include/rosbot_interfaces/rosbot_interfaces/msg\n'}
[0.538540] (rosbot_interfaces) StdoutLine: {'line': b'-- Up-to-date: /home/sachin/rosbot-wifi-heatmap-sim/install/rosbot_interfaces/include/rosbot_interfaces/rosbot_interfaces/msg/rosidl_typesupport_introspection_c__visibility_control.h\n'}
[0.538657] (rosbot_interfaces) StdoutLine: {'line': b'-- Up-to-date: /home/sachin/rosbot-wifi-heatmap-sim/install/rosbot_interfaces/include/rosbot_interfaces/rosbot_interfaces/msg/detail\n'}
[0.538773] (rosbot_interfaces) StdoutLine: {'line': b'-- Up-to-date: /home/sachin/rosbot-wifi-heatmap-sim/install/rosbot_interfaces/include/rosbot_interfaces/rosbot_interfaces/msg/detail/rssi_at_waypoint__type_support.c\n'}
[0.538891] (rosbot_interfaces) StdoutLine: {'line': b'-- Up-to-date: /home/sachin/rosbot-wifi-heatmap-sim/install/rosbot_interfaces/include/rosbot_interfaces/rosbot_interfaces/msg/detail/rssi_at_waypoint__rosidl_typesupport_introspection_c.h\n'}
[0.539008] (rosbot_interfaces) StdoutLine: {'line': b'-- Up-to-date: /home/sachin/rosbot-wifi-heatmap-sim/install/rosbot_interfaces/lib/librosbot_interfaces__rosidl_typesupport_introspection_c.so\n'}
[0.539124] (rosbot_interfaces) StdoutLine: {'line': b'-- Up-to-date: /home/sachin/rosbot-wifi-heatmap-sim/install/rosbot_interfaces/lib/librosbot_interfaces__rosidl_typesupport_c.so\n'}
[0.539253] (rosbot_interfaces) StdoutLine: {'line': b'-- Up-to-date: /home/sachin/rosbot-wifi-heatmap-sim/install/rosbot_interfaces/include/rosbot_interfaces/rosbot_interfaces\n'}
[0.539393] (rosbot_interfaces) StdoutLine: {'line': b'-- Up-to-date: /home/sachin/rosbot-wifi-heatmap-sim/install/rosbot_interfaces/include/rosbot_interfaces/rosbot_interfaces/msg\n'}
[0.539516] (rosbot_interfaces) StdoutLine: {'line': b'-- Up-to-date: /home/sachin/rosbot-wifi-heatmap-sim/install/rosbot_interfaces/include/rosbot_interfaces/rosbot_interfaces/msg/detail\n'}
[0.539634] (rosbot_interfaces) StdoutLine: {'line': b'-- Up-to-date: /home/sachin/rosbot-wifi-heatmap-sim/install/rosbot_interfaces/include/rosbot_interfaces/rosbot_interfaces/msg/detail/rssi_at_waypoint__type_support.cpp\n'}
[0.539751] (rosbot_interfaces) StdoutLine: {'line': b'-- Up-to-date: /home/sachin/rosbot-wifi-heatmap-sim/install/rosbot_interfaces/include/rosbot_interfaces/rosbot_interfaces/msg/detail/rssi_at_waypoint__rosidl_typesupport_introspection_cpp.hpp\n'}
[0.539868] (rosbot_interfaces) StdoutLine: {'line': b'-- Up-to-date: /home/sachin/rosbot-wifi-heatmap-sim/install/rosbot_interfaces/lib/librosbot_interfaces__rosidl_typesupport_introspection_cpp.so\n'}
[0.539991] (rosbot_interfaces) StdoutLine: {'line': b'-- Up-to-date: /home/sachin/rosbot-wifi-heatmap-sim/install/rosbot_interfaces/lib/librosbot_interfaces__rosidl_typesupport_cpp.so\n'}
[0.540108] (rosbot_interfaces) StdoutLine: {'line': b'-- Up-to-date: /home/sachin/rosbot-wifi-heatmap-sim/install/rosbot_interfaces/share/rosbot_interfaces/environment/pythonpath.sh\n'}
[0.540224] (rosbot_interfaces) StdoutLine: {'line': b'-- Up-to-date: /home/sachin/rosbot-wifi-heatmap-sim/install/rosbot_interfaces/share/rosbot_interfaces/environment/pythonpath.dsv\n'}
[0.540353] (rosbot_interfaces) StdoutLine: {'line': b'-- Up-to-date: /home/sachin/rosbot-wifi-heatmap-sim/install/rosbot_interfaces/lib/python3.12/site-packages/rosbot_interfaces-1.0.0-py3.12.egg-info\n'}
[0.540478] (rosbot_interfaces) StdoutLine: {'line': b'-- Installing: /home/sachin/rosbot-wifi-heatmap-sim/install/rosbot_interfaces/lib/python3.12/site-packages/rosbot_interfaces-1.0.0-py3.12.egg-info/PKG-INFO\n'}
[0.540596] (rosbot_interfaces) StdoutLine: {'line': b'-- Installing: /home/sachin/rosbot-wifi-heatmap-sim/install/rosbot_interfaces/lib/python3.12/site-packages/rosbot_interfaces-1.0.0-py3.12.egg-info/dependency_links.txt\n'}
[0.540712] (rosbot_interfaces) StdoutLine: {'line': b'-- Installing: /home/sachin/rosbot-wifi-heatmap-sim/install/rosbot_interfaces/lib/python3.12/site-packages/rosbot_interfaces-1.0.0-py3.12.egg-info/SOURCES.txt\n'}
[0.540828] (rosbot_interfaces) StdoutLine: {'line': b'-- Installing: /home/sachin/rosbot-wifi-heatmap-sim/install/rosbot_interfaces/lib/python3.12/site-packages/rosbot_interfaces-1.0.0-py3.12.egg-info/top_level.txt\n'}
[0.540949] (rosbot_interfaces) StdoutLine: {'line': b'-- Up-to-date: /home/sachin/rosbot-wifi-heatmap-sim/install/rosbot_interfaces/lib/python3.12/site-packages/rosbot_interfaces\n'}
[0.541066] (rosbot_interfaces) StdoutLine: {'line': b'-- Up-to-date: /home/sachin/rosbot-wifi-heatmap-sim/install/rosbot_interfaces/lib/python3.12/site-packages/rosbot_interfaces/rosbot_interfaces_s__rosidl_typesupport_fastrtps_c.so\n'}
[0.541182] (rosbot_interfaces) StdoutLine: {'line': b'-- Up-to-date: /home/sachin/rosbot-wifi-heatmap-sim/install/rosbot_interfaces/lib/python3.12/site-packages/rosbot_interfaces/rosbot_interfaces_s__rosidl_typesupport_introspection_c.so\n'}
[0.541298] (rosbot_interfaces) StdoutLine: {'line': b'-- Up-to-date: /home/sachin/rosbot-wifi-heatmap-sim/install/rosbot_interfaces/lib/python3.12/site-packages/rosbot_interfaces/_rosbot_interfaces_s.ep.rosidl_typesupport_c.c\n'}
[0.541431] (rosbot_interfaces) StdoutLine: {'line': b'-- Up-to-date: /home/sachin/rosbot-wifi-heatmap-sim/install/rosbot_interfaces/lib/python3.12/site-packages/rosbot_interfaces/__init__.py\n'}
[0.541547] (rosbot_interfaces) StdoutLine: {'line': b'-- Up-to-date: /home/sachin/rosbot-wifi-heatmap-sim/install/rosbot_interfaces/lib/python3.12/site-packages/rosbot_interfaces/rosbot_interfaces_s__rosidl_typesupport_c.so\n'}
[0.541663] (rosbot_interfaces) StdoutLine: {'line': b'-- Up-to-date: /home/sachin/rosbot-wifi-heatmap-sim/install/rosbot_interfaces/lib/python3.12/site-packages/rosbot_interfaces/_rosbot_interfaces_s.ep.rosidl_typesupport_fastrtps_c.c\n'}
[0.541778] (rosbot_interfaces) StdoutLine: {'line': b'-- Up-to-date: /home/sachin/rosbot-wifi-heatmap-sim/install/rosbot_interfaces/lib/python3.12/site-packages/rosbot_interfaces/msg\n'}
[0.541894] (rosbot_interfaces) StdoutLine: {'line': b'-- Up-to-date: /home/sachin/rosbot-wifi-heatmap-sim/install/rosbot_interfaces/lib/python3.12/site-packages/rosbot_interfaces/msg/_rssi_at_waypoint.py\n'}
[0.542010] (rosbot_interfaces) StdoutLine: {'line': b'-- Up-to-date: /home/sachin/rosbot-wifi-heatmap-sim/install/rosbot_interfaces/lib/python3.12/site-packages/rosbot_interfaces/msg/_rssi_at_waypoint_s.c\n'}
[0.542126] (rosbot_interfaces) StdoutLine: {'line': b'-- Up-to-date: /home/sachin/rosbot-wifi-heatmap-sim/install/rosbot_interfaces/lib/python3.12/site-packages/rosbot_interfaces/msg/__init__.py\n'}
[0.542249] (rosbot_interfaces) StdoutLine: {'line': b'-- Up-to-date: /home/sachin/rosbot-wifi-heatmap-sim/install/rosbot_interfaces/lib/python3.12/site-packages/rosbot_interfaces/_rosbot_interfaces_s.ep.rosidl_typesupport_introspection_c.c\n'}
[0.576324] (rosbot_interfaces) StdoutLine: {'line': b"Listing '/home/sachin/rosbot-wifi-heatmap-sim/install/rosbot_interfaces/lib/python3.12/site-packages/rosbot_interfaces'...\n"}
[0.576606] (rosbot_interfaces) StdoutLine: {'line': b"Listing '/home/sachin/rosbot-wifi-heatmap-sim/install/rosbot_interfaces/lib/python3.12/site-packages/rosbot_interfaces/msg'...\n"}
[0.583430] (rosbot_interfaces) StdoutLine: {'line': b'-- Up-to-date: /home/sachin/rosbot-wifi-heatmap-sim/install/rosbot_interfaces/lib/python3.12/site-packages/rosbot_interfaces/rosbot_interfaces_s__rosidl_typesupport_fastrtps_c.so\n'}
[0.583930] (rosbot_interfaces) StdoutLine: {'line': b'-- Up-to-date: /home/sachin/rosbot-wifi-heatmap-sim/install/rosbot_interfaces/lib/python3.12/site-packages/rosbot_interfaces/rosbot_interfaces_s__rosidl_typesupport_introspection_c.so\n'}
[0.584190] (rosbot_interfaces) StdoutLine: {'line': b'-- Up-to-date: /home/sachin/rosbot-wifi-heatmap-sim/install/rosbot_interfaces/lib/python3.12/site-packages/rosbot_interfaces/rosbot_interfaces_s__rosidl_typesupport_c.so\n'}
[0.584927] (rosbot_interfaces) StdoutLine: {'line': b'-- Up-to-date: /home/sachin/rosbot-wifi-heatmap-sim/install/rosbot_interfaces/lib/librosbot_interfaces__rosidl_generator_py.so\n'}
[0.585401] (rosbot_interfaces) StdoutLine: {'line': b'-- Up-to-date: /home/sachin/rosbot-wifi-heatmap-sim/install/rosbot_interfaces/share/ament_index/resource_index/rust_packages/rosbot_interfaces\n'}
[0.585836] (rosbot_interfaces) StdoutLine: {'line': b'-- Up-to-date: /home/sachin/rosbot-wifi-heatmap-sim/install/rosbot_interfaces/share/rosbot_interfaces/rust\n'}
[0.586040] (rosbot_interfaces) StdoutLine: {'line': b'-- Up-to-date: /home/sachin/rosbot-wifi-heatmap-sim/install/rosbot_interfaces/share/rosbot_interfaces/rust/Cargo.toml\n'}
[0.586178] (rosbot_interfaces) StdoutLine: {'line': b'-- Up-to-date: /home/sachin/rosbot-wifi-heatmap-sim/install/rosbot_interfaces/share/rosbot_interfaces/rust/src\n'}
[0.586317] (rosbot_interfaces) StdoutLine: {'line': b'-- Up-to-date: /home/sachin/rosbot-wifi-heatmap-sim/install/rosbot_interfaces/share/rosbot_interfaces/rust/src/lib.rs\n'}
[0.586559] (rosbot_interfaces) StdoutLine: {'line': b'-- Up-to-date: /home/sachin/rosbot-wifi-heatmap-sim/install/rosbot_interfaces/share/rosbot_interfaces/rust/src/msg\n'}
[0.586759] (rosbot_interfaces) StdoutLine: {'line': b'-- Up-to-date: /home/sachin/rosbot-wifi-heatmap-sim/install/rosbot_interfaces/share/rosbot_interfaces/rust/src/msg/rmw.rs\n'}
[0.586898] (rosbot_interfaces) StdoutLine: {'line': b'-- Up-to-date: /home/sachin/rosbot-wifi-heatmap-sim/install/rosbot_interfaces/share/rosbot_interfaces/rust/src/msg.rs\n'}
[0.587041] (rosbot_interfaces) StdoutLine: {'line': b'-- Up-to-date: /home/sachin/rosbot-wifi-heatmap-sim/install/rosbot_interfaces/share/rosbot_interfaces/rust/build.rs\n'}
[0.587172] (rosbot_interfaces) StdoutLine: {'line': b'-- Up-to-date: /home/sachin/rosbot-wifi-heatmap-sim/install/rosbot_interfaces/share/rosbot_interfaces/msg/RssiAtWaypoint.idl\n'}
[0.587299] (rosbot_interfaces) StdoutLine: {'line': b'-- Up-to-date: /home/sachin/rosbot-wifi-heatmap-sim/install/rosbot_interfaces/share/rosbot_interfaces/msg/RssiAtWaypoint.msg\n'}
[0.587487] (rosbot_interfaces) StdoutLine: {'line': b'-- Up-to-date: /home/sachin/rosbot-wifi-heatmap-sim/install/rosbot_interfaces/share/ament_index/resource_index/package_run_dependencies/rosbot_interfaces\n'}
[0.587606] (rosbot_interfaces) StdoutLine: {'line': b'-- Up-to-date: /home/sachin/rosbot-wifi-heatmap-sim/install/rosbot_interfaces/share/ament_index/resource_index/parent_prefix_path/rosbot_interfaces\n'}
[0.587724] (rosbot_interfaces) StdoutLine: {'line': b'-- Up-to-date: /home/sachin/rosbot-wifi-heatmap-sim/install/rosbot_interfaces/share/rosbot_interfaces/environment/ament_prefix_path.sh\n'}
[0.587850] (rosbot_interfaces) StdoutLine: {'line': b'-- Up-to-date: /home/sachin/rosbot-wifi-heatmap-sim/install/rosbot_interfaces/share/rosbot_interfaces/environment/ament_prefix_path.dsv\n'}
[0.587967] (rosbot_interfaces) StdoutLine: {'line': b'-- Up-to-date: /home/sachin/rosbot-wifi-heatmap-sim/install/rosbot_interfaces/share/rosbot_interfaces/environment/path.sh\n'}
[0.588084] (rosbot_interfaces) StdoutLine: {'line': b'-- Up-to-date: /home/sachin/rosbot-wifi-heatmap-sim/install/rosbot_interfaces/share/rosbot_interfaces/environment/path.dsv\n'}
[0.588200] (rosbot_interfaces) StdoutLine: {'line': b'-- Up-to-date: /home/sachin/rosbot-wifi-heatmap-sim/install/rosbot_interfaces/share/rosbot_interfaces/local_setup.bash\n'}
[0.588325] (rosbot_interfaces) StdoutLine: {'line': b'-- Up-to-date: /home/sachin/rosbot-wifi-heatmap-sim/install/rosbot_interfaces/share/rosbot_interfaces/local_setup.sh\n'}
[0.588454] (rosbot_interfaces) StdoutLine: {'line': b'-- Up-to-date: /home/sachin/rosbot-wifi-heatmap-sim/install/rosbot_interfaces/share/rosbot_interfaces/local_setup.zsh\n'}
[0.588569] (rosbot_interfaces) StdoutLine: {'line': b'-- Up-to-date: /home/sachin/rosbot-wifi-heatmap-sim/install/rosbot_interfaces/share/rosbot_interfaces/local_setup.dsv\n'}
[0.588690] (rosbot_interfaces) StdoutLine: {'line': b'-- Installing: /home/sachin/rosbot-wifi-heatmap-sim/install/rosbot_interfaces/share/rosbot_interfaces/package.dsv\n'}
[0.588814] (rosbot_interfaces) StdoutLine: {'line': b'-- Up-to-date: /home/sachin/rosbot-wifi-heatmap-sim/install/rosbot_interfaces/share/ament_index/resource_index/packages/rosbot_interfaces\n'}
[0.588937] (rosbot_interfaces) StdoutLine: {'line': b'-- Up-to-date: /home/sachin/rosbot-wifi-heatmap-sim/install/rosbot_interfaces/share/rosbot_interfaces/cmake/export_rosbot_interfaces__rosidl_generator_cExport.cmake\n'}
[0.589061] (rosbot_interfaces) StdoutLine: {'line': b'-- Up-to-date: /home/sachin/rosbot-wifi-heatmap-sim/install/rosbot_interfaces/share/rosbot_interfaces/cmake/export_rosbot_interfaces__rosidl_generator_cExport-noconfig.cmake\n'}
[0.589186] (rosbot_interfaces) StdoutLine: {'line': b'-- Up-to-date: /home/sachin/rosbot-wifi-heatmap-sim/install/rosbot_interfaces/share/rosbot_interfaces/cmake/export_rosbot_interfaces__rosidl_typesupport_fastrtps_cExport.cmake\n'}
[0.589402] (rosbot_interfaces) StdoutLine: {'line': b'-- Up-to-date: /home/sachin/rosbot-wifi-heatmap-sim/install/rosbot_interfaces/share/rosbot_interfaces/cmake/export_rosbot_interfaces__rosidl_typesupport_fastrtps_cExport-noconfig.cmake\n'}
[0.589618] (rosbot_interfaces) StdoutLine: {'line': b'-- Up-to-date: /home/sachin/rosbot-wifi-heatmap-sim/install/rosbot_interfaces/share/rosbot_interfaces/cmake/export_rosbot_interfaces__rosidl_generator_cppExport.cmake\n'}
[0.589745] (rosbot_interfaces) StdoutLine: {'line': b'-- Up-to-date: /home/sachin/rosbot-wifi-heatmap-sim/install/rosbot_interfaces/share/rosbot_interfaces/cmake/export_rosbot_interfaces__rosidl_typesupport_fastrtps_cppExport.cmake\n'}
[0.589871] (rosbot_interfaces) StdoutLine: {'line': b'-- Up-to-date: /home/sachin/rosbot-wifi-heatmap-sim/install/rosbot_interfaces/share/rosbot_interfaces/cmake/export_rosbot_interfaces__rosidl_typesupport_fastrtps_cppExport-noconfig.cmake\n'}
[0.589998] (rosbot_interfaces) StdoutLine: {'line': b'-- Up-to-date: /home/sachin/rosbot-wifi-heatmap-sim/install/rosbot_interfaces/share/rosbot_interfaces/cmake/rosbot_interfaces__rosidl_typesupport_introspection_cExport.cmake\n'}
[0.590123] (rosbot_interfaces) StdoutLine: {'line': b'-- Up-to-date: /home/sachin/rosbot-wifi-heatmap-sim/install/rosbot_interfaces/share/rosbot_interfaces/cmake/rosbot_interfaces__rosidl_typesupport_introspection_cExport-noconfig.cmake\n'}
[0.590247] (rosbot_interfaces) StdoutLine: {'line': b'-- Up-to-date: /home/sachin/rosbot-wifi-heatmap-sim/install/rosbot_interfaces/share/rosbot_interfaces/cmake/rosbot_interfaces__rosidl_typesupport_cExport.cmake\n'}
[0.590510] (rosbot_interfaces) StdoutLine: {'line': b'-- Up-to-date: /home/sachin/rosbot-wifi-heatmap-sim/install/rosbot_interfaces/share/rosbot_interfaces/cmake/rosbot_interfaces__rosidl_typesupport_cExport-noconfig.cmake\n'}
[0.590809] (rosbot_interfaces) StdoutLine: {'line': b'-- Up-to-date: /home/sachin/rosbot-wifi-heatmap-sim/install/rosbot_interfaces/share/rosbot_interfaces/cmake/rosbot_interfaces__rosidl_typesupport_introspection_cppExport.cmake\n'}
[0.590941] (rosbot_interfaces) StdoutLine: {'line': b'-- Up-to-date: /home/sachin/rosbot-wifi-heatmap-sim/install/rosbot_interfaces/share/rosbot_interfaces/cmake/rosbot_interfaces__rosidl_typesupport_introspection_cppExport-noconfig.cmake\n'}
[0.591067] (rosbot_interfaces) StdoutLine: {'line': b'-- Up-to-date: /home/sachin/rosbot-wifi-heatmap-sim/install/rosbot_interfaces/share/rosbot_interfaces/cmake/rosbot_interfaces__rosidl_typesupport_cppExport.cmake\n'}
[0.591195] (rosbot_interfaces) StdoutLine: {'line': b'-- Up-to-date: /home/sachin/rosbot-wifi-heatmap-sim/install/rosbot_interfaces/share/rosbot_interfaces/cmake/rosbot_interfaces__rosidl_typesupport_cppExport-noconfig.cmake\n'}
[0.591332] (rosbot_interfaces) StdoutLine: {'line': b'-- Up-to-date: /home/sachin/rosbot-wifi-heatmap-sim/install/rosbot_interfaces/share/rosbot_interfaces/cmake/export_rosbot_interfaces__rosidl_generator_pyExport.cmake\n'}
[0.592063] (rosbot_interfaces) StdoutLine: {'line': b'-- Up-to-date: /home/sachin/rosbot-wifi-heatmap-sim/install/rosbot_interfaces/share/rosbot_interfaces/cmake/export_rosbot_interfaces__rosidl_generator_pyExport-noconfig.cmake\n'}
[0.592196] (rosbot_interfaces) StdoutLine: {'line': b'-- Up-to-date: /home/sachin/rosbot-wifi-heatmap-sim/install/rosbot_interfaces/share/rosbot_interfaces/cmake/rosidl_cmake-extras.cmake\n'}
[0.592330] (rosbot_interfaces) StdoutLine: {'line': b'-- Up-to-date: /home/sachin/rosbot-wifi-heatmap-sim/install/rosbot_interfaces/share/rosbot_interfaces/cmake/ament_cmake_export_dependencies-extras.cmake\n'}
[0.592716] (rosbot_interfaces) StdoutLine: {'line': b'-- Up-to-date: /home/sachin/rosbot-wifi-heatmap-sim/install/rosbot_interfaces/share/rosbot_interfaces/cmake/ament_cmake_export_include_directories-extras.cmake\n'}
[0.592849] (rosbot_interfaces) StdoutLine: {'line': b'-- Up-to-date: /home/sachin/rosbot-wifi-heatmap-sim/install/rosbot_interfaces/share/rosbot_interfaces/cmake/ament_cmake_export_libraries-extras.cmake\n'}
[0.592975] (rosbot_interfaces) StdoutLine: {'line': b'-- Up-to-date: /home/sachin/rosbot-wifi-heatmap-sim/install/rosbot_interfaces/share/rosbot_interfaces/cmake/ament_cmake_export_targets-extras.cmake\n'}
[0.593100] (rosbot_interfaces) StdoutLine: {'line': b'-- Up-to-date: /home/sachin/rosbot-wifi-heatmap-sim/install/rosbot_interfaces/share/rosbot_interfaces/cmake/rosidl_cmake_export_typesupport_targets-extras.cmake\n'}
[0.593225] (rosbot_interfaces) StdoutLine: {'line': b'-- Up-to-date: /home/sachin/rosbot-wifi-heatmap-sim/install/rosbot_interfaces/share/rosbot_interfaces/cmake/rosidl_cmake_export_typesupport_libraries-extras.cmake\n'}
[0.593363] (rosbot_interfaces) StdoutLine: {'line': b'-- Up-to-date: /home/sachin/rosbot-wifi-heatmap-sim/install/rosbot_interfaces/share/rosbot_interfaces/cmake/rosbot_interfacesConfig.cmake\n'}
[0.593499] (rosbot_interfaces) StdoutLine: {'line': b'-- Up-to-date: /home/sachin/rosbot-wifi-heatmap-sim/install/rosbot_interfaces/share/rosbot_interfaces/cmake/rosbot_interfacesConfig-version.cmake\n'}
[0.593622] (rosbot_interfaces) StdoutLine: {'line': b'-- Up-to-date: /home/sachin/rosbot-wifi-heatmap-sim/install/rosbot_interfaces/share/rosbot_interfaces/package.xml\n'}
[0.593749] (rosbot_interfaces) CommandEnded: {'returncode': 0}
[0.601265] (-) TimerEvent: {}
[0.622923] (rosbot_interfaces) JobEnded: {'identifier': 'rosbot_interfaces', 'rc': 0}
[0.623710] (nav2_read_rssi_at_waypoint) JobStarted: {'identifier': 'nav2_read_rssi_at_waypoint'}
[0.629792] (rssi_heatmap_generator_package) JobStarted: {'identifier': 'rssi_heatmap_generator_package'}
[0.641297] (nav2_read_rssi_at_waypoint) JobProgress: {'identifier': 'nav2_read_rssi_at_waypoint', 'progress': 'cmake'}
[0.642076] (nav2_read_rssi_at_waypoint) JobProgress: {'identifier': 'nav2_read_rssi_at_waypoint', 'progress': 'build'}
[0.642967] (nav2_read_rssi_at_waypoint) Command: {'cmd': ['/usr/bin/cmake', '--build', '/home/sachin/rosbot-wifi-heatmap-sim/build/nav2_read_rssi_at_waypoint', '--', '-j12', '-l12'], 'cwd': '/home/sachin/rosbot-wifi-heatmap-sim/build/nav2_read_rssi_at_waypoint', 'env': OrderedDict({'LESSOPEN': '| /usr/bin/lesspipe %s', 'GZ_SIM_RESOURCE_PATH': '/home/sachin/gazebo_models', 'USER': 'sachin', 'GZ_CONFIG_PATH': '/opt/ros/jazzy/opt/gz_sim_vendor/share/gz:/opt/ros/jazzy/opt/sdformat_vendor/share/gz:/opt/ros/jazzy/opt/gz_gui_vendor/share/gz:/opt/ros/jazzy/opt/gz_transport_vendor/share/gz:/opt/ros/jazzy/opt/gz_rendering_vendor/share/gz:/opt/ros/jazzy/opt/gz_plugin_vendor/share/gz:/opt/ros/jazzy/opt/gz_fuel_tools_vendor/share/gz:/opt/ros/jazzy/opt/gz_msgs_vendor/share/gz:/opt/ros/jazzy/opt/gz_common_vendor/share/gz', 'XDG_SESSION_TYPE': 'x11', 'CLUTTER_DISABLE_MIPMAPPED_TEXT': '1', 'SHLVL': '1', 'LD_LIBRARY_PATH': '/home/sachin/rosbot-wifi-heatmap-sim/install/rosbot_interfaces/lib:/opt/ros/jazzy/opt/gz_sim_vendor/lib:/opt/ros/jazzy/opt/gz_sensors_vendor/lib:/opt/ros/jazzy/opt/gz_physics_vendor/lib:/opt/ros/jazzy/opt/sdformat_vendor/lib:/opt/ros/jazzy/opt/rviz_ogre_vendor/lib:/opt/ros/jazzy/lib/x86_64-linux-gnu:/opt/ros/jazzy/opt/gz_gui_vendor/lib:/opt/ros/jazzy/opt/gz_transport_vendor/lib:/opt/ros/jazzy/opt/gz_rendering_vendor/lib:/opt/ros/jazzy/opt/gz_plugin_vendor/lib:/opt/ros/jazzy/opt/gz_fuel_tools_vendor/lib:/opt/ros/jazzy/opt/gz_msgs_vendor/lib:/opt/ros/jazzy/opt/gz_common_vendor/lib:/opt/ros/jazzy/opt/gz_math_vendor/lib:/opt/ros/jazzy/opt/gz_utils_vendor/lib:/opt/ros/jazzy/opt/gz_tools_vendor/lib:/opt/ros/jazzy/opt/gz_ogre_next_vendor/lib:/opt/ros/jazzy/opt/gz_dartsim_vendor/lib:/opt/ros/jazzy/opt/gz_cmake_vendor/lib:/opt/ros/jazzy/lib', 'HOME': '/home/sachin', 'DESKTOP_SESSION': 'ubuntu', 'ROS_PYTHON_VERSION': '3', 'GNOME_SHELL_SESSION_MODE': 'ubuntu', 'GTK_MODULES': 'gail:atk-bridge', 'PS1': '(.ros2_venv) \\[\\e]0;\\u@\\h: \\w\\a\\]${debian_chroot:+($debian_chroot)}\\[\\033[01;32m\\]\\u@\\h\\[\\033[00m\\]:\\[\\033[01;34m\\]\\w\\[\\033[00m\\]\\$', 'SYSTEMD_EXEC_PID': '2460', 'GSM_SKIP_SSH_AGENT_WORKAROUND': 'true', 'DBUS_SESSION_BUS_ADDRESS': 'unix:path=/run/user/1000/bus', 'COLORTERM': 'truecolor', 'DEBUGINFOD_URLS': 'https://debuginfod.ubuntu.com', 'ROS_DISTRO': 'jazzy', 'LOGNAME': 'sachin', '_': '/usr/bin/colcon', 'ROS_VERSION': '2', 'PIP_BREAK_SYSTEM_PACKAGES': '1', 'MEMORY_PRESSURE_WATCH': '/sys/fs/cgroup/user.slice/user-1000.slice/user@1000.service/session.slice/org.gnome.Shell@x11.service/memory.pressure', 'XDG_SESSION_CLASS': 'user', 'USERNAME': 'sachin', 'TERM': 'xterm-256color', 'GNOME_DESKTOP_SESSION_ID': 'this-is-deprecated', 'WINDOWPATH': '2', 'PATH': '/home/sachin/.ros2_venv/bin:/opt/ros/jazzy/opt/gz_msgs_vendor/bin:/opt/ros/jazzy/opt/gz_tools_vendor/bin:/opt/ros/jazzy/opt/gz_ogre_next_vendor/bin:/opt/ros/jazzy/bin:/usr/local/sbin:/usr/local/bin:/usr/sbin:/usr/bin:/sbin:/bin:/usr/games:/usr/local/games:/snap/bin:/snap/bin', 'SESSION_MANAGER': 'local/SK:@/tmp/.ICE-unix/2429,unix/SK:/tmp/.ICE-unix/2429', 'XDG_MENU_PREFIX': 'gnome-', 'GNOME_TERMINAL_SCREEN': '/org/gnome/Terminal/screen/a11948e8_ad81_4366_ab4e_8661490f3bf0', 'XDG_RUNTIME_DIR': '/run/user/1000', 'DISPLAY': ':1', 'LANG': 'en_US.UTF-8', 'XDG_CURRENT_DESKTOP': 'ubuntu:GNOME', 'VIRTUAL_ENV_PROMPT': '(.ros2_venv)', 'XMODIFIERS': '@im=ibus', 'XDG_SESSION_DESKTOP': 'ubuntu', 'XAUTHORITY': '/run/user/1000/gdm/Xauthority', 'LS_COLORS': 'rs=0:di=01;34:ln=01;36:mh=00:pi=40;33:so=01;35:do=01;35:bd=40;33;01:cd=40;33;01:or=40;31;01:mi=00:su=37;41:sg=30;43:ca=00:tw=30;42:ow=34;42:st=37;44:ex=01;32:*.tar=01;31:*.tgz=01;31:*.arc=01;31:*.arj=01;31:*.taz=01;31:*.lha=01;31:*.lz4=01;31:*.lzh=01;31:*.lzma=01;31:*.tlz=01;31:*.txz=01;31:*.tzo=01;31:*.t7z=01;31:*.zip=01;31:*.z=01;31:*.dz=01;31:*.gz=01;31:*.lrz=01;31:*.lz=01;31:*.lzo=01;31:*.xz=01;31:*.zst=01;31:*.tzst=01;31:*.bz2=01;31:*.bz=01;31:*.tbz=01;31:*.tbz2=01;31:*.tz=01;31:*.deb=01;31:*.rpm=01;31:*.jar=01;31:*.war=01;31:*.ear=01;31:*.sar=01;31:*.rar=01;31:*.alz=01;31:*.ace=01;31:*.zoo=01;31:*.cpio=01;31:*.7z=01;31:*.rz=01;31:*.cab=01;31:*.wim=01;31:*.swm=01;31:*.dwm=01;31:*.esd=01;31:*.avif=01;35:*.jpg=01;35:*.jpeg=01;35:*.mjpg=01;35:*.mjpeg=01;35:*.gif=01;35:*.bmp=01;35:*.pbm=01;35:*.pgm=01;35:*.ppm=01;35:*.tga=01;35:*.xbm=01;35:*.xpm=01;35:*.tif=01;35:*.tiff=01;35:*.png=01;35:*.svg=01;35:*.svgz=01;35:*.mng=01;35:*.pcx=01;35:*.mov=01;35:*.mpg=01;35:*.mpeg=01;35:*.m2v=01;35:*.mkv=01;35:*.webm=01;35:*.webp=01;35:*.ogm=01;35:*.mp4=01;35:*.m4v=01;35:*.mp4v=01;35:*.vob=01;35:*.qt=01;35:*.nuv=01;35:*.wmv=01;35:*.asf=01;35:*.rm=01;35:*.rmvb=01;35:*.flc=01;35:*.avi=01;35:*.fli=01;35:*.flv=01;35:*.gl=01;35:*.dl=01;35:*.xcf=01;35:*.xwd=01;35:*.yuv=01;35:*.cgm=01;35:*.emf=01;35:*.ogv=01;35:*.ogx=01;35:*.aac=00;36:*.au=00;36:*.flac=00;36:*.m4a=00;36:*.mid=00;36:*.midi=00;36:*.mka=00;36:*.mp3=00;36:*.mpc=00;36:*.ogg=00;36:*.ra=00;36:*.wav=00;36:*.oga=00;36:*.opus=00;36:*.spx=00;36:*.xspf=00;36:*~=00;90:*#=00;90:*.bak=00;90:*.crdownload=00;90:*.dpkg-dist=00;90:*.dpkg-new=00;90:*.dpkg-old=00;90:*.dpkg-tmp=00;90:*.old=00;90:*.orig=00;90:*.part=00;90:*.rej=00;90:*.rpmnew=00;90:*.rpmorig=00;90:*.rpmsave=00;90:*.swp=00;90:*.tmp=00;90:*.ucf-dist=00;90:*.ucf-new=00;90:*.ucf-old=00;90:', 'GNOME_TERMINAL_SERVICE': ':1.95', 'SSH_AUTH_SOCK': '/run/user/1000/keyring/ssh', 'ROS_DOMAIN_ID': '100', 'AMENT_PREFIX_PATH': '/home/sachin/rosbot-wifi-heatmap-sim/install/rosbot_interfaces:/opt/ros/jazzy', 'SHELL': '/bin/bash', 'QT_ACCESSIBILITY': '1', 'GDMSESSION': 'ubuntu', 'LESSCLOSE': '/usr/bin/lesspipe %s %s', 'GPG_AGENT_INFO': '/run/user/1000/gnupg/S.gpg-agent:0:1', 'VIRTUAL_ENV': '/home/sachin/.ros2_venv', 'ROS_AUTOMATIC_DISCOVERY_RANGE': 'SUBNET', 'QT_IM_MODULE': 'ibus', 'PWD': '/home/sachin/rosbot-wifi-heatmap-sim/build/nav2_read_rssi_at_waypoint', 'LC_ALL': 'en_US.UTF-8', 'XDG_CONFIG_DIRS': '/etc/xdg/xdg-ubuntu:/etc/xdg', 'XDG_DATA_DIRS': '/usr/share/ubuntu:/usr/share/gnome:/usr/local/share/:/usr/share/:/var/lib/snapd/desktop', 'PYTHONPATH': '/home/sachin/rosbot-wifi-heatmap-sim/install/rosbot_interfaces/lib/python3.12/site-packages:/opt/ros/jazzy/lib/python3.12/site-packages', 'COLCON': '1', 'MEMORY_PRESSURE_WRITE': 'c29tZSAyMDAwMDAgMjAwMDAwMAA=', 'VTE_VERSION': '7600', 'CMAKE_PREFIX_PATH': '/home/sachin/rosbot-wifi-heatmap-sim/install/rosbot_interfaces:/opt/ros/jazzy/opt/gz_sim_vendor:/opt/ros/jazzy/opt/gz_sensors_vendor:/opt/ros/jazzy/opt/gz_physics_vendor:/opt/ros/jazzy/opt/sdformat_vendor:/opt/ros/jazzy/opt/gz_gui_vendor:/opt/ros/jazzy/opt/gz_transport_vendor:/opt/ros/jazzy/opt/gz_rendering_vendor:/opt/ros/jazzy/opt/gz_plugin_vendor:/opt/ros/jazzy/opt/gz_fuel_tools_vendor:/opt/ros/jazzy/opt/gz_msgs_vendor:/opt/ros/jazzy/opt/gz_common_vendor:/opt/ros/jazzy/opt/gz_math_vendor:/opt/ros/jazzy/opt/gz_utils_vendor:/opt/ros/jazzy/opt/gz_tools_vendor:/opt/ros/jazzy/opt/gz_ogre_next_vendor:/opt/ros/jazzy/opt/gz_dartsim_vendor:/opt/ros/jazzy/opt/gz_cmake_vendor:/opt/ros/jazzy'}), 'shell': False}
[0.701510] (-) TimerEvent: {}
[0.730124] (nav2_read_rssi_at_waypoint) StdoutLine: {'line': b'[100%] Built target nav2_read_rssi_at_waypoint\n'}
[0.801656] (-) TimerEvent: {}
[0.901957] (nav2_read_rssi_at_waypoint) CommandEnded: {'returncode': 0}
[0.903183] (-) TimerEvent: {}
[0.903373] (nav2_read_rssi_at_waypoint) JobProgress: {'identifier': 'nav2_read_rssi_at_waypoint', 'progress': 'install'}
[0.903414] (nav2_read_rssi_at_waypoint) Command: {'cmd': ['/usr/bin/cmake', '--install', '/home/sachin/rosbot-wifi-heatmap-sim/build/nav2_read_rssi_at_waypoint'], 'cwd': '/home/sachin/rosbot-wifi-heatmap-sim/build/nav2_read_rssi_at_waypoint', 'env': OrderedDict({'LESSOPEN': '| /usr/bin/lesspipe %s', 'GZ_SIM_RESOURCE_PATH': '/home/sachin/gazebo_models', 'USER': 'sachin', 'GZ_CONFIG_PATH': '/opt/ros/jazzy/opt/gz_sim_vendor/share/gz:/opt/ros/jazzy/opt/sdformat_vendor/share/gz:/opt/ros/jazzy/opt/gz_gui_vendor/share/gz:/opt/ros/jazzy/opt/gz_transport_vendor/share/gz:/opt/ros/jazzy/opt/gz_rendering_vendor/share/gz:/opt/ros/jazzy/opt/gz_plugin_vendor/share/gz:/opt/ros/jazzy/opt/gz_fuel_tools_vendor/share/gz:/opt/ros/jazzy/opt/gz_msgs_vendor/share/gz:/opt/ros/jazzy/opt/gz_common_vendor/share/gz', 'XDG_SESSION_TYPE': 'x11', 'CLUTTER_DISABLE_MIPMAPPED_TEXT': '1', 'SHLVL': '1', 'LD_LIBRARY_PATH': '/home/sachin/rosbot-wifi-heatmap-sim/install/rosbot_interfaces/lib:/opt/ros/jazzy/opt/gz_sim_vendor/lib:/opt/ros/jazzy/opt/gz_sensors_vendor/lib:/opt/ros/jazzy/opt/gz_physics_vendor/lib:/opt/ros/jazzy/opt/sdformat_vendor/lib:/opt/ros/jazzy/opt/rviz_ogre_vendor/lib:/opt/ros/jazzy/lib/x86_64-linux-gnu:/opt/ros/jazzy/opt/gz_gui_vendor/lib:/opt/ros/jazzy/opt/gz_transport_vendor/lib:/opt/ros/jazzy/opt/gz_rendering_vendor/lib:/opt/ros/jazzy/opt/gz_plugin_vendor/lib:/opt/ros/jazzy/opt/gz_fuel_tools_vendor/lib:/opt/ros/jazzy/opt/gz_msgs_vendor/lib:/opt/ros/jazzy/opt/gz_common_vendor/lib:/opt/ros/jazzy/opt/gz_math_vendor/lib:/opt/ros/jazzy/opt/gz_utils_vendor/lib:/opt/ros/jazzy/opt/gz_tools_vendor/lib:/opt/ros/jazzy/opt/gz_ogre_next_vendor/lib:/opt/ros/jazzy/opt/gz_dartsim_vendor/lib:/opt/ros/jazzy/opt/gz_cmake_vendor/lib:/opt/ros/jazzy/lib', 'HOME': '/home/sachin', 'DESKTOP_SESSION': 'ubuntu', 'ROS_PYTHON_VERSION': '3', 'GNOME_SHELL_SESSION_MODE': 'ubuntu', 'GTK_MODULES': 'gail:atk-bridge', 'PS1': '(.ros2_venv) \\[\\e]0;\\u@\\h: \\w\\a\\]${debian_chroot:+($debian_chroot)}\\[\\033[01;32m\\]\\u@\\h\\[\\033[00m\\]:\\[\\033[01;34m\\]\\w\\[\\033[00m\\]\\$', 'SYSTEMD_EXEC_PID': '2460', 'GSM_SKIP_SSH_AGENT_WORKAROUND': 'true', 'DBUS_SESSION_BUS_ADDRESS': 'unix:path=/run/user/1000/bus', 'COLORTERM': 'truecolor', 'DEBUGINFOD_URLS': 'https://debuginfod.ubuntu.com', 'ROS_DISTRO': 'jazzy', 'LOGNAME': 'sachin', '_': '/usr/bin/colcon', 'ROS_VERSION': '2', 'PIP_BREAK_SYSTEM_PACKAGES': '1', 'MEMORY_PRESSURE_WATCH': '/sys/fs/cgroup/user.slice/user-1000.slice/user@1000.service/session.slice/org.gnome.Shell@x11.service/memory.pressure', 'XDG_SESSION_CLASS': 'user', 'USERNAME': 'sachin', 'TERM': 'xterm-256color', 'GNOME_DESKTOP_SESSION_ID': 'this-is-deprecated', 'WINDOWPATH': '2', 'PATH': '/home/sachin/.ros2_venv/bin:/opt/ros/jazzy/opt/gz_msgs_vendor/bin:/opt/ros/jazzy/opt/gz_tools_vendor/bin:/opt/ros/jazzy/opt/gz_ogre_next_vendor/bin:/opt/ros/jazzy/bin:/usr/local/sbin:/usr/local/bin:/usr/sbin:/usr/bin:/sbin:/bin:/usr/games:/usr/local/games:/snap/bin:/snap/bin', 'SESSION_MANAGER': 'local/SK:@/tmp/.ICE-unix/2429,unix/SK:/tmp/.ICE-unix/2429', 'XDG_MENU_PREFIX': 'gnome-', 'GNOME_TERMINAL_SCREEN': '/org/gnome/Terminal/screen/a11948e8_ad81_4366_ab4e_8661490f3bf0', 'XDG_RUNTIME_DIR': '/run/user/1000', 'DISPLAY': ':1', 'LANG': 'en_US.UTF-8', 'XDG_CURRENT_DESKTOP': 'ubuntu:GNOME', 'VIRTUAL_ENV_PROMPT': '(.ros2_venv)', 'XMODIFIERS': '@im=ibus', 'XDG_SESSION_DESKTOP': 'ubuntu', 'XAUTHORITY': '/run/user/1000/gdm/Xauthority', 'LS_COLORS': 'rs=0:di=01;34:ln=01;36:mh=00:pi=40;33:so=01;35:do=01;35:bd=40;33;01:cd=40;33;01:or=40;31;01:mi=00:su=37;41:sg=30;43:ca=00:tw=30;42:ow=34;42:st=37;44:ex=01;32:*.tar=01;31:*.tgz=01;31:*.arc=01;31:*.arj=01;31:*.taz=01;31:*.lha=01;31:*.lz4=01;31:*.lzh=01;31:*.lzma=01;31:*.tlz=01;31:*.txz=01;31:*.tzo=01;31:*.t7z=01;31:*.zip=01;31:*.z=01;31:*.dz=01;31:*.gz=01;31:*.lrz=01;31:*.lz=01;31:*.lzo=01;31:*.xz=01;31:*.zst=01;31:*.tzst=01;31:*.bz2=01;31:*.bz=01;31:*.tbz=01;31:*.tbz2=01;31:*.tz=01;31:*.deb=01;31:*.rpm=01;31:*.jar=01;31:*.war=01;31:*.ear=01;31:*.sar=01;31:*.rar=01;31:*.alz=01;31:*.ace=01;31:*.zoo=01;31:*.cpio=01;31:*.7z=01;31:*.rz=01;31:*.cab=01;31:*.wim=01;31:*.swm=01;31:*.dwm=01;31:*.esd=01;31:*.avif=01;35:*.jpg=01;35:*.jpeg=01;35:*.mjpg=01;35:*.mjpeg=01;35:*.gif=01;35:*.bmp=01;35:*.pbm=01;35:*.pgm=01;35:*.ppm=01;35:*.tga=01;35:*.xbm=01;35:*.xpm=01;35:*.tif=01;35:*.tiff=01;35:*.png=01;35:*.svg=01;35:*.svgz=01;35:*.mng=01;35:*.pcx=01;35:*.mov=01;35:*.mpg=01;35:*.mpeg=01;35:*.m2v=01;35:*.mkv=01;35:*.webm=01;35:*.webp=01;35:*.ogm=01;35:*.mp4=01;35:*.m4v=01;35:*.mp4v=01;35:*.vob=01;35:*.qt=01;35:*.nuv=01;35:*.wmv=01;35:*.asf=01;35:*.rm=01;35:*.rmvb=01;35:*.flc=01;35:*.avi=01;35:*.fli=01;35:*.flv=01;35:*.gl=01;35:*.dl=01;35:*.xcf=01;35:*.xwd=01;35:*.yuv=01;35:*.cgm=01;35:*.emf=01;35:*.ogv=01;35:*.ogx=01;35:*.aac=00;36:*.au=00;36:*.flac=00;36:*.m4a=00;36:*.mid=00;36:*.midi=00;36:*.mka=00;36:*.mp3=00;36:*.mpc=00;36:*.ogg=00;36:*.ra=00;36:*.wav=00;36:*.oga=00;36:*.opus=00;36:*.spx=00;36:*.xspf=00;36:*~=00;90:*#=00;90:*.bak=00;90:*.crdownload=00;90:*.dpkg-dist=00;90:*.dpkg-new=00;90:*.dpkg-old=00;90:*.dpkg-tmp=00;90:*.old=00;90:*.orig=00;90:*.part=00;90:*.rej=00;90:*.rpmnew=00;90:*.rpmorig=00;90:*.rpmsave=00;90:*.swp=00;90:*.tmp=00;90:*.ucf-dist=00;90:*.ucf-new=00;90:*.ucf-old=00;90:', 'GNOME_TERMINAL_SERVICE': ':1.95', 'SSH_AUTH_SOCK': '/run/user/1000/keyring/ssh', 'ROS_DOMAIN_ID': '100', 'AMENT_PREFIX_PATH': '/home/sachin/rosbot-wifi-heatmap-sim/install/rosbot_interfaces:/opt/ros/jazzy', 'SHELL': '/bin/bash', 'QT_ACCESSIBILITY': '1', 'GDMSESSION': 'ubuntu', 'LESSCLOSE': '/usr/bin/lesspipe %s %s', 'GPG_AGENT_INFO': '/run/user/1000/gnupg/S.gpg-agent:0:1', 'VIRTUAL_ENV': '/home/sachin/.ros2_venv', 'ROS_AUTOMATIC_DISCOVERY_RANGE': 'SUBNET', 'QT_IM_MODULE': 'ibus', 'PWD': '/home/sachin/rosbot-wifi-heatmap-sim/build/nav2_read_rssi_at_waypoint', 'LC_ALL': 'en_US.UTF-8', 'XDG_CONFIG_DIRS': '/etc/xdg/xdg-ubuntu:/etc/xdg', 'XDG_DATA_DIRS': '/usr/share/ubuntu:/usr/share/gnome:/usr/local/share/:/usr/share/:/var/lib/snapd/desktop', 'PYTHONPATH': '/home/sachin/rosbot-wifi-heatmap-sim/install/rosbot_interfaces/lib/python3.12/site-packages:/opt/ros/jazzy/lib/python3.12/site-packages', 'COLCON': '1', 'MEMORY_PRESSURE_WRITE': 'c29tZSAyMDAwMDAgMjAwMDAwMAA=', 'VTE_VERSION': '7600', 'CMAKE_PREFIX_PATH': '/home/sachin/rosbot-wifi-heatmap-sim/install/rosbot_interfaces:/opt/ros/jazzy/opt/gz_sim_vendor:/opt/ros/jazzy/opt/gz_sensors_vendor:/opt/ros/jazzy/opt/gz_physics_vendor:/opt/ros/jazzy/opt/sdformat_vendor:/opt/ros/jazzy/opt/gz_gui_vendor:/opt/ros/jazzy/opt/gz_transport_vendor:/opt/ros/jazzy/opt/gz_rendering_vendor:/opt/ros/jazzy/opt/gz_plugin_vendor:/opt/ros/jazzy/opt/gz_fuel_tools_vendor:/opt/ros/jazzy/opt/gz_msgs_vendor:/opt/ros/jazzy/opt/gz_common_vendor:/opt/ros/jazzy/opt/gz_math_vendor:/opt/ros/jazzy/opt/gz_utils_vendor:/opt/ros/jazzy/opt/gz_tools_vendor:/opt/ros/jazzy/opt/gz_ogre_next_vendor:/opt/ros/jazzy/opt/gz_dartsim_vendor:/opt/ros/jazzy/opt/gz_cmake_vendor:/opt/ros/jazzy'}), 'shell': False}
[0.912422] (nav2_read_rssi_at_waypoint) StdoutLine: {'line': b'-- Install configuration: ""\n'}
[0.912690] (nav2_read_rssi_at_waypoint) StdoutLine: {'line': b'-- Up-to-date: /home/sachin/rosbot-wifi-heatmap-sim/install/nav2_read_rssi_at_waypoint/share/nav2_read_rssi_at_waypoint/nav2_read_rssi_at_waypoint.xml\n'}
[0.912920] (nav2_read_rssi_at_waypoint) StdoutLine: {'line': b'-- Up-to-date: /home/sachin/rosbot-wifi-heatmap-sim/install/nav2_read_rssi_at_waypoint/lib/libnav2_read_rssi_at_waypoint.so\n'}
[0.913057] (nav2_read_rssi_at_waypoint) StdoutLine: {'line': b'-- Up-to-date: /home/sachin/rosbot-wifi-heatmap-sim/install/nav2_read_rssi_at_waypoint/include/\n'}
[0.913188] (nav2_read_rssi_at_waypoint) StdoutLine: {'line': b'-- Up-to-date: /home/sachin/rosbot-wifi-heatmap-sim/install/nav2_read_rssi_at_waypoint/include//nav2_read_rssi_at_waypoint\n'}
[0.913329] (nav2_read_rssi_at_waypoint) StdoutLine: {'line': b'-- Up-to-date: /home/sachin/rosbot-wifi-heatmap-sim/install/nav2_read_rssi_at_waypoint/include//nav2_read_rssi_at_waypoint/read_rssi_at_waypoint.hpp\n'}
[0.913701] (nav2_read_rssi_at_waypoint) StdoutLine: {'line': b'-- Up-to-date: /home/sachin/rosbot-wifi-heatmap-sim/install/nav2_read_rssi_at_waypoint/include//nav2_read_rssi_at_waypoint/simulated_rssi.hpp\n'}
[0.913858] (nav2_read_rssi_at_waypoint) StdoutLine: {'line': b'-- Up-to-date: /home/sachin/rosbot-wifi-heatmap-sim/install/nav2_read_rssi_at_waypoint/share/nav2_read_rssi_at_waypoint/nav2_read_rssi_at_waypoint.xml\n'}
[0.913996] (nav2_read_rssi_at_waypoint) StdoutLine: {'line': b'-- Up-to-date: /home/sachin/rosbot-wifi-heatmap-sim/install/nav2_read_rssi_at_waypoint/share/nav2_read_rssi_at_waypoint/environment/library_path.sh\n'}
[0.914136] (nav2_read_rssi_at_waypoint) StdoutLine: {'line': b'-- Up-to-date: /home/sachin/rosbot-wifi-heatmap-sim/install/nav2_read_rssi_at_waypoint/share/nav2_read_rssi_at_waypoint/environment/library_path.dsv\n'}
[0.914328] (nav2_read_rssi_at_waypoint) StdoutLine: {'line': b'-- Up-to-date: /home/sachin/rosbot-wifi-heatmap-sim/install/nav2_read_rssi_at_waypoint/share/ament_index/resource_index/package_run_dependencies/nav2_read_rssi_at_waypoint\n'}
[0.914494] (nav2_read_rssi_at_waypoint) StdoutLine: {'line': b'-- Up-to-date: /home/sachin/rosbot-wifi-heatmap-sim/install/nav2_read_rssi_at_waypoint/share/ament_index/resource_index/parent_prefix_path/nav2_read_rssi_at_waypoint\n'}
[0.914632] (nav2_read_rssi_at_waypoint) StdoutLine: {'line': b'-- Up-to-date: /home/sachin/rosbot-wifi-heatmap-sim/install/nav2_read_rssi_at_waypoint/share/nav2_read_rssi_at_waypoint/environment/ament_prefix_path.sh\n'}
[0.914760] (nav2_read_rssi_at_waypoint) StdoutLine: {'line': b'-- Up-to-date: /home/sachin/rosbot-wifi-heatmap-sim/install/nav2_read_rssi_at_waypoint/share/nav2_read_rssi_at_waypoint/environment/ament_prefix_path.dsv\n'}
[0.914891] (nav2_read_rssi_at_waypoint) StdoutLine: {'line': b'-- Up-to-date: /home/sachin/rosbot-wifi-heatmap-sim/install/nav2_read_rssi_at_waypoint/share/nav2_read_rssi_at_waypoint/environment/path.sh\n'}
[0.915025] (nav2_read_rssi_at_waypoint) StdoutLine: {'line': b'-- Up-to-date: /home/sachin/rosbot-wifi-heatmap-sim/install/nav2_read_rssi_at_waypoint/share/nav2_read_rssi_at_waypoint/environment/path.dsv\n'}
[0.915158] (nav2_read_rssi_at_waypoint) StdoutLine: {'line': b'-- Up-to-date: /home/sachin/rosbot-wifi-heatmap-sim/install/nav2_read_rssi_at_waypoint/share/nav2_read_rssi_at_waypoint/local_setup.bash\n'}
[0.915290] (nav2_read_rssi_at_waypoint) StdoutLine: {'line': b'-- Up-to-date: /home/sachin/rosbot-wifi-heatmap-sim/install/nav2_read_rssi_at_waypoint/share/nav2_read_rssi_at_waypoint/local_setup.sh\n'}
[0.915655] (nav2_read_rssi_at_waypoint) StdoutLine: {'line': b'-- Up-to-date: /home/sachin/rosbot-wifi-heatmap-sim/install/nav2_read_rssi_at_waypoint/share/nav2_read_rssi_at_waypoint/local_setup.zsh\n'}
[0.915930] (nav2_read_rssi_at_waypoint) StdoutLine: {'line': b'-- Up-to-date: /home/sachin/rosbot-wifi-heatmap-sim/install/nav2_read_rssi_at_waypoint/share/nav2_read_rssi_at_waypoint/local_setup.dsv\n'}
[0.916063] (nav2_read_rssi_at_waypoint) StdoutLine: {'line': b'-- Installing: /home/sachin/rosbot-wifi-heatmap-sim/install/nav2_read_rssi_at_waypoint/share/nav2_read_rssi_at_waypoint/package.dsv\n'}
[0.916193] (nav2_read_rssi_at_waypoint) StdoutLine: {'line': b'-- Up-to-date: /home/sachin/rosbot-wifi-heatmap-sim/install/nav2_read_rssi_at_waypoint/share/ament_index/resource_index/packages/nav2_read_rssi_at_waypoint\n'}
[0.916330] (nav2_read_rssi_at_waypoint) StdoutLine: {'line': b'-- Up-to-date: /home/sachin/rosbot-wifi-heatmap-sim/install/nav2_read_rssi_at_waypoint/share/ament_index/resource_index/nav2_waypoint_follower__pluginlib__plugin/nav2_read_rssi_at_waypoint\n'}
[0.917238] (nav2_read_rssi_at_waypoint) StdoutLine: {'line': b'-- Up-to-date: /home/sachin/rosbot-wifi-heatmap-sim/install/nav2_read_rssi_at_waypoint/share/nav2_read_rssi_at_waypoint/cmake/ament_cmake_export_include_directories-extras.cmake\n'}
[0.917546] (nav2_read_rssi_at_waypoint) StdoutLine: {'line': b'-- Up-to-date: /home/sachin/rosbot-wifi-heatmap-sim/install/nav2_read_rssi_at_waypoint/share/nav2_read_rssi_at_waypoint/cmake/ament_cmake_export_libraries-extras.cmake\n'}
[0.917731] (nav2_read_rssi_at_waypoint) StdoutLine: {'line': b'-- Up-to-date: /home/sachin/rosbot-wifi-heatmap-sim/install/nav2_read_rssi_at_waypoint/share/nav2_read_rssi_at_waypoint/cmake/ament_cmake_export_dependencies-extras.cmake\n'}
[0.917886] (nav2_read_rssi_at_waypoint) StdoutLine: {'line': b'-- Up-to-date: /home/sachin/rosbot-wifi-heatmap-sim/install/nav2_read_rssi_at_waypoint/share/nav2_read_rssi_at_waypoint/cmake/nav2_read_rssi_at_waypointConfig.cmake\n'}
[0.918029] (nav2_read_rssi_at_waypoint) StdoutLine: {'line': b'-- Up-to-date: /home/sachin/rosbot-wifi-heatmap-sim/install/nav2_read_rssi_at_waypoint/share/nav2_read_rssi_at_waypoint/cmake/nav2_read_rssi_at_waypointConfig-version.cmake\n'}
[0.918235] (nav2_read_rssi_at_waypoint) StdoutLine: {'line': b'-- Up-to-date: /home/sachin/rosbot-wifi-heatmap-sim/install/nav2_read_rssi_at_waypoint/share/nav2_read_rssi_at_waypoint/package.xml\n'}
[0.918693] (nav2_read_rssi_at_waypoint) CommandEnded: {'returncode': 0}
[0.934148] (nav2_read_rssi_at_waypoint) JobEnded: {'identifier': 'nav2_read_rssi_at_waypoint', 'rc': 0}
[1.003318] (-) TimerEvent: {}
[1.011315] (waypoint_publisher_package) Command: {'cmd': ['/usr/bin/python3', '-W', 'ignore:setup.py install is deprecated', '-W', 'ignore:easy_install command is deprecated', 'setup.py', 'egg_info', '--egg-base', '../../build/waypoint_publisher_package', 'build', '--build-base', '/home/sachin/rosbot-wifi-heatmap-sim/build/waypoint_publisher_package/build', 'install', '--record', '/home/sachin/rosbot-wifi-heatmap-sim/build/waypoint_publisher_package/install.log', '--single-version-externally-managed', 'install_data'], 'cwd': '/home/sachin/rosbot-wifi-heatmap-sim/src/waypoint_publisher_package', 'env': {'LESSOPEN': '| /usr/bin/lesspipe %s', 'GZ_SIM_RESOURCE_PATH': '/home/sachin/gazebo_models', 'USER': 'sachin', 'GZ_CONFIG_PATH': '/opt/ros/jazzy/opt/gz_sim_vendor/share/gz:/opt/ros/jazzy/opt/sdformat_vendor/share/gz:/opt/ros/jazzy/opt/gz_gui_vendor/share/gz:/opt/ros/jazzy/opt/gz_transport_vendor/share/gz:/opt/ros/jazzy/opt/gz_rendering_vendor/share/gz:/opt/ros/jazzy/opt/gz_plugin_vendor/share/gz:/opt/ros/jazzy/opt/gz_fuel_tools_vendor/share/gz:/opt/ros/jazzy/opt/gz_msgs_vendor/share/gz:/opt/ros/jazzy/opt/gz_common_vendor/share/gz', 'XDG_SESSION_TYPE': 'x11', 'CLUTTER_DISABLE_MIPMAPPED_TEXT': '1', 'SHLVL': '1', 'LD_LIBRARY_PATH': '/opt/ros/jazzy/opt/gz_sim_vendor/lib:/opt/ros/jazzy/opt/gz_sensors_vendor/lib:/opt/ros/jazzy/opt/gz_physics_vendor/lib:/opt/ros/jazzy/opt/sdformat_vendor/lib:/opt/ros/jazzy/opt/rviz_ogre_vendor/lib:/opt/ros/jazzy/lib/x86_64-linux-gnu:/opt/ros/jazzy/opt/gz_gui_vendor/lib:/opt/ros/jazzy/opt/gz_transport_vendor/lib:/opt/ros/jazzy/opt/gz_rendering_vendor/lib:/opt/ros/jazzy/opt/gz_plugin_vendor/lib:/opt/ros/jazzy/opt/gz_fuel_tools_vendor/lib:/opt/ros/jazzy/opt/gz_msgs_vendor/lib:/opt/ros/jazzy/opt/gz_common_vendor/lib:/opt/ros/jazzy/opt/gz_math_vendor/lib:/opt/ros/jazzy/opt/gz_utils_vendor/lib:/opt/ros/jazzy/opt/gz_tools_vendor/lib:/opt/ros/jazzy/opt/gz_ogre_next_vendor/lib:/opt/ros/jazzy/opt/gz_dartsim_vendor/lib:/opt/ros/jazzy/opt/gz_cmake_vendor/lib:/opt/ros/jazzy/lib', 'HOME': '/home/sachin', 'DESKTOP_SESSION': 'ubuntu', 'ROS_PYTHON_VERSION': '3', 'GNOME_SHELL_SESSION_MODE': 'ubuntu', 'GTK_MODULES': 'gail:atk-bridge', 'PS1': '(.ros2_venv) \\[\\e]0;\\u@\\h: \\w\\a\\]${debian_chroot:+($debian_chroot)}\\[\\033[01;32m\\]\\u@\\h\\[\\033[00m\\]:\\[\\033[01;34m\\]\\w\\[\\033[00m\\]\\$', 'SYSTEMD_EXEC_PID': '2460', 'GSM_SKIP_SSH_AGENT_WORKAROUND': 'true', 'DBUS_SESSION_BUS_ADDRESS': 'unix:path=/run/user/1000/bus', 'COLORTERM': 'truecolor', 'DEBUGINFOD_URLS': 'https://debuginfod.ubuntu.com', 'ROS_DISTRO': 'jazzy', 'LOGNAME': 'sachin', '_': '/usr/bin/colcon', 'ROS_VERSION': '2', 'PIP_BREAK_SYSTEM_PACKAGES': '1', 'MEMORY_PRESSURE_WATCH': '/sys/fs/cgroup/user.slice/user-1000.slice/user@1000.service/session.slice/org.gnome.Shell@x11.service/memory.pressure', 'XDG_SESSION_CLASS': 'user', 'USERNAME': 'sachin', 'TERM': 'xterm-256color', 'GNOME_DESKTOP_SESSION_ID': 'this-is-deprecated', 'WINDOWPATH': '2', 'PATH': '/home/sachin/.ros2_venv/bin:/opt/ros/jazzy/opt/gz_msgs_vendor/bin:/opt/ros/jazzy/opt/gz_tools_vendor/bin:/opt/ros/jazzy/opt/gz_ogre_next_vendor/bin:/opt/ros/jazzy/bin:/usr/local/sbin:/usr/local/bin:/usr/sbin:/usr/bin:/sbin:/bin:/usr/games:/usr/local/games:/snap/bin:/snap/bin', 'SESSION_MANAGER': 'local/SK:@/tmp/.ICE-unix/2429,unix/SK:/tmp/.ICE-unix/2429', 'XDG_MENU_PREFIX': 'gnome-', 'GNOME_TERMINAL_SCREEN': '/org/gnome/Terminal/screen/a11948e8_ad81_4366_ab4e_8661490f3bf0', 'XDG_RUNTIME_DIR': '/run/user/1000', 'DISPLAY': ':1', 'LANG': 'en_US.UTF-8', 'XDG_CURRENT_DESKTOP': 'ubuntu:GNOME', 'VIRTUAL_ENV_PROMPT': '(.ros2_venv)', 'XMODIFIERS': '@im=ibus', 'XDG_SESSION_DESKTOP': 'ubuntu', 'XAUTHORITY': '/run/user/1000/gdm/Xauthority', 'LS_COLORS': 'rs=0:di=01;34:ln=01;36:mh=00:pi=40;33:so=01;35:do=01;35:bd=40;33;01:cd=40;33;01:or=40;31;01:mi=00:su=37;41:sg=30;43:ca=00:tw=30;42:ow=34;42:st=37;44:ex=01;32:*.tar=01;31:*.tgz=01;31:*.arc=01;31:*.arj=01;31:*.taz=01;31:*.lha=01;31:*.lz4=01;31:*.lzh=01;31:*.lzma=01;31:*.tlz=01;31:*.txz=01;31:*.tzo=01;31:*.t7z=01;31:*.zip=01;31:*.z=01;31:*.dz=01;31:*.gz=01;31:*.lrz=01;31:*.lz=01;31:*.lzo=01;31:*.xz=01;31:*.zst=01;31:*.tzst=01;31:*.bz2=01;31:*.bz=01;31:*.tbz=01;31:*.tbz2=01;31:*.tz=01;31:*.deb=01;31:*.rpm=01;31:*.jar=01;31:*.war=01;31:*.ear=01;31:*.sar=01;31:*.rar=01;31:*.alz=01;31:*.ace=01;31:*.zoo=01;31:*.cpio=01;31:*.7z=01;31:*.rz=01;31:*.cab=01;31:*.wim=01;31:*.swm=01;31:*.dwm=01;31:*.esd=01;31:*.avif=01;35:*.jpg=01;35:*.jpeg=01;35:*.mjpg=01;35:*.mjpeg=01;35:*.gif=01;35:*.bmp=01;35:*.pbm=01;35:*.pgm=01;35:*.ppm=01;35:*.tga=01;35:*.xbm=01;35:*.xpm=01;35:*.tif=01;35:*.tiff=01;35:*.png=01;35:*.svg=01;35:*.svgz=01;35:*.mng=01;35:*.pcx=01;35:*.mov=01;35:*.mpg=01;35:*.mpeg=01;35:*.m2v=01;35:*.mkv=01;35:*.webm=01;35:*.webp=01;35:*.ogm=01;35:*.mp4=01;35:*.m4v=01;35:*.mp4v=01;35:*.vob=01;35:*.qt=01;35:*.nuv=01;35:*.wmv=01;35:*.asf=01;35:*.rm=01;35:*.rmvb=01;35:*.flc=01;35:*.avi=01;35:*.fli=01;35:*.flv=01;35:*.gl=01;35:*.dl=01;35:*.xcf=01;35:*.xwd=01;35:*.yuv=01;35:*.cgm=01;35:*.emf=01;35:*.ogv=01;35:*.ogx=01;35:*.aac=00;36:*.au=00;36:*.flac=00;36:*.m4a=00;36:*.mid=00;36:*.midi=00;36:*.mka=00;36:*.mp3=00;36:*.mpc=00;36:*.ogg=00;36:*.ra=00;36:*.wav=00;36:*.oga=00;36:*.opus=00;36:*.spx=00;36:*.xspf=00;36:*~=00;90:*#=00;90:*.bak=00;90:*.crdownload=00;90:*.dpkg-dist=00;90:*.dpkg-new=00;90:*.dpkg-old=00;90:*.dpkg-tmp=00;90:*.old=00;90:*.orig=00;90:*.part=00;90:*.rej=00;90:*.rpmnew=00;90:*.rpmorig=00;90:*.rpmsave=00;90:*.swp=00;90:*.tmp=00;90:*.ucf-dist=00;90:*.ucf-new=00;90:*.ucf-old=00;90:', 'GNOME_TERMINAL_SERVICE': ':1.95', 'SSH_AUTH_SOCK': '/run/user/1000/keyring/ssh', 'ROS_DOMAIN_ID': '100', 'AMENT_PREFIX_PATH': '/opt/ros/jazzy', 'SHELL': '/bin/bash', 'QT_ACCESSIBILITY': '1', 'GDMSESSION': 'ubuntu', 'LESSCLOSE': '/usr/bin/lesspipe %s %s', 'GPG_AGENT_INFO': '/run/user/1000/gnupg/S.gpg-agent:0:1', 'VIRTUAL_ENV': '/home/sachin/.ros2_venv', 'ROS_AUTOMATIC_DISCOVERY_RANGE': 'SUBNET', 'QT_IM_MODULE': 'ibus', 'PWD': '/home/sachin/rosbot-wifi-heatmap-sim/build/waypoint_publisher_package', 'LC_ALL': 'en_US.UTF-8', 'XDG_CONFIG_DIRS': '/etc/xdg/xdg-ubuntu:/etc/xdg', 'XDG_DATA_DIRS': '/usr/share/ubuntu:/usr/share/gnome:/usr/local/share/:/usr/share/:/var/lib/snapd/desktop', 'PYTHONPATH': '/home/sachin/rosbot-wifi-heatmap-sim/build/waypoint_publisher_package/prefix_override:/usr/lib/python3/dist-packages/colcon_core/task/python/colcon_distutils_commands:/home/sachin/rosbot-wifi-heatmap-sim/install/waypoint_publisher_package/lib/python3.12/site-packages:/opt/ros/jazzy/lib/python3.12/site-packages', 'COLCON': '1', 'MEMORY_PRESSURE_WRITE': 'c29tZSAyMDAwMDAgMjAwMDAwMAA=', 'VTE_VERSION': '7600', 'CMAKE_PREFIX_PATH': '/opt/ros/jazzy/opt/gz_sim_vendor:/opt/ros/jazzy/opt/gz_sensors_vendor:/opt/ros/jazzy/opt/gz_physics_vendor:/opt/ros/jazzy/opt/sdformat_vendor:/opt/ros/jazzy/opt/gz_gui_vendor:/opt/ros/jazzy/opt/gz_transport_vendor:/opt/ros/jazzy/opt/gz_rendering_vendor:/opt/ros/jazzy/opt/gz_plugin_vendor:/opt/ros/jazzy/opt/gz_fuel_tools_vendor:/opt/ros/jazzy/opt/gz_msgs_vendor:/opt/ros/jazzy/opt/gz_common_vendor:/opt/ros/jazzy/opt/gz_math_vendor:/opt/ros/jazzy/opt/gz_utils_vendor:/opt/ros/jazzy/opt/gz_tools_vendor:/opt/ros/jazzy/opt/gz_ogre_next_vendor:/opt/ros/jazzy/opt/gz_dartsim_vendor:/opt/ros/jazzy/opt/gz_cmake_vendor'}, 'shell': False}
[1.103542] (-) TimerEvent: {}
[1.203849] (-) TimerEvent: {}
[1.304216] (-) TimerEvent: {}
[1.323665] (waypoint_publisher_package) StdoutLine: {'line': b'running egg_info\n'}
[1.346465] (waypoint_publisher_package) StdoutLine: {'line': b'writing ../../build/waypoint_publisher_package/waypoint_publisher_package.egg-info/PKG-INFO\n'}
[1.346958] (waypoint_publisher_package) StdoutLine: {'line': b'writing dependency_links to ../../build/waypoint_publisher_package/waypoint_publisher_package.egg-info/dependency_links.txt\n'}
[1.347191] (waypoint_publisher_package) StdoutLine: {'line': b'writing entry points to ../../build/waypoint_publisher_package/waypoint_publisher_package.egg-info/entry_points.txt\n'}
[1.347366] (waypoint_publisher_package) StdoutLine: {'line': b'writing requirements to ../../build/waypoint_publisher_package/waypoint_publisher_package.egg-info/requires.txt\n'}
[1.347632] (waypoint_publisher_package) StdoutLine: {'line': b'writing top-level names to ../../build/waypoint_publisher_package/waypoint_publisher_package.egg-info/top_level.txt\n'}
[1.391828] (waypoint_publisher_package) StdoutLine: {'line': b"reading manifest file '../../build/waypoint_publisher_package/waypoint_publisher_package.egg-info/SOURCES.txt'\n"}
[1.392794] (waypoint_publisher_package) StdoutLine: {'line': b"writing manifest file '../../build/waypoint_publisher_package/waypoint_publisher_package.egg-info/SOURCES.txt'\n"}
[1.393329] (waypoint_publisher_package) StdoutLine: {'line': b'running build\n'}
[1.393510] (waypoint_publisher_package) StdoutLine: {'line': b'running build_py\n'}
[1.393641] (waypoint_publisher_package) StdoutLine: {'line': b'running install\n'}
[1.400805] (waypoint_publisher_package) StdoutLine: {'line': b'running install_lib\n'}
[1.404425] (-) TimerEvent: {}
[1.424588] (waypoint_publisher_package) StdoutLine: {'line': b'running install_data\n'}
[1.424847] (waypoint_publisher_package) StdoutLine: {'line': b'running install_egg_info\n'}
[1.449346] (waypoint_publisher_package) StdoutLine: {'line': b"removing '/home/sachin/rosbot-wifi-heatmap-sim/install/waypoint_publisher_package/lib/python3.12/site-packages/waypoint_publisher_package-1.0.0-py3.12.egg-info' (and everything under it)\n"}
[1.449766] (waypoint_publisher_package) StdoutLine: {'line': b'Copying ../../build/waypoint_publisher_package/waypoint_publisher_package.egg-info to /home/sachin/rosbot-wifi-heatmap-sim/install/waypoint_publisher_package/lib/python3.12/site-packages/waypoint_publisher_package-1.0.0-py3.12.egg-info\n'}
[1.450346] (waypoint_publisher_package) StdoutLine: {'line': b'running install_scripts\n'}
[1.504648] (-) TimerEvent: {}
[1.598130] (rssi_heatmap_generator_package) Command: {'cmd': ['/usr/bin/python3', '-W', 'ignore:setup.py install is deprecated', '-W', 'ignore:easy_install command is deprecated', 'setup.py', 'egg_info', '--egg-base', '../../build/rssi_heatmap_generator_package', 'build', '--build-base', '/home/sachin/rosbot-wifi-heatmap-sim/build/rssi_heatmap_generator_package/build', 'install', '--record', '/home/sachin/rosbot-wifi-heatmap-sim/build/rssi_heatmap_generator_package/install.log', '--single-version-externally-managed', 'install_data'], 'cwd': '/home/sachin/rosbot-wifi-heatmap-sim/src/rssi_heatmap_generator_package', 'env': {'LESSOPEN': '| /usr/bin/lesspipe %s', 'GZ_SIM_RESOURCE_PATH': '/home/sachin/gazebo_models', 'USER': 'sachin', 'GZ_CONFIG_PATH': '/opt/ros/jazzy/opt/gz_sim_vendor/share/gz:/opt/ros/jazzy/opt/sdformat_vendor/share/gz:/opt/ros/jazzy/opt/gz_gui_vendor/share/gz:/opt/ros/jazzy/opt/gz_transport_vendor/share/gz:/opt/ros/jazzy/opt/gz_rendering_vendor/share/gz:/opt/ros/jazzy/opt/gz_plugin_vendor/share/gz:/opt/ros/jazzy/opt/gz_fuel_tools_vendor/share/gz:/opt/ros/jazzy/opt/gz_msgs_vendor/share/gz:/opt/ros/jazzy/opt/gz_common_vendor/share/gz', 'XDG_SESSION_TYPE': 'x11', 'CLUTTER_DISABLE_MIPMAPPED_TEXT': '1', 'SHLVL': '1', 'LD_LIBRARY_PATH': '/home/sachin/rosbot-wifi-heatmap-sim/install/rosbot_interfaces/lib:/opt/ros/jazzy/opt/gz_sim_vendor/lib:/opt/ros/jazzy/opt/gz_sensors_vendor/lib:/opt/ros/jazzy/opt/gz_physics_vendor/lib:/opt/ros/jazzy/opt/sdformat_vendor/lib:/opt/ros/jazzy/opt/rviz_ogre_vendor/lib:/opt/ros/jazzy/lib/x86_64-linux-gnu:/opt/ros/jazzy/opt/gz_gui_vendor/lib:/opt/ros/jazzy/opt/gz_transport_vendor/lib:/opt/ros/jazzy/opt/gz_rendering_vendor/lib:/opt/ros/jazzy/opt/gz_plugin_vendor/lib:/opt/ros/jazzy/opt/gz_fuel_tools_vendor/lib:/opt/ros/jazzy/opt/gz_msgs_vendor/lib:/opt/ros/jazzy/opt/gz_common_vendor/lib:/opt/ros/jazzy/opt/gz_math_vendor/lib:/opt/ros/jazzy/opt/gz_utils_vendor/lib:/opt/ros/jazzy/opt/gz_tools_vendor/lib:/opt/ros/jazzy/opt/gz_ogre_next_vendor/lib:/opt/ros/jazzy/opt/gz_dartsim_vendor/lib:/opt/ros/jazzy/opt/gz_cmake_vendor/lib:/opt/ros/jazzy/lib', 'HOME': '/home/sachin', 'DESKTOP_SESSION': 'ubuntu', 'ROS_PYTHON_VERSION': '3', 'GNOME_SHELL_SESSION_MODE': 'ubuntu', 'GTK_MODULES': 'gail:atk-bridge', 'PS1': '(.ros2_venv) \\[\\e]0;\\u@\\h: \\w\\a\\]${debian_chroot:+($debian_chroot)}\\[\\033[01;32m\\]\\u@\\h\\[\\033[00m\\]:\\[\\033[01;34m\\]\\w\\[\\033[00m\\]\\$', 'SYSTEMD_EXEC_PID': '2460', 'GSM_SKIP_SSH_AGENT_WORKAROUND': 'true', 'DBUS_SESSION_BUS_ADDRESS': 'unix:path=/run/user/1000/bus', 'COLORTERM': 'truecolor', 'DEBUGINFOD_URLS': 'https://debuginfod.ubuntu.com', 'ROS_DISTRO': 'jazzy', 'LOGNAME': 'sachin', '_': '/usr/bin/colcon', 'ROS_VERSION': '2', 'PIP_BREAK_SYSTEM_PACKAGES': '1', 'MEMORY_PRESSURE_WATCH': '/sys/fs/cgroup/user.slice/user-1000.slice/user@1000.service/session.slice/org.gnome.Shell@x11.service/memory.pressure', 'XDG_SESSION_CLASS': 'user', 'USERNAME': 'sachin', 'TERM': 'xterm-256color', 'GNOME_DESKTOP_SESSION_ID': 'this-is-deprecated', 'WINDOWPATH': '2', 'PATH': '/home/sachin/.ros2_venv/bin:/opt/ros/jazzy/opt/gz_msgs_vendor/bin:/opt/ros/jazzy/opt/gz_tools_vendor/bin:/opt/ros/jazzy/opt/gz_ogre_next_vendor/bin:/opt/ros/jazzy/bin:/usr/local/sbin:/usr/local/bin:/usr/sbin:/usr/bin:/sbin:/bin:/usr/games:/usr/local/games:/snap/bin:/snap/bin', 'SESSION_MANAGER': 'local/SK:@/tmp/.ICE-unix/2429,unix/SK:/tmp/.ICE-unix/2429', 'XDG_MENU_PREFIX': 'gnome-', 'GNOME_TERMINAL_SCREEN': '/org/gnome/Terminal/screen/a11948e8_ad81_4366_ab4e_8661490f3bf0', 'XDG_RUNTIME_DIR': '/run/user/1000', 'DISPLAY': ':1', 'LANG': 'en_US.UTF-8', 'XDG_CURRENT_DESKTOP': 'ubuntu:GNOME', 'VIRTUAL_ENV_PROMPT': '(.ros2_venv)', 'XMODIFIERS': '@im=ibus', 'XDG_SESSION_DESKTOP': 'ubuntu', 'XAUTHORITY': '/run/user/1000/gdm/Xauthority', 'LS_COLORS': 'rs=0:di=01;34:ln=01;36:mh=00:pi=40;33:so=01;35:do=01;35:bd=40;33;01:cd=40;33;01:or=40;31;01:mi=00:su=37;41:sg=30;43:ca=00:tw=30;42:ow=34;42:st=37;44:ex=01;32:*.tar=01;31:*.tgz=01;31:*.arc=01;31:*.arj=01;31:*.taz=01;31:*.lha=01;31:*.lz4=01;31:*.lzh=01;31:*.lzma=01;31:*.tlz=01;31:*.txz=01;31:*.tzo=01;31:*.t7z=01;31:*.zip=01;31:*.z=01;31:*.dz=01;31:*.gz=01;31:*.lrz=01;31:*.lz=01;31:*.lzo=01;31:*.xz=01;31:*.zst=01;31:*.tzst=01;31:*.bz2=01;31:*.bz=01;31:*.tbz=01;31:*.tbz2=01;31:*.tz=01;31:*.deb=01;31:*.rpm=01;31:*.jar=01;31:*.war=01;31:*.ear=01;31:*.sar=01;31:*.rar=01;31:*.alz=01;31:*.ace=01;31:*.zoo=01;31:*.cpio=01;31:*.7z=01;31:*.rz=01;31:*.cab=01;31:*.wim=01;31:*.swm=01;31:*.dwm=01;31:*.esd=01;31:*.avif=01;35:*.jpg=01;35:*.jpeg=01;35:*.mjpg=01;35:*.mjpeg=01;35:*.gif=01;35:*.bmp=01;35:*.pbm=01;35:*.pgm=01;35:*.ppm=01;35:*.tga=01;35:*.xbm=01;35:*.xpm=01;35:*.tif=01;35:*.tiff=01;35:*.png=01;35:*.svg=01;35:*.svgz=01;35:*.mng=01;35:*.pcx=01;35:*.mov=01;35:*.mpg=01;35:*.mpeg=01;35:*.m2v=01;35:*.mkv=01;35:*.webm=01;35:*.webp=01;35:*.ogm=01;35:*.mp4=01;35:*.m4v=01;35:*.mp4v=01;35:*.vob=01;35:*.qt=01;35:*.nuv=01;35:*.wmv=01;35:*.asf=01;35:*.rm=01;35:*.rmvb=01;35:*.flc=01;35:*.avi=01;35:*.fli=01;35:*.flv=01;35:*.gl=01;35:*.dl=01;35:*.xcf=01;35:*.xwd=01;35:*.yuv=01;35:*.cgm=01;35:*.emf=01;35:*.ogv=01;35:*.ogx=01;35:*.aac=00;36:*.au=00;36:*.flac=00;36:*.m4a=00;36:*.mid=00;36:*.midi=00;36:*.mka=00;36:*.mp3=00;36:*.mpc=00;36:*.ogg=00;36:*.ra=00;36:*.wav=00;36:*.oga=00;36:*.opus=00;36:*.spx=00;36:*.xspf=00;36:*~=00;90:*#=00;90:*.bak=00;90:*.crdownload=00;90:*.dpkg-dist=00;90:*.dpkg-new=00;90:*.dpkg-old=00;90:*.dpkg-tmp=00;90:*.old=00;90:*.orig=00;90:*.part=00;90:*.rej=00;90:*.rpmnew=00;90:*.rpmorig=00;90:*.rpmsave=00;90:*.swp=00;90:*.tmp=00;90:*.ucf-dist=00;90:*.ucf-new=00;90:*.ucf-old=00;90:', 'GNOME_TERMINAL_SERVICE': ':1.95', 'SSH_AUTH_SOCK': '/run/user/1000/keyring/ssh', 'ROS_DOMAIN_ID': '100', 'AMENT_PREFIX_PATH': '/home/sachin/rosbot-wifi-heatmap-sim/install/rosbot_interfaces:/opt/ros/jazzy', 'SHELL': '/bin/bash', 'QT_ACCESSIBILITY': '1', 'GDMSESSION': 'ubuntu', 'LESSCLOSE': '/usr/bin/lesspipe %s %s', 'GPG_AGENT_INFO': '/run/user/1000/gnupg/S.gpg-agent:0:1', 'VIRTUAL_ENV': '/home/sachin/.ros2_venv', 'ROS_AUTOMATIC_DISCOVERY_RANGE': 'SUBNET', 'QT_IM_MODULE': 'ibus', 'PWD': '/home/sachin/rosbot-wifi-heatmap-sim/build/rssi_heatmap_generator_package', 'LC_ALL': 'en_US.UTF-8', 'XDG_CONFIG_DIRS': '/etc/xdg/xdg-ubuntu:/etc/xdg', 'XDG_DATA_DIRS': '/usr/share/ubuntu:/usr/share/gnome:/usr/local/share/:/usr/share/:/var/lib/snapd/desktop', 'PYTHONPATH': '/home/sachin/rosbot-wifi-heatmap-sim/build/rssi_heatmap_generator_package/prefix_override:/usr/lib/python3/dist-packages/colcon_core/task/python/colcon_distutils_commands:/home/sachin/rosbot-wifi-heatmap-sim/install/rssi_heatmap_generator_package/lib/python3.12/site-packages:/home/sachin/rosbot-wifi-heatmap-sim/install/rosbot_interfaces/lib/python3.12/site-packages:/opt/ros/jazzy/lib/python3.12/site-packages', 'COLCON': '1', 'MEMORY_PRESSURE_WRITE': 'c29tZSAyMDAwMDAgMjAwMDAwMAA=', 'VTE_VERSION': '7600', 'CMAKE_PREFIX_PATH': '/home/sachin/rosbot-wifi-heatmap-sim/install/rosbot_interfaces:/opt/ros/jazzy/opt/gz_sim_vendor:/opt/ros/jazzy/opt/gz_sensors_vendor:/opt/ros/jazzy/opt/gz_physics_vendor:/opt/ros/jazzy/opt/sdformat_vendor:/opt/ros/jazzy/opt/gz_gui_vendor:/opt/ros/jazzy/opt/gz_transport_vendor:/opt/ros/jazzy/opt/gz_rendering_vendor:/opt/ros/jazzy/opt/gz_plugin_vendor:/opt/ros/jazzy/opt/gz_fuel_tools_vendor:/opt/ros/jazzy/opt/gz_msgs_vendor:/opt/ros/jazzy/opt/gz_common_vendor:/opt/ros/jazzy/opt/gz_math_vendor:/opt/ros/jazzy/opt/gz_utils_vendor:/opt/ros/jazzy/opt/gz_tools_vendor:/opt/ros/jazzy/opt/gz_ogre_next_vendor:/opt/ros/jazzy/opt/gz_dartsim_vendor:/opt/ros/jazzy/opt/gz_cmake_vendor'}, 'shell': False}
[1.604568] (waypoint_publisher_package) StdoutLine: {'line': b'Installing node script to /home/sachin/rosbot-wifi-heatmap-sim/install/waypoint_publisher_package/lib/waypoint_publisher_package\n'}
[1.604728] (-) TimerEvent: {}
[1.604960] (waypoint_publisher_package) StdoutLine: {'line': b"writing list of installed files to '/home/sachin/rosbot-wifi-heatmap-sim/build/waypoint_publisher_package/install.log'\n"}
[1.641708] (waypoint_publisher_package) CommandEnded: {'returncode': 0}
[1.649006] (waypoint_publisher_package) JobEnded: {'identifier': 'waypoint_publisher_package', 'rc': 0}
[1.704967] (-) TimerEvent: {}
[1.805380] (-) TimerEvent: {}
[1.905779] (-) TimerEvent: {}
[1.915967] (rssi_heatmap_generator_package) StdoutLine: {'line': b'running egg_info\n'}
[1.939127] (rssi_heatmap_generator_package) StdoutLine: {'line': b'writing ../../build/rssi_heatmap_generator_package/rssi_heatmap_generator_package.egg-info/PKG-INFO\n'}
[1.939553] (rssi_heatmap_generator_package) StdoutLine: {'line': b'writing dependency_links to ../../build/rssi_heatmap_generator_package/rssi_heatmap_generator_package.egg-info/dependency_links.txt\n'}
[1.939718] (rssi_heatmap_generator_package) StdoutLine: {'line': b'writing entry points to ../../build/rssi_heatmap_generator_package/rssi_heatmap_generator_package.egg-info/entry_points.txt\n'}
[1.939955] (rssi_heatmap_generator_package) StdoutLine: {'line': b'writing requirements to ../../build/rssi_heatmap_generator_package/rssi_heatmap_generator_package.egg-info/requires.txt\n'}
[1.940130] (rssi_heatmap_generator_package) StdoutLine: {'line': b'writing top-level names to ../../build/rssi_heatmap_generator_package/rssi_heatmap_generator_package.egg-info/top_level.txt\n'}
[1.985205] (rssi_heatmap_generator_package) StdoutLine: {'line': b"reading manifest file '../../build/rssi_heatmap_generator_package/rssi_heatmap_generator_package.egg-info/SOURCES.txt'\n"}
[1.986286] (rssi_heatmap_generator_package) StdoutLine: {'line': b"writing manifest file '../../build/rssi_heatmap_generator_package/rssi_heatmap_generator_package.egg-info/SOURCES.txt'\n"}
[1.986524] (rssi_heatmap_generator_package) StdoutLine: {'line': b'running build\n'}
[1.986594] (rssi_heatmap_generator_package) StdoutLine: {'line': b'running build_py\n'}
[1.987042] (rssi_heatmap_generator_package) StdoutLine: {'line': b'running install\n'}
[1.994676] (rssi_heatmap_generator_package) StdoutLine: {'line': b'running install_lib\n'}
[2.005957] (-) TimerEvent: {}
[2.018389] (rssi_heatmap_generator_package) StdoutLine: {'line': b'running install_data\n'}
[2.018644] (rssi_heatmap_generator_package) StdoutLine: {'line': b'running install_egg_info\n'}
[2.042412] (rssi_heatmap_generator_package) StdoutLine: {'line': b"removing '/home/sachin/rosbot-wifi-heatmap-sim/install/rssi_heatmap_generator_package/lib/python3.12/site-packages/rssi_heatmap_generator_package-1.0.0-py3.12.egg-info' (and everything under it)\n"}
[2.042825] (rssi_heatmap_generator_package) StdoutLine: {'line': b'Copying ../../build/rssi_heatmap_generator_package/rssi_heatmap_generator_package.egg-info to /home/sachin/rosbot-wifi-heatmap-sim/install/rssi_heatmap_generator_package/lib/python3.12/site-packages/rssi_heatmap_generator_package-1.0.0-py3.12.egg-info\n'}
[2.043558] (rssi_heatmap_generator_package) StdoutLine: {'line': b'running install_scripts\n'}
[2.106158] (-) TimerEvent: {}
[2.195669] (rssi_heatmap_generator_package) StdoutLine: {'line': b'Installing node script to /home/sachin/rosbot-wifi-heatmap-sim/install/rssi_heatmap_generator_package/lib/rssi_heatmap_generator_package\n'}
[2.196154] (rssi_heatmap_generator_package) StdoutLine: {'line': b"writing list of installed files to '/home/sachin/rosbot-wifi-heatmap-sim/build/rssi_heatmap_generator_package/install.log'\n"}
[2.206380] (-) TimerEvent: {}
[2.234947] (rssi_heatmap_generator_package) CommandEnded: {'returncode': 0}
[2.243120] (rssi_heatmap_generator_package) JobEnded: {'identifier': 'rssi_heatmap_generator_package', 'rc': 0}
[2.243843] (mappers_bringup) JobStarted: {'identifier': 'mappers_bringup'}
[2.267357] (mappers_bringup) JobProgress: {'identifier': 'mappers_bringup', 'progress': 'cmake'}
[2.269163] (mappers_bringup) JobProgress: {'identifier': 'mappers_bringup', 'progress': 'build'}
[2.269240] (mappers_bringup) Command: {'cmd': ['/usr/bin/cmake', '--build', '/home/sachin/rosbot-wifi-heatmap-sim/build/mappers_bringup', '--', '-j12', '-l12'], 'cwd': '/home/sachin/rosbot-wifi-heatmap-sim/build/mappers_bringup', 'env': OrderedDict({'LESSOPEN': '| /usr/bin/lesspipe %s', 'GZ_SIM_RESOURCE_PATH': '/home/sachin/gazebo_models', 'USER': 'sachin', 'GZ_CONFIG_PATH': '/opt/ros/jazzy/opt/gz_sim_vendor/share/gz:/opt/ros/jazzy/opt/sdformat_vendor/share/gz:/opt/ros/jazzy/opt/gz_gui_vendor/share/gz:/opt/ros/jazzy/opt/gz_transport_vendor/share/gz:/opt/ros/jazzy/opt/gz_rendering_vendor/share/gz:/opt/ros/jazzy/opt/gz_plugin_vendor/share/gz:/opt/ros/jazzy/opt/gz_fuel_tools_vendor/share/gz:/opt/ros/jazzy/opt/gz_msgs_vendor/share/gz:/opt/ros/jazzy/opt/gz_common_vendor/share/gz', 'XDG_SESSION_TYPE': 'x11', 'CLUTTER_DISABLE_MIPMAPPED_TEXT': '1', 'SHLVL': '1', 'LD_LIBRARY_PATH': '/home/sachin/rosbot-wifi-heatmap-sim/install/nav2_read_rssi_at_waypoint/lib:/home/sachin/rosbot-wifi-heatmap-sim/install/rosbot_interfaces/lib:/opt/ros/jazzy/opt/gz_sim_vendor/lib:/opt/ros/jazzy/opt/gz_sensors_vendor/lib:/opt/ros/jazzy/opt/gz_physics_vendor/lib:/opt/ros/jazzy/opt/sdformat_vendor/lib:/opt/ros/jazzy/opt/rviz_ogre_vendor/lib:/opt/ros/jazzy/lib/x86_64-linux-gnu:/opt/ros/jazzy/opt/gz_gui_vendor/lib:/opt/ros/jazzy/opt/gz_transport_vendor/lib:/opt/ros/jazzy/opt/gz_rendering_vendor/lib:/opt/ros/jazzy/opt/gz_plugin_vendor/lib:/opt/ros/jazzy/opt/gz_fuel_tools_vendor/lib:/opt/ros/jazzy/opt/gz_msgs_vendor/lib:/opt/ros/jazzy/opt/gz_common_vendor/lib:/opt/ros/jazzy/opt/gz_math_vendor/lib:/opt/ros/jazzy/opt/gz_utils_vendor/lib:/opt/ros/jazzy/opt/gz_tools_vendor/lib:/opt/ros/jazzy/opt/gz_ogre_next_vendor/lib:/opt/ros/jazzy/opt/gz_dartsim_vendor/lib:/opt/ros/jazzy/opt/gz_cmake_vendor/lib:/opt/ros/jazzy/lib', 'HOME': '/home/sachin', 'DESKTOP_SESSION': 'ubuntu', 'ROS_PYTHON_VERSION': '3', 'GNOME_SHELL_SESSION_MODE': 'ubuntu', 'GTK_MODULES': 'gail:atk-bridge', 'PS1': '(.ros2_venv) \\[\\e]0;\\u@\\h: \\w\\a\\]${debian_chroot:+($debian_chroot)}\\[\\033[01;32m\\]\\u@\\h\\[\\033[00m\\]:\\[\\033[01;34m\\]\\w\\[\\033[00m\\]\\$', 'SYSTEMD_EXEC_PID': '2460', 'GSM_SKIP_SSH_AGENT_WORKAROUND': 'true', 'DBUS_SESSION_BUS_ADDRESS': 'unix:path=/run/user/1000/bus', 'COLORTERM': 'truecolor', 'DEBUGINFOD_URLS': 'https://debuginfod.ubuntu.com', 'ROS_DISTRO': 'jazzy', 'LOGNAME': 'sachin', '_': '/usr/bin/colcon', 'ROS_VERSION': '2', 'PIP_BREAK_SYSTEM_PACKAGES': '1', 'MEMORY_PRESSURE_WATCH': '/sys/fs/cgroup/user.slice/user-1000.slice/user@1000.service/session.slice/org.gnome.Shell@x11.service/memory.pressure', 'XDG_SESSION_CLASS': 'user', 'USERNAME': 'sachin', 'TERM': 'xterm-256color', 'GNOME_DESKTOP_SESSION_ID': 'this-is-deprecated', 'WINDOWPATH': '2', 'PATH': '/home/sachin/.ros2_venv/bin:/opt/ros/jazzy/opt/gz_msgs_vendor/bin:/opt/ros/jazzy/opt/gz_tools_vendor/bin:/opt/ros/jazzy/opt/gz_ogre_next_vendor/bin:/opt/ros/jazzy/bin:/usr/local/sbin:/usr/local/bin:/usr/sbin:/usr/bin:/sbin:/bin:/usr/games:/usr/local/games:/snap/bin:/snap/bin', 'SESSION_MANAGER': 'local/SK:@/tmp/.ICE-unix/2429,unix/SK:/tmp/.ICE-unix/2429', 'XDG_MENU_PREFIX': 'gnome-', 'GNOME_TERMINAL_SCREEN': '/org/gnome/Terminal/screen/a11948e8_ad81_4366_ab4e_8661490f3bf0', 'XDG_RUNTIME_DIR': '/run/user/1000', 'DISPLAY': ':1', 'LANG': 'en_US.UTF-8', 'XDG_CURRENT_DESKTOP': 'ubuntu:GNOME', 'VIRTUAL_ENV_PROMPT': '(.ros2_venv)', 'XMODIFIERS': '@im=ibus', 'XDG_SESSION_DESKTOP': 'ubuntu', 'XAUTHORITY': '/run/user/1000/gdm/Xauthority', 'LS_COLORS': 'rs=0:di=01;34:ln=01;36:mh=00:pi=40;33:so=01;35:do=01;35:bd=40;33;01:cd=40;33;01:or=40;31;01:mi=00:su=37;41:sg=30;43:ca=00:tw=30;42:ow=34;42:st=37;44:ex=01;32:*.tar=01;31:*.tgz=01;31:*.arc=01;31:*.arj=01;31:*.taz=01;31:*.lha=01;31:*.lz4=01;31:*.lzh=01;31:*.lzma=01;31:*.tlz=01;31:*.txz=01;31:*.tzo=01;31:*.t7z=01;31:*.zip=01;31:*.z=01;31:*.dz=01;31:*.gz=01;31:*.lrz=01;31:*.lz=01;31:*.lzo=01;31:*.xz=01;31:*.zst=01;31:*.tzst=01;31:*.bz2=01;31:*.bz=01;31:*.tbz=01;31:*.tbz2=01;31:*.tz=01;31:*.deb=01;31:*.rpm=01;31:*.jar=01;31:*.war=01;31:*.ear=01;31:*.sar=01;31:*.rar=01;31:*.alz=01;31:*.ace=01;31:*.zoo=01;31:*.cpio=01;31:*.7z=01;31:*.rz=01;31:*.cab=01;31:*.wim=01;31:*.swm=01;31:*.dwm=01;31:*.esd=01;31:*.avif=01;35:*.jpg=01;35:*.jpeg=01;35:*.mjpg=01;35:*.mjpeg=01;35:*.gif=01;35:*.bmp=01;35:*.pbm=01;35:*.pgm=01;35:*.ppm=01;35:*.tga=01;35:*.xbm=01;35:*.xpm=01;35:*.tif=01;35:*.tiff=01;35:*.png=01;35:*.svg=01;35:*.svgz=01;35:*.mng=01;35:*.pcx=01;35:*.mov=01;35:*.mpg=01;35:*.mpeg=01;35:*.m2v=01;35:*.mkv=01;35:*.webm=01;35:*.webp=01;35:*.ogm=01;35:*.mp4=01;35:*.m4v=01;35:*.mp4v=01;35:*.vob=01;35:*.qt=01;35:*.nuv=01;35:*.wmv=01;35:*.asf=01;35:*.rm=01;35:*.rmvb=01;35:*.flc=01;35:*.avi=01;35:*.fli=01;35:*.flv=01;35:*.gl=01;35:*.dl=01;35:*.xcf=01;35:*.xwd=01;35:*.yuv=01;35:*.cgm=01;35:*.emf=01;35:*.ogv=01;35:*.ogx=01;35:*.aac=00;36:*.au=00;36:*.flac=00;36:*.m4a=00;36:*.mid=00;36:*.midi=00;36:*.mka=00;36:*.mp3=00;36:*.mpc=00;36:*.ogg=00;36:*.ra=00;36:*.wav=00;36:*.oga=00;36:*.opus=00;36:*.spx=00;36:*.xspf=00;36:*~=00;90:*#=00;90:*.bak=00;90:*.crdownload=00;90:*.dpkg-dist=00;90:*.dpkg-new=00;90:*.dpkg-old=00;90:*.dpkg-tmp=00;90:*.old=00;90:*.orig=00;90:*.part=00;90:*.rej=00;90:*.rpmnew=00;90:*.rpmorig=00;90:*.rpmsave=00;90:*.swp=00;90:*.tmp=00;90:*.ucf-dist=00;90:*.ucf-new=00;90:*.ucf-old=00;90:', 'GNOME_TERMINAL_SERVICE': ':1.95', 'SSH_AUTH_SOCK': '/run/user/1000/keyring/ssh', 'ROS_DOMAIN_ID': '100', 'AMENT_PREFIX_PATH': '/home/sachin/rosbot-wifi-heatmap-sim/install/rssi_heatmap_generator_package:/home/sachin/rosbot-wifi-heatmap-sim/install/nav2_read_rssi_at_waypoint:/home/sachin/rosbot-wifi-heatmap-sim/install/waypoint_publisher_package:/home/sachin/rosbot-wifi-heatmap-sim/install/rosbot_interfaces:/opt/ros/jazzy', 'SHELL': '/bin/bash', 'QT_ACCESSIBILITY': '1', 'GDMSESSION': 'ubuntu', 'LESSCLOSE': '/usr/bin/lesspipe %s %s', 'GPG_AGENT_INFO': '/run/user/1000/gnupg/S.gpg-agent:0:1', 'VIRTUAL_ENV': '/home/sachin/.ros2_venv', 'ROS_AUTOMATIC_DISCOVERY_RANGE': 'SUBNET', 'QT_IM_MODULE': 'ibus', 'PWD': '/home/sachin/rosbot-wifi-heatmap-sim/build/mappers_bringup', 'LC_ALL': 'en_US.UTF-8', 'XDG_CONFIG_DIRS': '/etc/xdg/xdg-ubuntu:/etc/xdg', 'XDG_DATA_DIRS': '/usr/share/ubuntu:/usr/share/gnome:/usr/local/share/:/usr/share/:/var/lib/snapd/desktop', 'PYTHONPATH': '/home/sachin/rosbot-wifi-heatmap-sim/install/rssi_heatmap_generator_package/lib/python3.12/site-packages:/home/sachin/rosbot-wifi-heatmap-sim/install/waypoint_publisher_package/lib/python3.12/site-packages:/home/sachin/rosbot-wifi-heatmap-sim/install/rosbot_interfaces/lib/python3.12/site-packages:/opt/ros/jazzy/lib/python3.12/site-packages', 'COLCON': '1', 'MEMORY_PRESSURE_WRITE': 'c29tZSAyMDAwMDAgMjAwMDAwMAA=', 'VTE_VERSION': '7600', 'CMAKE_PREFIX_PATH': '/home/sachin/rosbot-wifi-heatmap-sim/install/nav2_read_rssi_at_waypoint:/home/sachin/rosbot-wifi-heatmap-sim/install/rosbot_interfaces:/opt/ros/jazzy/opt/gz_sim_vendor:/opt/ros/jazzy/opt/gz_sensors_vendor:/opt/ros/jazzy/opt/gz_physics_vendor:/opt/ros/jazzy/opt/sdformat_vendor:/opt/ros/jazzy/opt/gz_gui_vendor:/opt/ros/jazzy/opt/gz_transport_vendor:/opt/ros/jazzy/opt/gz_rendering_vendor:/opt/ros/jazzy/opt/gz_plugin_vendor:/opt/ros/jazzy/opt/gz_fuel_tools_vendor:/opt/ros/jazzy/opt/gz_msgs_vendor:/opt/ros/jazzy/opt/gz_common_vendor:/opt/ros/jazzy/opt/gz_math_vendor:/opt/ros/jazzy/opt/gz_utils_vendor:/opt/ros/jazzy/opt/gz_tools_vendor:/opt/ros/jazzy/opt/gz_ogre_next_vendor:/opt/ros/jazzy/opt/gz_dartsim_vendor:/opt/ros/jazzy/opt/gz_cmake_vendor:/opt/ros/jazzy'}), 'shell': False}
[2.306497] (-) TimerEvent: {}
[2.339950] (mappers_bringup) CommandEnded: {'returncode': 0}
[2.341557] (mappers_bringup) JobProgress: {'identifier': 'mappers_bringup', 'progress': 'install'}
[2.341623] (mappers_bringup) Command: {'cmd': ['/usr/bin/cmake', '--install', '/home/sachin/rosbot-wifi-heatmap-sim/build/mappers_bringup'], 'cwd': '/home/sachin/rosbot-wifi-heatmap-sim/build/mappers_bringup', 'env': OrderedDict({'LESSOPEN': '| /usr/bin/lesspipe %s', 'GZ_SIM_RESOURCE_PATH': '/home/sachin/gazebo_models', 'USER': 'sachin', 'GZ_CONFIG_PATH': '/opt/ros/jazzy/opt/gz_sim_vendor/share/gz:/opt/ros/jazzy/opt/sdformat_vendor/share/gz:/opt/ros/jazzy/opt/gz_gui_vendor/share/gz:/opt/ros/jazzy/opt/gz_transport_vendor/share/gz:/opt/ros/jazzy/opt/gz_rendering_vendor/share/gz:/opt/ros/jazzy/opt/gz_plugin_vendor/share/gz:/opt/ros/jazzy/opt/gz_fuel_tools_vendor/share/gz:/opt/ros/jazzy/opt/gz_msgs_vendor/share/gz:/opt/ros/jazzy/opt/gz_common_vendor/share/gz', 'XDG_SESSION_TYPE': 'x11', 'CLUTTER_DISABLE_MIPMAPPED_TEXT': '1', 'SHLVL': '1', 'LD_LIBRARY_PATH': '/home/sachin/rosbot-wifi-heatmap-sim/install/nav2_read_rssi_at_waypoint/lib:/home/sachin/rosbot-wifi-heatmap-sim/install/rosbot_interfaces/lib:/opt/ros/jazzy/opt/gz_sim_vendor/lib:/opt/ros/jazzy/opt/gz_sensors_vendor/lib:/opt/ros/jazzy/opt/gz_physics_vendor/lib:/opt/ros/jazzy/opt/sdformat_vendor/lib:/opt/ros/jazzy/opt/rviz_ogre_vendor/lib:/opt/ros/jazzy/lib/x86_64-linux-gnu:/opt/ros/jazzy/opt/gz_gui_vendor/lib:/opt/ros/jazzy/opt/gz_transport_vendor/lib:/opt/ros/jazzy/opt/gz_rendering_vendor/lib:/opt/ros/jazzy/opt/gz_plugin_vendor/lib:/opt/ros/jazzy/opt/gz_fuel_tools_vendor/lib:/opt/ros/jazzy/opt/gz_msgs_vendor/lib:/opt/ros/jazzy/opt/gz_common_vendor/lib:/opt/ros/jazzy/opt/gz_math_vendor/lib:/opt/ros/jazzy/opt/gz_utils_vendor/lib:/opt/ros/jazzy/opt/gz_tools_vendor/lib:/opt/ros/jazzy/opt/gz_ogre_next_vendor/lib:/opt/ros/jazzy/opt/gz_dartsim_vendor/lib:/opt/ros/jazzy/opt/gz_cmake_vendor/lib:/opt/ros/jazzy/lib', 'HOME': '/home/sachin', 'DESKTOP_SESSION': 'ubuntu', 'ROS_PYTHON_VERSION': '3', 'GNOME_SHELL_SESSION_MODE': 'ubuntu', 'GTK_MODULES': 'gail:atk-bridge', 'PS1': '(.ros2_venv) \\[\\e]0;\\u@\\h: \\w\\a\\]${debian_chroot:+($debian_chroot)}\\[\\033[01;32m\\]\\u@\\h\\[\\033[00m\\]:\\[\\033[01;34m\\]\\w\\[\\033[00m\\]\\$', 'SYSTEMD_EXEC_PID': '2460', 'GSM_SKIP_SSH_AGENT_WORKAROUND': 'true', 'DBUS_SESSION_BUS_ADDRESS': 'unix:path=/run/user/1000/bus', 'COLORTERM': 'truecolor', 'DEBUGINFOD_URLS': 'https://debuginfod.ubuntu.com', 'ROS_DISTRO': 'jazzy', 'LOGNAME': 'sachin', '_': '/usr/bin/colcon', 'ROS_VERSION': '2', 'PIP_BREAK_SYSTEM_PACKAGES': '1', 'MEMORY_PRESSURE_WATCH': '/sys/fs/cgroup/user.slice/user-1000.slice/user@1000.service/session.slice/org.gnome.Shell@x11.service/memory.pressure', 'XDG_SESSION_CLASS': 'user', 'USERNAME': 'sachin', 'TERM': 'xterm-256color', 'GNOME_DESKTOP_SESSION_ID': 'this-is-deprecated', 'WINDOWPATH': '2', 'PATH': '/home/sachin/.ros2_venv/bin:/opt/ros/jazzy/opt/gz_msgs_vendor/bin:/opt/ros/jazzy/opt/gz_tools_vendor/bin:/opt/ros/jazzy/opt/gz_ogre_next_vendor/bin:/opt/ros/jazzy/bin:/usr/local/sbin:/usr/local/bin:/usr/sbin:/usr/bin:/sbin:/bin:/usr/games:/usr/local/games:/snap/bin:/snap/bin', 'SESSION_MANAGER': 'local/SK:@/tmp/.ICE-unix/2429,unix/SK:/tmp/.ICE-unix/2429', 'XDG_MENU_PREFIX': 'gnome-', 'GNOME_TERMINAL_SCREEN': '/org/gnome/Terminal/screen/a11948e8_ad81_4366_ab4e_8661490f3bf0', 'XDG_RUNTIME_DIR': '/run/user/1000', 'DISPLAY': ':1', 'LANG': 'en_US.UTF-8', 'XDG_CURRENT_DESKTOP': 'ubuntu:GNOME', 'VIRTUAL_ENV_PROMPT': '(.ros2_venv)', 'XMODIFIERS': '@im=ibus', 'XDG_SESSION_DESKTOP': 'ubuntu', 'XAUTHORITY': '/run/user/1000/gdm/Xauthority', 'LS_COLORS': 'rs=0:di=01;34:ln=01;36:mh=00:pi=40;33:so=01;35:do=01;35:bd=40;33;01:cd=40;33;01:or=40;31;01:mi=00:su=37;41:sg=30;43:ca=00:tw=30;42:ow=34;42:st=37;44:ex=01;32:*.tar=01;31:*.tgz=01;31:*.arc=01;31:*.arj=01;31:*.taz=01;31:*.lha=01;31:*.lz4=01;31:*.lzh=01;31:*.lzma=01;31:*.tlz=01;31:*.txz=01;31:*.tzo=01;31:*.t7z=01;31:*.zip=01;31:*.z=01;31:*.dz=01;31:*.gz=01;31:*.lrz=01;31:*.lz=01;31:*.lzo=01;31:*.xz=01;31:*.zst=01;31:*.tzst=01;31:*.bz2=01;31:*.bz=01;31:*.tbz=01;31:*.tbz2=01;31:*.tz=01;31:*.deb=01;31:*.rpm=01;31:*.jar=01;31:*.war=01;31:*.ear=01;31:*.sar=01;31:*.rar=01;31:*.alz=01;31:*.ace=01;31:*.zoo=01;31:*.cpio=01;31:*.7z=01;31:*.rz=01;31:*.cab=01;31:*.wim=01;31:*.swm=01;31:*.dwm=01;31:*.esd=01;31:*.avif=01;35:*.jpg=01;35:*.jpeg=01;35:*.mjpg=01;35:*.mjpeg=01;35:*.gif=01;35:*.bmp=01;35:*.pbm=01;35:*.pgm=01;35:*.ppm=01;35:*.tga=01;35:*.xbm=01;35:*.xpm=01;35:*.tif=01;35:*.tiff=01;35:*.png=01;35:*.svg=01;35:*.svgz=01;35:*.mng=01;35:*.pcx=01;35:*.mov=01;35:*.mpg=01;35:*.mpeg=01;35:*.m2v=01;35:*.mkv=01;35:*.webm=01;35:*.webp=01;35:*.ogm=01;35:*.mp4=01;35:*.m4v=01;35:*.mp4v=01;35:*.vob=01;35:*.qt=01;35:*.nuv=01;35:*.wmv=01;35:*.asf=01;35:*.rm=01;35:*.rmvb=01;35:*.flc=01;35:*.avi=01;35:*.fli=01;35:*.flv=01;35:*.gl=01;35:*.dl=01;35:*.xcf=01;35:*.xwd=01;35:*.yuv=01;35:*.cgm=01;35:*.emf=01;35:*.ogv=01;35:*.ogx=01;35:*.aac=00;36:*.au=00;36:*.flac=00;36:*.m4a=00;36:*.mid=00;36:*.midi=00;36:*.mka=00;36:*.mp3=00;36:*.mpc=00;36:*.ogg=00;36:*.ra=00;36:*.wav=00;36:*.oga=00;36:*.opus=00;36:*.spx=00;36:*.xspf=00;36:*~=00;90:*#=00;90:*.bak=00;90:*.crdownload=00;90:*.dpkg-dist=00;90:*.dpkg-new=00;90:*.dpkg-old=00;90:*.dpkg-tmp=00;90:*.old=00;90:*.orig=00;90:*.part=00;90:*.rej=00;90:*.rpmnew=00;90:*.rpmorig=00;90:*.rpmsave=00;90:*.swp=00;90:*.tmp=00;90:*.ucf-dist=00;90:*.ucf-new=00;90:*.ucf-old=00;90:', 'GNOME_TERMINAL_SERVICE': ':1.95', 'SSH_AUTH_SOCK': '/run/user/1000/keyring/ssh', 'ROS_DOMAIN_ID': '100', 'AMENT_PREFIX_PATH': '/home/sachin/rosbot-wifi-heatmap-sim/install/rssi_heatmap_generator_package:/home/sachin/rosbot-wifi-heatmap-sim/install/nav2_read_rssi_at_waypoint:/home/sachin/rosbot-wifi-heatmap-sim/install/waypoint_publisher_package:/home/sachin/rosbot-wifi-heatmap-sim/install/rosbot_interfaces:/opt/ros/jazzy', 'SHELL': '/bin/bash', 'QT_ACCESSIBILITY': '1', 'GDMSESSION': 'ubuntu', 'LESSCLOSE': '/usr/bin/lesspipe %s %s', 'GPG_AGENT_INFO': '/run/user/1000/gnupg/S.gpg-agent:0:1', 'VIRTUAL_ENV': '/home/sachin/.ros2_venv', 'ROS_AUTOMATIC_DISCOVERY_RANGE': 'SUBNET', 'QT_IM_MODULE': 'ibus', 'PWD': '/home/sachin/rosbot-wifi-heatmap-sim/build/mappers_bringup', 'LC_ALL': 'en_US.UTF-8', 'XDG_CONFIG_DIRS': '/etc/xdg/xdg-ubuntu:/etc/xdg', 'XDG_DATA_DIRS': '/usr/share/ubuntu:/usr/share/gnome:/usr/local/share/:/usr/share/:/var/lib/snapd/desktop', 'PYTHONPATH': '/home/sachin/rosbot-wifi-heatmap-sim/install/rssi_heatmap_generator_package/lib/python3.12/site-packages:/home/sachin/rosbot-wifi-heatmap-sim/install/waypoint_publisher_package/lib/python3.12/site-packages:/home/sachin/rosbot-wifi-heatmap-sim/install/rosbot_interfaces/lib/python3.12/site-packages:/opt/ros/jazzy/lib/python3.12/site-packages', 'COLCON': '1', 'MEMORY_PRESSURE_WRITE': 'c29tZSAyMDAwMDAgMjAwMDAwMAA=', 'VTE_VERSION': '7600', 'CMAKE_PREFIX_PATH': '/home/sachin/rosbot-wifi-heatmap-sim/install/nav2_read_rssi_at_waypoint:/home/sachin/rosbot-wifi-heatmap-sim/install/rosbot_interfaces:/opt/ros/jazzy/opt/gz_sim_vendor:/opt/ros/jazzy/opt/gz_sensors_vendor:/opt/ros/jazzy/opt/gz_physics_vendor:/opt/ros/jazzy/opt/sdformat_vendor:/opt/ros/jazzy/opt/gz_gui_vendor:/opt/ros/jazzy/opt/gz_transport_vendor:/opt/ros/jazzy/opt/gz_rendering_vendor:/opt/ros/jazzy/opt/gz_plugin_vendor:/opt/ros/jazzy/opt/gz_fuel_tools_vendor:/opt/ros/jazzy/opt/gz_msgs_vendor:/opt/ros/jazzy/opt/gz_common_vendor:/opt/ros/jazzy/opt/gz_math_vendor:/opt/ros/jazzy/opt/gz_utils_vendor:/opt/ros/jazzy/opt/gz_tools_vendor:/opt/ros/jazzy/opt/gz_ogre_next_vendor:/opt/ros/jazzy/opt/gz_dartsim_vendor:/opt/ros/jazzy/opt/gz_cmake_vendor:/opt/ros/jazzy'}), 'shell': False}
[2.352882] (mappers_bringup) StdoutLine: {'line': b'-- Install configuration: ""\n'}
[2.353239] (mappers_bringup) StdoutLine: {'line': b'-- Up-to-date: /home/sachin/rosbot-wifi-heatmap-sim/install/mappers_bringup/share/mappers_bringup/launch\n'}
[2.353472] (mappers_bringup) StdoutLine: {'line': b'-- Up-to-date: /home/sachin/rosbot-wifi-heatmap-sim/install/mappers_bringup/share/mappers_bringup/launch/mappers.launch.py\n'}
[2.353667] (mappers_bringup) StdoutLine: {'line': b'-- Up-to-date: /home/sachin/rosbot-wifi-heatmap-sim/install/mappers_bringup/share/mappers_bringup/launch/sim_nav2_slam.launch.py\n'}
[2.353814] (mappers_bringup) StdoutLine: {'line': b'-- Up-to-date: /home/sachin/rosbot-wifi-heatmap-sim/install/mappers_bringup/share/mappers_bringup/launch/sim_nav2_localization.launch.py\n'}
[2.353939] (mappers_bringup) StdoutLine: {'line': b'-- Up-to-date: /home/sachin/rosbot-wifi-heatmap-sim/install/mappers_bringup/share/mappers_bringup/config\n'}
[2.354113] (mappers_bringup) StdoutLine: {'line': b'-- Up-to-date: /home/sachin/rosbot-wifi-heatmap-sim/install/mappers_bringup/share/mappers_bringup/config/slam_params.yaml\n'}
[2.354263] (mappers_bringup) StdoutLine: {'line': b'-- Up-to-date: /home/sachin/rosbot-wifi-heatmap-sim/install/mappers_bringup/share/mappers_bringup/config/nav2_params.yaml\n'}
[2.354510] (mappers_bringup) StdoutLine: {'line': b'-- Up-to-date: /home/sachin/rosbot-wifi-heatmap-sim/install/mappers_bringup/share/ament_index/resource_index/package_run_dependencies/mappers_bringup\n'}
[2.354628] (mappers_bringup) StdoutLine: {'line': b'-- Up-to-date: /home/sachin/rosbot-wifi-heatmap-sim/install/mappers_bringup/share/ament_index/resource_index/parent_prefix_path/mappers_bringup\n'}
[2.354715] (mappers_bringup) StdoutLine: {'line': b'-- Up-to-date: /home/sachin/rosbot-wifi-heatmap-sim/install/mappers_bringup/share/mappers_bringup/environment/ament_prefix_path.sh\n'}
[2.354794] (mappers_bringup) StdoutLine: {'line': b'-- Up-to-date: /home/sachin/rosbot-wifi-heatmap-sim/install/mappers_bringup/share/mappers_bringup/environment/ament_prefix_path.dsv\n'}
[2.354873] (mappers_bringup) StdoutLine: {'line': b'-- Up-to-date: /home/sachin/rosbot-wifi-heatmap-sim/install/mappers_bringup/share/mappers_bringup/environment/path.sh\n'}
[2.354953] (mappers_bringup) StdoutLine: {'line': b'-- Up-to-date: /home/sachin/rosbot-wifi-heatmap-sim/install/mappers_bringup/share/mappers_bringup/environment/path.dsv\n'}
[2.355030] (mappers_bringup) StdoutLine: {'line': b'-- Up-to-date: /home/sachin/rosbot-wifi-heatmap-sim/install/mappers_bringup/share/mappers_bringup/local_setup.bash\n'}
[2.355107] (mappers_bringup) StdoutLine: {'line': b'-- Up-to-date: /home/sachin/rosbot-wifi-heatmap-sim/install/mappers_bringup/share/mappers_bringup/local_setup.sh\n'}
[2.355183] (mappers_bringup) StdoutLine: {'line': b'-- Up-to-date: /home/sachin/rosbot-wifi-heatmap-sim/install/mappers_bringup/share/mappers_bringup/local_setup.zsh\n'}
[2.355258] (mappers_bringup) StdoutLine: {'line': b'-- Up-to-date: /home/sachin/rosbot-wifi-heatmap-sim/install/mappers_bringup/share/mappers_bringup/local_setup.dsv\n'}
[2.355394] (mappers_bringup) StdoutLine: {'line': b'-- Installing: /home/sachin/rosbot-wifi-heatmap-sim/install/mappers_bringup/share/mappers_bringup/package.dsv\n'}
[2.355512] (mappers_bringup) StdoutLine: {'line': b'-- Up-to-date: /home/sachin/rosbot-wifi-heatmap-sim/install/mappers_bringup/share/ament_index/resource_index/packages/mappers_bringup\n'}
[2.355586] (mappers_bringup) StdoutLine: {'line': b'-- Up-to-date: /home/sachin/rosbot-wifi-heatmap-sim/install/mappers_bringup/share/mappers_bringup/cmake/mappers_bringupConfig.cmake\n'}
[2.355662] (mappers_bringup) StdoutLine: {'line': b'-- Up-to-date: /home/sachin/rosbot-wifi-heatmap-sim/install/mappers_bringup/share/mappers_bringup/cmake/mappers_bringupConfig-version.cmake\n'}
[2.355732] (mappers_bringup) StdoutLine: {'line': b'-- Up-to-date: /home/sachin/rosbot-wifi-heatmap-sim/install/mappers_bringup/share/mappers_bringup/package.xml\n'}
[2.356983] (mappers_bringup) CommandEnded: {'returncode': 0}
[2.371700] (mappers_bringup) JobEnded: {'identifier': 'mappers_bringup', 'rc': 0}
[2.372909] (-) EventReactorShutdown: {}
