[0.000000] (-) TimerEvent: {}
[0.000196] (rosbot_interfaces) JobQueued: {'identifier': 'rosbot_interfaces', 'dependencies': OrderedDict()}
[0.000236] (waypoint_publisher_package) JobQueued: {'identifier': 'waypoint_publisher_package', 'dependencies': OrderedDict()}
[0.000257] (nav2_read_rssi_at_waypoint) JobQueued: {'identifier': 'nav2_read_rssi_at_waypoint', 'dependencies': OrderedDict({'rosbot_interfaces': '/home/sachin/rosbot-wifi-heatmap-sim/install/rosbot_interfaces'})}
[0.000279] (rssi_heatmap_generator_package) JobQueued: {'identifier': 'rssi_heatmap_generator_package', 'dependencies': OrderedDict({'rosbot_interfaces': '/home/sachin/rosbot-wifi-heatmap-sim/install/rosbot_interfaces'})}
[0.000296] (mappers_bringup) JobQueued: {'identifier': 'mappers_bringup', 'dependencies': OrderedDict({'rosbot_interfaces': '/home/sachin/rosbot-wifi-heatmap-sim/install/rosbot_interfaces', 'waypoint_publisher_package': '/home/sachin/rosbot-wifi-heatmap-sim/install/waypoint_publisher_package', 'nav2_read_rssi_at_waypoint': '/home/sachin/rosbot-wifi-heatmap-sim/install/nav2_read_rssi_at_waypoint', 'rssi_heatmap_generator_package': '/home/sachin/rosbot-wifi-heatmap-sim/install/rssi_heatmap_generator_package'})}
[0.000325] (rosbot_interfaces) JobStarted: {'identifier': 'rosbot_interfaces'}
[0.010444] (waypoint_publisher_package) JobStarted: {'identifier': 'waypoint_publisher_package'}
[0.019444] (rosbot_interfaces) JobProgress: {'identifier': 'rosbot_interfaces', 'progress': 'cmake'}
[0.021170] (rosbot_interfaces) JobProgress: {'identifier': 'rosbot_interfaces', 'progress': 'build'}
[0.021236] (rosbot_interfaces) Command: {'cmd': ['/usr/bin/cmake', '--build', '/home/sachin/rosbot-wifi-heatmap-sim/build/rosbot_interfaces', '--', '-j12', '-l12'], 'cwd': '/home/sachin/rosbot-wifi-heatmap-sim/build/rosbot_interfaces', 'env': OrderedDict({'LESSOPEN': '| /usr/bin/lesspipe %s', 'GZ_SIM_RESOURCE_PATH': '/home/sachin/gazebo_models', 'USER': 'sachin', 'GZ_CONFIG_PATH': '/opt/ros/jazzy/opt/gz_sim_vendor/share/gz:/opt/ros/jazzy/opt/sdformat_vendor/share/gz:/opt/ros/jazzy/opt/gz_gui_vendor/share/gz:/opt/ros/jazzy/opt/gz_transport_vendor/share/gz:/opt/ros/jazzy/opt/gz_rendering_vendor/share/gz:/opt/ros/jazzy/opt/gz_plugin_vendor/share/gz:/opt/ros/jazzy/opt/gz_fuel_tools_vendor/share/gz:/opt/ros/jazzy/opt/gz_msgs_vendor/share/gz:/opt/ros/jazzy/opt/gz_common_vendor/share/gz', 'XDG_SESSION_TYPE': 'x11', 'CLUTTER_DISABLE_MIPMAPPED_TEXT': '1', 'SHLVL': '1', 'LD_LIBRARY_PATH': '/opt/ros/jazzy/opt/gz_sim_vendor/lib:/opt/ros/jazzy/opt/gz_sensors_vendor/lib:/opt/ros/jazzy/opt/gz_physics_vendor/lib:/opt/ros/jazzy/opt/sdformat_vendor/lib:/opt/ros/jazzy/opt/rviz_ogre_vendor/lib:/opt/ros/jazzy/lib/x86_64-linux-gnu:/opt/ros/jazzy/opt/gz_gui_vendor/lib:/opt/ros/jazzy/opt/gz_transport_vendor/lib:/opt/ros/jazzy/opt/gz_rendering_vendor/lib:/opt/ros/jazzy/opt/gz_plugin_vendor/lib:/opt/ros/jazzy/opt/gz_fuel_tools_vendor/lib:/opt/ros/jazzy/opt/gz_msgs_vendor/lib:/opt/ros/jazzy/opt/gz_common_vendor/lib:/opt/ros/jazzy/opt/gz_math_vendor/lib:/opt/ros/jazzy/opt/gz_utils_vendor/lib:/opt/ros/jazzy/opt/gz_tools_vendor/lib:/opt/ros/jazzy/opt/gz_ogre_next_vendor/lib:/opt/ros/jazzy/opt/gz_dartsim_vendor/lib:/opt/ros/jazzy/opt/gz_cmake_vendor/lib:/opt/ros/jazzy/lib', 'HOME': '/home/sachin', 'OLDPWD': '/home/sachin', 'DESKTOP_SESSION': 'ubuntu', 'ROS_PYTHON_VERSION': '3', 'GNOME_SHELL_SESSION_MODE': 'ubuntu', 'GTK_MODULES': 'gail:atk-bridge', 'PS1': '(.ros2_venv) \\[\\e]0;\\u@\\h: \\w\\a\\]${debian_chroot:+($debian_chroot)}\\[\\033[01;32m\\]\\u@\\h\\[\\033[00m\\]:\\[\\033[01;34m\\]\\w\\[\\033[00m\\]\\$', 'SYSTEMD_EXEC_PID': '2460', 'GSM_SKIP_SSH_AGENT_WORKAROUND': 'true', 'DBUS_SESSION_BUS_ADDRESS': 'unix:path=/run/user/1000/bus', 'COLORTERM': 'truecolor', 'DEBUGINFOD_URLS': 'https://debuginfod.ubuntu.com', 'ROS_DISTRO': 'jazzy', 'LOGNAME': 'sachin', '_': '/usr/bin/colcon', 'ROS_VERSION': '2', 'PIP_BREAK_SYSTEM_PACKAGES': '1', 'MEMORY_PRESSURE_WATCH': '/sys/fs/cgroup/user.slice/user-1000.slice/user@1000.service/session.slice/org.gnome.Shell@x11.service/memory.pressure', 'XDG_SESSION_CLASS': 'user', 'USERNAME': 'sachin', 'TERM': 'xterm-256color', 'GNOME_DESKTOP_SESSION_ID': 'this-is-deprecated', 'WINDOWPATH': '2', 'PATH': '/home/sachin/.ros2_venv/bin:/opt/ros/jazzy/opt/gz_msgs_vendor/bin:/opt/ros/jazzy/opt/gz_tools_vendor/bin:/opt/ros/jazzy/opt/gz_ogre_next_vendor/bin:/opt/ros/jazzy/bin:/usr/local/sbin:/usr/local/bin:/usr/sbin:/usr/bin:/sbin:/bin:/usr/games:/usr/local/games:/snap/bin:/snap/bin', 'SESSION_MANAGER': 'local/SK:@/tmp/.ICE-unix/2429,unix/SK:/tmp/.ICE-unix/2429', 'XDG_MENU_PREFIX': 'gnome-', 'GNOME_TERMINAL_SCREEN': '/org/gnome/Terminal/screen/5b63cac7_be2c_48a4_8e8a_d3d0805ada79', 'XDG_RUNTIME_DIR': '/run/user/1000', 'DISPLAY': ':1', 'LANG': 'en_US.UTF-8', 'XDG_CURRENT_DESKTOP': 'ubuntu:GNOME', 'VIRTUAL_ENV_PROMPT': '(.ros2_venv)', 'XMODIFIERS': '@im=ibus', 'XDG_SESSION_DESKTOP': 'ubuntu', 'XAUTHORITY': '/run/user/1000/gdm/Xauthority', 'LS_COLORS': 'rs=0:di=01;34:ln=01;36:mh=00:pi=40;33:so=01;35:do=01;35:bd=40;33;01:cd=40;33;01:or=40;31;01:mi=00:su=37;41:sg=30;43:ca=00:tw=30;42:ow=34;42:st=37;44:ex=01;32:*.tar=01;31:*.tgz=01;31:*.arc=01;31:*.arj=01;31:*.taz=01;31:*.lha=01;31:*.lz4=01;31:*.lzh=01;31:*.lzma=01;31:*.tlz=01;31:*.txz=01;31:*.tzo=01;31:*.t7z=01;31:*.zip=01;31:*.z=01;31:*.dz=01;31:*.gz=01;31:*.lrz=01;31:*.lz=01;31:*.lzo=01;31:*.xz=01;31:*.zst=01;31:*.tzst=01;31:*.bz2=01;31:*.bz=01;31:*.tbz=01;31:*.tbz2=01;31:*.tz=01;31:*.deb=01;31:*.rpm=01;31:*.jar=01;31:*.war=01;31:*.ear=01;31:*.sar=01;31:*.rar=01;31:*.alz=01;31:*.ace=01;31:*.zoo=01;31:*.cpio=01;31:*.7z=01;31:*.rz=01;31:*.cab=01;31:*.wim=01;31:*.swm=01;31:*.dwm=01;31:*.esd=01;31:*.avif=01;35:*.jpg=01;35:*.jpeg=01;35:*.mjpg=01;35:*.mjpeg=01;35:*.gif=01;35:*.bmp=01;35:*.pbm=01;35:*.pgm=01;35:*.ppm=01;35:*.tga=01;35:*.xbm=01;35:*.xpm=01;35:*.tif=01;35:*.tiff=01;35:*.png=01;35:*.svg=01;35:*.svgz=01;35:*.mng=01;35:*.pcx=01;35:*.mov=01;35:*.mpg=01;35:*.mpeg=01;35:*.m2v=01;35:*.mkv=01;35:*.webm=01;35:*.webp=01;35:*.ogm=01;35:*.mp4=01;35:*.m4v=01;35:*.mp4v=01;35:*.vob=01;35:*.qt=01;35:*.nuv=01;35:*.wmv=01;35:*.asf=01;35:*.rm=01;35:*.rmvb=01;35:*.flc=01;35:*.avi=01;35:*.fli=01;35:*.flv=01;35:*.gl=01;35:*.dl=01;35:*.xcf=01;35:*.xwd=01;35:*.yuv=01;35:*.cgm=01;35:*.emf=01;35:*.ogv=01;35:*.ogx=01;35:*.aac=00;36:*.au=00;36:*.flac=00;36:*.m4a=00;36:*.mid=00;36:*.midi=00;36:*.mka=00;36:*.mp3=00;36:*.mpc=00;36:*.ogg=00;36:*.ra=00;36:*.wav=00;36:*.oga=00;36:*.opus=00;36:*.spx=00;36:*.xspf=00;36:*~=00;90:*#=00;90:*.bak=00;90:*.crdownload=00;90:*.dpkg-dist=00;90:*.dpkg-new=00;90:*.dpkg-old=00;90:*.dpkg-tmp=00;90:*.old=00;90:*.orig=00;90:*.part=00;90:*.rej=00;90:*.rpmnew=00;90:*.rpmorig=00;90:*.rpmsave=00;90:*.swp=00;90:*.tmp=00;90:*.ucf-dist=00;90:*.ucf-new=00;90:*.ucf-old=00;90:', 'GNOME_TERMINAL_SERVICE': ':1.95', 'SSH_AUTH_SOCK': '/run/user/1000/keyring/ssh', 'ROS_DOMAIN_ID': '100', 'AMENT_PREFIX_PATH': '/opt/ros/jazzy', 'SHELL': '/bin/bash', 'QT_ACCESSIBILITY': '1', 'GDMSESSION': 'ubuntu', 'LESSCLOSE': '/usr/bin/lesspipe %s %s', 'GPG_AGENT_INFO': '/run/user/1000/gnupg/S.gpg-agent:0:1', 'VIRTUAL_ENV': '/home/sachin/.ros2_venv', 'ROS_AUTOMATIC_DISCOVERY_RANGE': 'SUBNET', 'QT_IM_MODULE': 'ibus', 'PWD': '/home/sachin/rosbot-wifi-heatmap-sim/build/rosbot_interfaces', 'LC_ALL': 'en_US.UTF-8', 'XDG_CONFIG_DIRS': '/etc/xdg/xdg-ubuntu:/etc/xdg', 'XDG_DATA_DIRS': '/usr/share/ubuntu:/usr/share/gnome:/usr/local/share/:/usr/share/:/var/lib/snapd/desktop', 'PYTHONPATH': '/opt/ros/jazzy/lib/python3.12/site-packages', 'COLCON': '1', 'MEMORY_PRESSURE_WRITE': 'c29tZSAyMDAwMDAgMjAwMDAwMAA=', 'VTE_VERSION': '7600', 'CMAKE_PREFIX_PATH': '/opt/ros/jazzy/opt/gz_sim_vendor:/opt/ros/jazzy/opt/gz_sensors_vendor:/opt/ros/jazzy/opt/gz_physics_vendor:/opt/ros/jazzy/opt/sdformat_vendor:/opt/ros/jazzy/opt/gz_gui_vendor:/opt/ros/jazzy/opt/gz_transport_vendor:/opt/ros/jazzy/opt/gz_rendering_vendor:/opt/ros/jazzy/opt/gz_plugin_vendor:/opt/ros/jazzy/opt/gz_fuel_tools_vendor:/opt/ros/jazzy/opt/gz_msgs_vendor:/opt/ros/jazzy/opt/gz_common_vendor:/opt/ros/jazzy/opt/gz_math_vendor:/opt/ros/jazzy/opt/gz_utils_vendor:/opt/ros/jazzy/opt/gz_tools_vendor:/opt/ros/jazzy/opt/gz_ogre_next_vendor:/opt/ros/jazzy/opt/gz_dartsim_vendor:/opt/ros/jazzy/opt/gz_cmake_vendor:/opt/ros/jazzy'}), 'shell': False}
[0.099022] (-) TimerEvent: {}
[0.141413] (rosbot_interfaces) StdoutLine: {'line': b'[  2%] Built target rosbot_interfaces__rosidl_generator_type_description\n'}
[0.141728] (rosbot_interfaces) StdoutLine: {'line': b'[  5%] Built target rosbot_interfaces__rs\n'}
[0.148958] (rosbot_interfaces) StdoutLine: {'line': b'[  5%] Built target ament_cmake_python_copy_rosbot_interfaces\n'}
[0.174594] (rosbot_interfaces) StdoutLine: {'line': b'[  8%] Built target rosbot_interfaces__cpp\n'}
[0.181460] (rosbot_interfaces) StdoutLine: {'line': b'[ 22%] Built target rosbot_interfaces__rosidl_generator_c\n'}
[0.199134] (-) TimerEvent: {}
[0.211407] (rosbot_interfaces) StdoutLine: {'line': b'[ 31%] Built target rosbot_interfaces__rosidl_typesupport_c\n'}
[0.216920] (rosbot_interfaces) StdoutLine: {'line': b'[ 40%] Built target rosbot_interfaces__rosidl_typesupport_introspection_cpp\n'}
[0.217493] (rosbot_interfaces) StdoutLine: {'line': b'[ 48%] Built target rosbot_interfaces__rosidl_typesupport_cpp\n'}
[0.218939] (rosbot_interfaces) StdoutLine: {'line': b'[ 65%] Built target rosbot_interfaces__rosidl_typesupport_fastrtps_cpp\n'}
[0.219173] (rosbot_interfaces) StdoutLine: {'line': b'[ 65%] Built target rosbot_interfaces__rosidl_typesupport_fastrtps_c\n'}
[0.219364] (rosbot_interfaces) StdoutLine: {'line': b'[ 74%] Built target rosbot_interfaces__rosidl_typesupport_introspection_c\n'}
[0.245757] (rosbot_interfaces) StdoutLine: {'line': b'[ 74%] Built target rosbot_interfaces\n'}
[0.277738] (rosbot_interfaces) StdoutLine: {'line': b'[ 77%] Built target rosbot_interfaces__py\n'}
[0.299246] (-) TimerEvent: {}
[0.316352] (rosbot_interfaces) StdoutLine: {'line': b'[ 82%] Built target rosbot_interfaces__rosidl_generator_py\n'}
[0.345667] (rosbot_interfaces) StdoutLine: {'line': b'[ 88%] Built target rosbot_interfaces_s__rosidl_typesupport_c\n'}
[0.346821] (rosbot_interfaces) StdoutLine: {'line': b'[ 94%] Built target rosbot_interfaces_s__rosidl_typesupport_introspection_c\n'}
[0.349586] (rosbot_interfaces) StdoutLine: {'line': b'[100%] Built target rosbot_interfaces_s__rosidl_typesupport_fastrtps_c\n'}
[0.399355] (-) TimerEvent: {}
[0.451988] (rosbot_interfaces) StdoutLine: {'line': b'running egg_info\n'}
[0.468211] (rosbot_interfaces) StdoutLine: {'line': b'writing rosbot_interfaces.egg-info/PKG-INFO\n'}
[0.468649] (rosbot_interfaces) StdoutLine: {'line': b'writing dependency_links to rosbot_interfaces.egg-info/dependency_links.txt\n'}
[0.468928] (rosbot_interfaces) StdoutLine: {'line': b'writing top-level names to rosbot_interfaces.egg-info/top_level.txt\n'}
[0.499445] (-) TimerEvent: {}
[0.519044] (rosbot_interfaces) StdoutLine: {'line': b"reading manifest file 'rosbot_interfaces.egg-info/SOURCES.txt'\n"}
[0.520237] (rosbot_interfaces) StdoutLine: {'line': b"writing manifest file 'rosbot_interfaces.egg-info/SOURCES.txt'\n"}
[0.557975] (rosbot_interfaces) StdoutLine: {'line': b'[100%] Built target ament_cmake_python_build_rosbot_interfaces_egg\n'}
[0.572410] (rosbot_interfaces) CommandEnded: {'returncode': 0}
[0.573802] (rosbot_interfaces) JobProgress: {'identifier': 'rosbot_interfaces', 'progress': 'install'}
[0.585863] (rosbot_interfaces) Command: {'cmd': ['/usr/bin/cmake', '--install', '/home/sachin/rosbot-wifi-heatmap-sim/build/rosbot_interfaces'], 'cwd': '/home/sachin/rosbot-wifi-heatmap-sim/build/rosbot_interfaces', 'env': OrderedDict({'LESSOPEN': '| /usr/bin/lesspipe %s', 'GZ_SIM_RESOURCE_PATH': '/home/sachin/gazebo_models', 'USER': 'sachin', 'GZ_CONFIG_PATH': '/opt/ros/jazzy/opt/gz_sim_vendor/share/gz:/opt/ros/jazzy/opt/sdformat_vendor/share/gz:/opt/ros/jazzy/opt/gz_gui_vendor/share/gz:/opt/ros/jazzy/opt/gz_transport_vendor/share/gz:/opt/ros/jazzy/opt/gz_rendering_vendor/share/gz:/opt/ros/jazzy/opt/gz_plugin_vendor/share/gz:/opt/ros/jazzy/opt/gz_fuel_tools_vendor/share/gz:/opt/ros/jazzy/opt/gz_msgs_vendor/share/gz:/opt/ros/jazzy/opt/gz_common_vendor/share/gz', 'XDG_SESSION_TYPE': 'x11', 'CLUTTER_DISABLE_MIPMAPPED_TEXT': '1', 'SHLVL': '1', 'LD_LIBRARY_PATH': '/opt/ros/jazzy/opt/gz_sim_vendor/lib:/opt/ros/jazzy/opt/gz_sensors_vendor/lib:/opt/ros/jazzy/opt/gz_physics_vendor/lib:/opt/ros/jazzy/opt/sdformat_vendor/lib:/opt/ros/jazzy/opt/rviz_ogre_vendor/lib:/opt/ros/jazzy/lib/x86_64-linux-gnu:/opt/ros/jazzy/opt/gz_gui_vendor/lib:/opt/ros/jazzy/opt/gz_transport_vendor/lib:/opt/ros/jazzy/opt/gz_rendering_vendor/lib:/opt/ros/jazzy/opt/gz_plugin_vendor/lib:/opt/ros/jazzy/opt/gz_fuel_tools_vendor/lib:/opt/ros/jazzy/opt/gz_msgs_vendor/lib:/opt/ros/jazzy/opt/gz_common_vendor/lib:/opt/ros/jazzy/opt/gz_math_vendor/lib:/opt/ros/jazzy/opt/gz_utils_vendor/lib:/opt/ros/jazzy/opt/gz_tools_vendor/lib:/opt/ros/jazzy/opt/gz_ogre_next_vendor/lib:/opt/ros/jazzy/opt/gz_dartsim_vendor/lib:/opt/ros/jazzy/opt/gz_cmake_vendor/lib:/opt/ros/jazzy/lib', 'HOME': '/home/sachin', 'OLDPWD': '/home/sachin', 'DESKTOP_SESSION': 'ubuntu', 'ROS_PYTHON_VERSION': '3', 'GNOME_SHELL_SESSION_MODE': 'ubuntu', 'GTK_MODULES': 'gail:atk-bridge', 'PS1': '(.ros2_venv) \\[\\e]0;\\u@\\h: \\w\\a\\]${debian_chroot:+($debian_chroot)}\\[\\033[01;32m\\]\\u@\\h\\[\\033[00m\\]:\\[\\033[01;34m\\]\\w\\[\\033[00m\\]\\$', 'SYSTEMD_EXEC_PID': '2460', 'GSM_SKIP_SSH_AGENT_WORKAROUND': 'true', 'DBUS_SESSION_BUS_ADDRESS': 'unix:path=/run/user/1000/bus', 'COLORTERM': 'truecolor', 'DEBUGINFOD_URLS': 'https://debuginfod.ubuntu.com', 'ROS_DISTRO': 'jazzy', 'LOGNAME': 'sachin', '_': '/usr/bin/colcon', 'ROS_VERSION': '2', 'PIP_BREAK_SYSTEM_PACKAGES': '1', 'MEMORY_PRESSURE_WATCH': '/sys/fs/cgroup/user.slice/user-1000.slice/user@1000.service/session.slice/org.gnome.Shell@x11.service/memory.pressure', 'XDG_SESSION_CLASS': 'user', 'USERNAME': 'sachin', 'TERM': 'xterm-256color', 'GNOME_DESKTOP_SESSION_ID': 'this-is-deprecated', 'WINDOWPATH': '2', 'PATH': '/home/sachin/.ros2_venv/bin:/opt/ros/jazzy/opt/gz_msgs_vendor/bin:/opt/ros/jazzy/opt/gz_tools_vendor/bin:/opt/ros/jazzy/opt/gz_ogre_next_vendor/bin:/opt/ros/jazzy/bin:/usr/local/sbin:/usr/local/bin:/usr/sbin:/usr/bin:/sbin:/bin:/usr/games:/usr/local/games:/snap/bin:/snap/bin', 'SESSION_MANAGER': 'local/SK:@/tmp/.ICE-unix/2429,unix/SK:/tmp/.ICE-unix/2429', 'XDG_MENU_PREFIX': 'gnome-', 'GNOME_TERMINAL_SCREEN': '/org/gnome/Terminal/screen/5b63cac7_be2c_48a4_8e8a_d3d0805ada79', 'XDG_RUNTIME_DIR': '/run/user/1000', 'DISPLAY': ':1', 'LANG': 'en_US.UTF-8', 'XDG_CURRENT_DESKTOP': 'ubuntu:GNOME', 'VIRTUAL_ENV_PROMPT': '(.ros2_venv)', 'XMODIFIERS': '@im=ibus', 'XDG_SESSION_DESKTOP': 'ubuntu', 'XAUTHORITY': '/run/user/1000/gdm/Xauthority', 'LS_COLORS': 'rs=0:di=01;34:ln=01;36:mh=00:pi=40;33:so=01;35:do=01;35:bd=40;33;01:cd=40;33;01:or=40;31;01:mi=00:su=37;41:sg=30;43:ca=00:tw=30;42:ow=34;42:st=37;44:ex=01;32:*.tar=01;31:*.tgz=01;31:*.arc=01;31:*.arj=01;31:*.taz=01;31:*.lha=01;31:*.lz4=01;31:*.lzh=01;31:*.lzma=01;31:*.tlz=01;31:*.txz=01;31:*.tzo=01;31:*.t7z=01;31:*.zip=01;31:*.z=01;31:*.dz=01;31:*.gz=01;31:*.lrz=01;31:*.lz=01;31:*.lzo=01;31:*.xz=01;31:*.zst=01;31:*.tzst=01;31:*.bz2=01;31:*.bz=01;31:*.tbz=01;31:*.tbz2=01;31:*.tz=01;31:*.deb=01;31:*.rpm=01;31:*.jar=01;31:*.war=01;31:*.ear=01;31:*.sar=01;31:*.rar=01;31:*.alz=01;31:*.ace=01;31:*.zoo=01;31:*.cpio=01;31:*.7z=01;31:*.rz=01;31:*.cab=01;31:*.wim=01;31:*.swm=01;31:*.dwm=01;31:*.esd=01;31:*.avif=01;35:*.jpg=01;35:*.jpeg=01;35:*.mjpg=01;35:*.mjpeg=01;35:*.gif=01;35:*.bmp=01;35:*.pbm=01;35:*.pgm=01;35:*.ppm=01;35:*.tga=01;35:*.xbm=01;35:*.xpm=01;35:*.tif=01;35:*.tiff=01;35:*.png=01;35:*.svg=01;35:*.svgz=01;35:*.mng=01;35:*.pcx=01;35:*.mov=01;35:*.mpg=01;35:*.mpeg=01;35:*.m2v=01;35:*.mkv=01;35:*.webm=01;35:*.webp=01;35:*.ogm=01;35:*.mp4=01;35:*.m4v=01;35:*.mp4v=01;35:*.vob=01;35:*.qt=01;35:*.nuv=01;35:*.wmv=01;35:*.asf=01;35:*.rm=01;35:*.rmvb=01;35:*.flc=01;35:*.avi=01;35:*.fli=01;35:*.flv=01;35:*.gl=01;35:*.dl=01;35:*.xcf=01;35:*.xwd=01;35:*.yuv=01;35:*.cgm=01;35:*.emf=01;35:*.ogv=01;35:*.ogx=01;35:*.aac=00;36:*.au=00;36:*.flac=00;36:*.m4a=00;36:*.mid=00;36:*.midi=00;36:*.mka=00;36:*.mp3=00;36:*.mpc=00;36:*.ogg=00;36:*.ra=00;36:*.wav=00;36:*.oga=00;36:*.opus=00;36:*.spx=00;36:*.xspf=00;36:*~=00;90:*#=00;90:*.bak=00;90:*.crdownload=00;90:*.dpkg-dist=00;90:*.dpkg-new=00;90:*.dpkg-old=00;90:*.dpkg-tmp=00;90:*.old=00;90:*.orig=00;90:*.part=00;90:*.rej=00;90:*.rpmnew=00;90:*.rpmorig=00;90:*.rpmsave=00;90:*.swp=00;90:*.tmp=00;90:*.ucf-dist=00;90:*.ucf-new=00;90:*.ucf-old=00;90:', 'GNOME_TERMINAL_SERVICE': ':1.95', 'SSH_AUTH_SOCK': '/run/user/1000/keyring/ssh', 'ROS_DOMAIN_ID': '100', 'AMENT_PREFIX_PATH': '/opt/ros/jazzy', 'SHELL': '/bin/bash', 'QT_ACCESSIBILITY': '1', 'GDMSESSION': 'ubuntu', 'LESSCLOSE': '/usr/bin/lesspipe %s %s', 'GPG_AGENT_INFO': '/run/user/1000/gnupg/S.gpg-agent:0:1', 'VIRTUAL_ENV': '/home/sachin/.ros2_venv', 'ROS_AUTOMATIC_DISCOVERY_RANGE': 'SUBNET', 'QT_IM_MODULE': 'ibus', 'PWD': '/home/sachin/rosbot-wifi-heatmap-sim/build/rosbot_interfaces', 'LC_ALL': 'en_US.UTF-8', 'XDG_CONFIG_DIRS': '/etc/xdg/xdg-ubuntu:/etc/xdg', 'XDG_DATA_DIRS': '/usr/share/ubuntu:/usr/share/gnome:/usr/local/share/:/usr/share/:/var/lib/snapd/desktop', 'PYTHONPATH': '/opt/ros/jazzy/lib/python3.12/site-packages', 'COLCON': '1', 'MEMORY_PRESSURE_WRITE': 'c29tZSAyMDAwMDAgMjAwMDAwMAA=', 'VTE_VERSION': '7600', 'CMAKE_PREFIX_PATH': '/opt/ros/jazzy/opt/gz_sim_vendor:/opt/ros/jazzy/opt/gz_sensors_vendor:/opt/ros/jazzy/opt/gz_physics_vendor:/opt/ros/jazzy/opt/sdformat_vendor:/opt/ros/jazzy/opt/gz_gui_vendor:/opt/ros/jazzy/opt/gz_transport_vendor:/opt/ros/jazzy/opt/gz_rendering_vendor:/opt/ros/jazzy/opt/gz_plugin_vendor:/opt/ros/jazzy/opt/gz_fuel_tools_vendor:/opt/ros/jazzy/opt/gz_msgs_vendor:/opt/ros/jazzy/opt/gz_common_vendor:/opt/ros/jazzy/opt/gz_math_vendor:/opt/ros/jazzy/opt/gz_utils_vendor:/opt/ros/jazzy/opt/gz_tools_vendor:/opt/ros/jazzy/opt/gz_ogre_next_vendor:/opt/ros/jazzy/opt/gz_dartsim_vendor:/opt/ros/jazzy/opt/gz_cmake_vendor:/opt/ros/jazzy'}), 'shell': False}
[0.597629] (rosbot_interfaces) StdoutLine: {'line': b'-- Install configuration: ""\n'}
[0.598477] (rosbot_interfaces) StdoutLine: {'line': b'-- Up-to-date: /home/sachin/rosbot-wifi-heatmap-sim/install/rosbot_interfaces/share/ament_index/resource_index/rosidl_interfaces/rosbot_interfaces\n'}
[0.598634] (rosbot_interfaces) StdoutLine: {'line': b'-- Up-to-date: /home/sachin/rosbot-wifi-heatmap-sim/install/rosbot_interfaces/share/rosbot_interfaces/msg/RssiAtWaypoint.json\n'}
[0.598740] (rosbot_interfaces) StdoutLine: {'line': b'-- Up-to-date: /home/sachin/rosbot-wifi-heatmap-sim/install/rosbot_interfaces/include/rosbot_interfaces/rosbot_interfaces\n'}
[0.598838] (rosbot_interfaces) StdoutLine: {'line': b'-- Up-to-date: /home/sachin/rosbot-wifi-heatmap-sim/install/rosbot_interfaces/include/rosbot_interfaces/rosbot_interfaces/msg\n'}
[0.598961] (rosbot_interfaces) StdoutLine: {'line': b'-- Up-to-date: /home/sachin/rosbot-wifi-heatmap-sim/install/rosbot_interfaces/include/rosbot_interfaces/rosbot_interfaces/msg/detail\n'}
[0.599036] (rosbot_interfaces) StdoutLine: {'line': b'-- Up-to-date: /home/sachin/rosbot-wifi-heatmap-sim/install/rosbot_interfaces/include/rosbot_interfaces/rosbot_interfaces/msg/detail/rssi_at_waypoint__struct.h\n'}
[0.599100] (rosbot_interfaces) StdoutLine: {'line': b'-- Up-to-date: /home/sachin/rosbot-wifi-heatmap-sim/install/rosbot_interfaces/include/rosbot_interfaces/rosbot_interfaces/msg/detail/rssi_at_waypoint__type_support.c\n'}
[0.599214] (rosbot_interfaces) StdoutLine: {'line': b'-- Up-to-date: /home/sachin/rosbot-wifi-heatmap-sim/install/rosbot_interfaces/include/rosbot_interfaces/rosbot_interfaces/msg/detail/rssi_at_waypoint__description.c\n'}
[0.599273] (rosbot_interfaces) StdoutLine: {'line': b'-- Up-to-date: /home/sachin/rosbot-wifi-heatmap-sim/install/rosbot_interfaces/include/rosbot_interfaces/rosbot_interfaces/msg/detail/rssi_at_waypoint__functions.h\n'}
[0.599332] (rosbot_interfaces) StdoutLine: {'line': b'-- Up-to-date: /home/sachin/rosbot-wifi-heatmap-sim/install/rosbot_interfaces/include/rosbot_interfaces/rosbot_interfaces/msg/detail/rssi_at_waypoint__functions.c\n'}
[0.599387] (rosbot_interfaces) StdoutLine: {'line': b'-- Up-to-date: /home/sachin/rosbot-wifi-heatmap-sim/install/rosbot_interfaces/include/rosbot_interfaces/rosbot_interfaces/msg/detail/rssi_at_waypoint__type_support.h\n'}
[0.599443] (-) TimerEvent: {}
[0.599536] (rosbot_interfaces) StdoutLine: {'line': b'-- Up-to-date: /home/sachin/rosbot-wifi-heatmap-sim/install/rosbot_interfaces/include/rosbot_interfaces/rosbot_interfaces/msg/rssi_at_waypoint.h\n'}
[0.599613] (rosbot_interfaces) StdoutLine: {'line': b'-- Up-to-date: /home/sachin/rosbot-wifi-heatmap-sim/install/rosbot_interfaces/include/rosbot_interfaces/rosbot_interfaces/msg/rosidl_generator_c__visibility_control.h\n'}
[0.599676] (rosbot_interfaces) StdoutLine: {'line': b'-- Up-to-date: /home/sachin/rosbot-wifi-heatmap-sim/install/rosbot_interfaces/share/rosbot_interfaces/environment/library_path.sh\n'}
[0.599738] (rosbot_interfaces) StdoutLine: {'line': b'-- Up-to-date: /home/sachin/rosbot-wifi-heatmap-sim/install/rosbot_interfaces/share/rosbot_interfaces/environment/library_path.dsv\n'}
[0.599852] (rosbot_interfaces) StdoutLine: {'line': b'-- Up-to-date: /home/sachin/rosbot-wifi-heatmap-sim/install/rosbot_interfaces/lib/librosbot_interfaces__rosidl_generator_c.so\n'}
[0.599983] (rosbot_interfaces) StdoutLine: {'line': b'-- Up-to-date: /home/sachin/rosbot-wifi-heatmap-sim/install/rosbot_interfaces/include/rosbot_interfaces/rosbot_interfaces\n'}
[0.600052] (rosbot_interfaces) StdoutLine: {'line': b'-- Up-to-date: /home/sachin/rosbot-wifi-heatmap-sim/install/rosbot_interfaces/include/rosbot_interfaces/rosbot_interfaces/msg\n'}
[0.600119] (rosbot_interfaces) StdoutLine: {'line': b'-- Up-to-date: /home/sachin/rosbot-wifi-heatmap-sim/install/rosbot_interfaces/include/rosbot_interfaces/rosbot_interfaces/msg/detail\n'}
[0.600246] (rosbot_interfaces) StdoutLine: {'line': b'-- Up-to-date: /home/sachin/rosbot-wifi-heatmap-sim/install/rosbot_interfaces/include/rosbot_interfaces/rosbot_interfaces/msg/detail/rssi_at_waypoint__rosidl_typesupport_fastrtps_c.h\n'}
[0.600369] (rosbot_interfaces) StdoutLine: {'line': b'-- Up-to-date: /home/sachin/rosbot-wifi-heatmap-sim/install/rosbot_interfaces/include/rosbot_interfaces/rosbot_interfaces/msg/rosidl_typesupport_fastrtps_c__visibility_control.h\n'}
[0.600435] (rosbot_interfaces) StdoutLine: {'line': b'-- Up-to-date: /home/sachin/rosbot-wifi-heatmap-sim/install/rosbot_interfaces/lib/librosbot_interfaces__rosidl_typesupport_fastrtps_c.so\n'}
[0.600553] (rosbot_interfaces) StdoutLine: {'line': b'-- Up-to-date: /home/sachin/rosbot-wifi-heatmap-sim/install/rosbot_interfaces/include/rosbot_interfaces/rosbot_interfaces\n'}
[0.600667] (rosbot_interfaces) StdoutLine: {'line': b'-- Up-to-date: /home/sachin/rosbot-wifi-heatmap-sim/install/rosbot_interfaces/include/rosbot_interfaces/rosbot_interfaces/msg\n'}
[0.600743] (rosbot_interfaces) StdoutLine: {'line': b'-- Up-to-date: /home/sachin/rosbot-wifi-heatmap-sim/install/rosbot_interfaces/include/rosbot_interfaces/rosbot_interfaces/msg/detail\n'}
[0.600878] (rosbot_interfaces) StdoutLine: {'line': b'-- Up-to-date: /home/sachin/rosbot-wifi-heatmap-sim/install/rosbot_interfaces/include/rosbot_interfaces/rosbot_interfaces/msg/detail/rssi_at_waypoint__struct.hpp\n'}
[0.600957] (rosbot_interfaces) StdoutLine: {'line': b'-- Up-to-date: /home/sachin/rosbot-wifi-heatmap-sim/install/rosbot_interfaces/include/rosbot_interfaces/rosbot_interfaces/msg/detail/rssi_at_waypoint__traits.hpp\n'}
[0.601085] (rosbot_interfaces) StdoutLine: {'line': b'-- Up-to-date: /home/sachin/rosbot-wifi-heatmap-sim/install/rosbot_interfaces/include/rosbot_interfaces/rosbot_interfaces/msg/detail/rssi_at_waypoint__builder.hpp\n'}
[0.601152] (rosbot_interfaces) StdoutLine: {'line': b'-- Up-to-date: /home/sachin/rosbot-wifi-heatmap-sim/install/rosbot_interfaces/include/rosbot_interfaces/rosbot_interfaces/msg/detail/rssi_at_waypoint__type_support.hpp\n'}
[0.601215] (rosbot_interfaces) StdoutLine: {'line': b'-- Up-to-date: /home/sachin/rosbot-wifi-heatmap-sim/install/rosbot_interfaces/include/rosbot_interfaces/rosbot_interfaces/msg/rssi_at_waypoint.hpp\n'}
[0.601289] (rosbot_interfaces) StdoutLine: {'line': b'-- Up-to-date: /home/sachin/rosbot-wifi-heatmap-sim/install/rosbot_interfaces/include/rosbot_interfaces/rosbot_interfaces/msg/rosidl_generator_cpp__visibility_control.hpp\n'}
[0.601371] (rosbot_interfaces) StdoutLine: {'line': b'-- Up-to-date: /home/sachin/rosbot-wifi-heatmap-sim/install/rosbot_interfaces/include/rosbot_interfaces/rosbot_interfaces\n'}
[0.601452] (rosbot_interfaces) StdoutLine: {'line': b'-- Up-to-date: /home/sachin/rosbot-wifi-heatmap-sim/install/rosbot_interfaces/include/rosbot_interfaces/rosbot_interfaces/msg\n'}
[0.601537] (rosbot_interfaces) StdoutLine: {'line': b'-- Up-to-date: /home/sachin/rosbot-wifi-heatmap-sim/install/rosbot_interfaces/include/rosbot_interfaces/rosbot_interfaces/msg/detail\n'}
[0.601621] (rosbot_interfaces) StdoutLine: {'line': b'-- Up-to-date: /home/sachin/rosbot-wifi-heatmap-sim/install/rosbot_interfaces/include/rosbot_interfaces/rosbot_interfaces/msg/detail/dds_fastrtps\n'}
[0.601710] (rosbot_interfaces) StdoutLine: {'line': b'-- Up-to-date: /home/sachin/rosbot-wifi-heatmap-sim/install/rosbot_interfaces/include/rosbot_interfaces/rosbot_interfaces/msg/detail/rssi_at_waypoint__rosidl_typesupport_fastrtps_cpp.hpp\n'}
[0.601796] (rosbot_interfaces) StdoutLine: {'line': b'-- Up-to-date: /home/sachin/rosbot-wifi-heatmap-sim/install/rosbot_interfaces/include/rosbot_interfaces/rosbot_interfaces/msg/rosidl_typesupport_fastrtps_cpp__visibility_control.h\n'}
[0.601948] (rosbot_interfaces) StdoutLine: {'line': b'-- Up-to-date: /home/sachin/rosbot-wifi-heatmap-sim/install/rosbot_interfaces/lib/librosbot_interfaces__rosidl_typesupport_fastrtps_cpp.so\n'}
[0.602116] (rosbot_interfaces) StdoutLine: {'line': b'-- Up-to-date: /home/sachin/rosbot-wifi-heatmap-sim/install/rosbot_interfaces/include/rosbot_interfaces/rosbot_interfaces\n'}
[0.602201] (rosbot_interfaces) StdoutLine: {'line': b'-- Up-to-date: /home/sachin/rosbot-wifi-heatmap-sim/install/rosbot_interfaces/include/rosbot_interfaces/rosbot_interfaces/msg\n'}
[0.602273] (rosbot_interfaces) StdoutLine: {'line': b'-- Up-to-date: /home/sachin/rosbot-wifi-heatmap-sim/install/rosbot_interfaces/include/rosbot_interfaces/rosbot_interfaces/msg/rosidl_typesupport_introspection_c__visibility_control.h\n'}
[0.602347] (rosbot_interfaces) StdoutLine: {'line': b'-- Up-to-date: /home/sachin/rosbot-wifi-heatmap-sim/install/rosbot_interfaces/include/rosbot_interfaces/rosbot_interfaces/msg/detail\n'}
[0.602423] (rosbot_interfaces) StdoutLine: {'line': b'-- Up-to-date: /home/sachin/rosbot-wifi-heatmap-sim/install/rosbot_interfaces/include/rosbot_interfaces/rosbot_interfaces/msg/detail/rssi_at_waypoint__type_support.c\n'}
[0.602505] (rosbot_interfaces) StdoutLine: {'line': b'-- Up-to-date: /home/sachin/rosbot-wifi-heatmap-sim/install/rosbot_interfaces/include/rosbot_interfaces/rosbot_interfaces/msg/detail/rssi_at_waypoint__rosidl_typesupport_introspection_c.h\n'}
[0.602650] (rosbot_interfaces) StdoutLine: {'line': b'-- Up-to-date: /home/sachin/rosbot-wifi-heatmap-sim/install/rosbot_interfaces/lib/librosbot_interfaces__rosidl_typesupport_introspection_c.so\n'}
[0.603442] (rosbot_interfaces) StdoutLine: {'line': b'-- Up-to-date: /home/sachin/rosbot-wifi-heatmap-sim/install/rosbot_interfaces/lib/librosbot_interfaces__rosidl_typesupport_c.so\n'}
[0.603697] (rosbot_interfaces) StdoutLine: {'line': b'-- Up-to-date: /home/sachin/rosbot-wifi-heatmap-sim/install/rosbot_interfaces/include/rosbot_interfaces/rosbot_interfaces\n'}
[0.603845] (rosbot_interfaces) StdoutLine: {'line': b'-- Up-to-date: /home/sachin/rosbot-wifi-heatmap-sim/install/rosbot_interfaces/include/rosbot_interfaces/rosbot_interfaces/msg\n'}
[0.603930] (rosbot_interfaces) StdoutLine: {'line': b'-- Up-to-date: /home/sachin/rosbot-wifi-heatmap-sim/install/rosbot_interfaces/include/rosbot_interfaces/rosbot_interfaces/msg/detail\n'}
[0.604046] (rosbot_interfaces) StdoutLine: {'line': b'-- Up-to-date: /home/sachin/rosbot-wifi-heatmap-sim/install/rosbot_interfaces/include/rosbot_interfaces/rosbot_interfaces/msg/detail/rssi_at_waypoint__type_support.cpp\n'}
[0.604166] (rosbot_interfaces) StdoutLine: {'line': b'-- Up-to-date: /home/sachin/rosbot-wifi-heatmap-sim/install/rosbot_interfaces/include/rosbot_interfaces/rosbot_interfaces/msg/detail/rssi_at_waypoint__rosidl_typesupport_introspection_cpp.hpp\n'}
[0.604448] (rosbot_interfaces) StdoutLine: {'line': b'-- Up-to-date: /home/sachin/rosbot-wifi-heatmap-sim/install/rosbot_interfaces/lib/librosbot_interfaces__rosidl_typesupport_introspection_cpp.so\n'}
[0.605145] (rosbot_interfaces) StdoutLine: {'line': b'-- Up-to-date: /home/sachin/rosbot-wifi-heatmap-sim/install/rosbot_interfaces/lib/librosbot_interfaces__rosidl_typesupport_cpp.so\n'}
[0.605506] (rosbot_interfaces) StdoutLine: {'line': b'-- Up-to-date: /home/sachin/rosbot-wifi-heatmap-sim/install/rosbot_interfaces/share/rosbot_interfaces/environment/pythonpath.sh\n'}
[0.605622] (rosbot_interfaces) StdoutLine: {'line': b'-- Up-to-date: /home/sachin/rosbot-wifi-heatmap-sim/install/rosbot_interfaces/share/rosbot_interfaces/environment/pythonpath.dsv\n'}
[0.605891] (rosbot_interfaces) StdoutLine: {'line': b'-- Up-to-date: /home/sachin/rosbot-wifi-heatmap-sim/install/rosbot_interfaces/lib/python3.12/site-packages/rosbot_interfaces-1.0.0-py3.12.egg-info\n'}
[0.606047] (rosbot_interfaces) StdoutLine: {'line': b'-- Installing: /home/sachin/rosbot-wifi-heatmap-sim/install/rosbot_interfaces/lib/python3.12/site-packages/rosbot_interfaces-1.0.0-py3.12.egg-info/PKG-INFO\n'}
[0.606354] (rosbot_interfaces) StdoutLine: {'line': b'-- Installing: /home/sachin/rosbot-wifi-heatmap-sim/install/rosbot_interfaces/lib/python3.12/site-packages/rosbot_interfaces-1.0.0-py3.12.egg-info/dependency_links.txt\n'}
[0.606555] (rosbot_interfaces) StdoutLine: {'line': b'-- Installing: /home/sachin/rosbot-wifi-heatmap-sim/install/rosbot_interfaces/lib/python3.12/site-packages/rosbot_interfaces-1.0.0-py3.12.egg-info/SOURCES.txt\n'}
[0.606756] (rosbot_interfaces) StdoutLine: {'line': b'-- Installing: /home/sachin/rosbot-wifi-heatmap-sim/install/rosbot_interfaces/lib/python3.12/site-packages/rosbot_interfaces-1.0.0-py3.12.egg-info/top_level.txt\n'}
[0.607040] (rosbot_interfaces) StdoutLine: {'line': b'-- Up-to-date: /home/sachin/rosbot-wifi-heatmap-sim/install/rosbot_interfaces/lib/python3.12/site-packages/rosbot_interfaces\n'}
[0.607254] (rosbot_interfaces) StdoutLine: {'line': b'-- Up-to-date: /home/sachin/rosbot-wifi-heatmap-sim/install/rosbot_interfaces/lib/python3.12/site-packages/rosbot_interfaces/rosbot_interfaces_s__rosidl_typesupport_fastrtps_c.so\n'}
[0.607418] (rosbot_interfaces) StdoutLine: {'line': b'-- Up-to-date: /home/sachin/rosbot-wifi-heatmap-sim/install/rosbot_interfaces/lib/python3.12/site-packages/rosbot_interfaces/rosbot_interfaces_s__rosidl_typesupport_introspection_c.so\n'}
[0.607536] (rosbot_interfaces) StdoutLine: {'line': b'-- Up-to-date: /home/sachin/rosbot-wifi-heatmap-sim/install/rosbot_interfaces/lib/python3.12/site-packages/rosbot_interfaces/_rosbot_interfaces_s.ep.rosidl_typesupport_c.c\n'}
[0.607624] (rosbot_interfaces) StdoutLine: {'line': b'-- Up-to-date: /home/sachin/rosbot-wifi-heatmap-sim/install/rosbot_interfaces/lib/python3.12/site-packages/rosbot_interfaces/__init__.py\n'}
[0.607712] (rosbot_interfaces) StdoutLine: {'line': b'-- Up-to-date: /home/sachin/rosbot-wifi-heatmap-sim/install/rosbot_interfaces/lib/python3.12/site-packages/rosbot_interfaces/rosbot_interfaces_s__rosidl_typesupport_c.so\n'}
[0.607796] (rosbot_interfaces) StdoutLine: {'line': b'-- Up-to-date: /home/sachin/rosbot-wifi-heatmap-sim/install/rosbot_interfaces/lib/python3.12/site-packages/rosbot_interfaces/_rosbot_interfaces_s.ep.rosidl_typesupport_fastrtps_c.c\n'}
[0.607915] (rosbot_interfaces) StdoutLine: {'line': b'-- Up-to-date: /home/sachin/rosbot-wifi-heatmap-sim/install/rosbot_interfaces/lib/python3.12/site-packages/rosbot_interfaces/msg\n'}
[0.608065] (rosbot_interfaces) StdoutLine: {'line': b'-- Up-to-date: /home/sachin/rosbot-wifi-heatmap-sim/install/rosbot_interfaces/lib/python3.12/site-packages/rosbot_interfaces/msg/_rssi_at_waypoint.py\n'}
[0.608166] (rosbot_interfaces) StdoutLine: {'line': b'-- Up-to-date: /home/sachin/rosbot-wifi-heatmap-sim/install/rosbot_interfaces/lib/python3.12/site-packages/rosbot_interfaces/msg/_rssi_at_waypoint_s.c\n'}
[0.608258] (rosbot_interfaces) StdoutLine: {'line': b'-- Up-to-date: /home/sachin/rosbot-wifi-heatmap-sim/install/rosbot_interfaces/lib/python3.12/site-packages/rosbot_interfaces/msg/__init__.py\n'}
[0.608342] (rosbot_interfaces) StdoutLine: {'line': b'-- Up-to-date: /home/sachin/rosbot-wifi-heatmap-sim/install/rosbot_interfaces/lib/python3.12/site-packages/rosbot_interfaces/_rosbot_interfaces_s.ep.rosidl_typesupport_introspection_c.c\n'}
[0.659983] (rosbot_interfaces) StdoutLine: {'line': b"Listing '/home/sachin/rosbot-wifi-heatmap-sim/install/rosbot_interfaces/lib/python3.12/site-packages/rosbot_interfaces'...\n"}
[0.660211] (rosbot_interfaces) StdoutLine: {'line': b"Listing '/home/sachin/rosbot-wifi-heatmap-sim/install/rosbot_interfaces/lib/python3.12/site-packages/rosbot_interfaces/msg'...\n"}
[0.667101] (rosbot_interfaces) StdoutLine: {'line': b'-- Up-to-date: /home/sachin/rosbot-wifi-heatmap-sim/install/rosbot_interfaces/lib/python3.12/site-packages/rosbot_interfaces/rosbot_interfaces_s__rosidl_typesupport_fastrtps_c.so\n'}
[0.668027] (rosbot_interfaces) StdoutLine: {'line': b'-- Up-to-date: /home/sachin/rosbot-wifi-heatmap-sim/install/rosbot_interfaces/lib/python3.12/site-packages/rosbot_interfaces/rosbot_interfaces_s__rosidl_typesupport_introspection_c.so\n'}
[0.668687] (rosbot_interfaces) StdoutLine: {'line': b'-- Up-to-date: /home/sachin/rosbot-wifi-heatmap-sim/install/rosbot_interfaces/lib/python3.12/site-packages/rosbot_interfaces/rosbot_interfaces_s__rosidl_typesupport_c.so\n'}
[0.669399] (rosbot_interfaces) StdoutLine: {'line': b'-- Up-to-date: /home/sachin/rosbot-wifi-heatmap-sim/install/rosbot_interfaces/lib/librosbot_interfaces__rosidl_generator_py.so\n'}
[0.669783] (rosbot_interfaces) StdoutLine: {'line': b'-- Up-to-date: /home/sachin/rosbot-wifi-heatmap-sim/install/rosbot_interfaces/share/ament_index/resource_index/rust_packages/rosbot_interfaces\n'}
[0.669929] (rosbot_interfaces) StdoutLine: {'line': b'-- Up-to-date: /home/sachin/rosbot-wifi-heatmap-sim/install/rosbot_interfaces/share/rosbot_interfaces/rust\n'}
[0.670190] (rosbot_interfaces) StdoutLine: {'line': b'-- Up-to-date: /home/sachin/rosbot-wifi-heatmap-sim/install/rosbot_interfaces/share/rosbot_interfaces/rust/Cargo.toml\n'}
[0.670343] (rosbot_interfaces) StdoutLine: {'line': b'-- Up-to-date: /home/sachin/rosbot-wifi-heatmap-sim/install/rosbot_interfaces/share/rosbot_interfaces/rust/src\n'}
[0.670417] (rosbot_interfaces) StdoutLine: {'line': b'-- Up-to-date: /home/sachin/rosbot-wifi-heatmap-sim/install/rosbot_interfaces/share/rosbot_interfaces/rust/src/lib.rs\n'}
[0.670484] (rosbot_interfaces) StdoutLine: {'line': b'-- Up-to-date: /home/sachin/rosbot-wifi-heatmap-sim/install/rosbot_interfaces/share/rosbot_interfaces/rust/src/msg\n'}
[0.670722] (rosbot_interfaces) StdoutLine: {'line': b'-- Up-to-date: /home/sachin/rosbot-wifi-heatmap-sim/install/rosbot_interfaces/share/rosbot_interfaces/rust/src/msg/rmw.rs\n'}
[0.670866] (rosbot_interfaces) StdoutLine: {'line': b'-- Up-to-date: /home/sachin/rosbot-wifi-heatmap-sim/install/rosbot_interfaces/share/rosbot_interfaces/rust/src/msg.rs\n'}
[0.670955] (rosbot_interfaces) StdoutLine: {'line': b'-- Up-to-date: /home/sachin/rosbot-wifi-heatmap-sim/install/rosbot_interfaces/share/rosbot_interfaces/rust/build.rs\n'}
[0.671037] (rosbot_interfaces) StdoutLine: {'line': b'-- Up-to-date: /home/sachin/rosbot-wifi-heatmap-sim/install/rosbot_interfaces/share/rosbot_interfaces/msg/RssiAtWaypoint.idl\n'}
[0.671102] (rosbot_interfaces) StdoutLine: {'line': b'-- Up-to-date: /home/sachin/rosbot-wifi-heatmap-sim/install/rosbot_interfaces/share/rosbot_interfaces/msg/RssiAtWaypoint.msg\n'}
[0.671165] (rosbot_interfaces) StdoutLine: {'line': b'-- Up-to-date: /home/sachin/rosbot-wifi-heatmap-sim/install/rosbot_interfaces/share/ament_index/resource_index/package_run_dependencies/rosbot_interfaces\n'}
[0.671228] (rosbot_interfaces) StdoutLine: {'line': b'-- Up-to-date: /home/sachin/rosbot-wifi-heatmap-sim/install/rosbot_interfaces/share/ament_index/resource_index/parent_prefix_path/rosbot_interfaces\n'}
[0.671357] (rosbot_interfaces) StdoutLine: {'line': b'-- Up-to-date: /home/sachin/rosbot-wifi-heatmap-sim/install/rosbot_interfaces/share/rosbot_interfaces/environment/ament_prefix_path.sh\n'}
[0.671439] (rosbot_interfaces) StdoutLine: {'line': b'-- Up-to-date: /home/sachin/rosbot-wifi-heatmap-sim/install/rosbot_interfaces/share/rosbot_interfaces/environment/ament_prefix_path.dsv\n'}
[0.671501] (rosbot_interfaces) StdoutLine: {'line': b'-- Up-to-date: /home/sachin/rosbot-wifi-heatmap-sim/install/rosbot_interfaces/share/rosbot_interfaces/environment/path.sh\n'}
[0.671561] (rosbot_interfaces) StdoutLine: {'line': b'-- Up-to-date: /home/sachin/rosbot-wifi-heatmap-sim/install/rosbot_interfaces/share/rosbot_interfaces/environment/path.dsv\n'}
[0.671619] (rosbot_interfaces) StdoutLine: {'line': b'-- Up-to-date: /home/sachin/rosbot-wifi-heatmap-sim/install/rosbot_interfaces/share/rosbot_interfaces/local_setup.bash\n'}
[0.671677] (rosbot_interfaces) StdoutLine: {'line': b'-- Up-to-date: /home/sachin/rosbot-wifi-heatmap-sim/install/rosbot_interfaces/share/rosbot_interfaces/local_setup.sh\n'}
[0.671735] (rosbot_interfaces) StdoutLine: {'line': b'-- Up-to-date: /home/sachin/rosbot-wifi-heatmap-sim/install/rosbot_interfaces/share/rosbot_interfaces/local_setup.zsh\n'}
[0.671842] (rosbot_interfaces) StdoutLine: {'line': b'-- Up-to-date: /home/sachin/rosbot-wifi-heatmap-sim/install/rosbot_interfaces/share/rosbot_interfaces/local_setup.dsv\n'}
[0.671913] (rosbot_interfaces) StdoutLine: {'line': b'-- Installing: /home/sachin/rosbot-wifi-heatmap-sim/install/rosbot_interfaces/share/rosbot_interfaces/package.dsv\n'}
[0.672147] (rosbot_interfaces) StdoutLine: {'line': b'-- Up-to-date: /home/sachin/rosbot-wifi-heatmap-sim/install/rosbot_interfaces/share/ament_index/resource_index/packages/rosbot_interfaces\n'}
[0.673102] (rosbot_interfaces) StdoutLine: {'line': b'-- Up-to-date: /home/sachin/rosbot-wifi-heatmap-sim/install/rosbot_interfaces/share/rosbot_interfaces/cmake/export_rosbot_interfaces__rosidl_generator_cExport.cmake\n'}
[0.673292] (rosbot_interfaces) StdoutLine: {'line': b'-- Up-to-date: /home/sachin/rosbot-wifi-heatmap-sim/install/rosbot_interfaces/share/rosbot_interfaces/cmake/export_rosbot_interfaces__rosidl_generator_cExport-noconfig.cmake\n'}
[0.673632] (rosbot_interfaces) StdoutLine: {'line': b'-- Up-to-date: /home/sachin/rosbot-wifi-heatmap-sim/install/rosbot_interfaces/share/rosbot_interfaces/cmake/export_rosbot_interfaces__rosidl_typesupport_fastrtps_cExport.cmake\n'}
[0.673823] (rosbot_interfaces) StdoutLine: {'line': b'-- Up-to-date: /home/sachin/rosbot-wifi-heatmap-sim/install/rosbot_interfaces/share/rosbot_interfaces/cmake/export_rosbot_interfaces__rosidl_typesupport_fastrtps_cExport-noconfig.cmake\n'}
[0.674187] (rosbot_interfaces) StdoutLine: {'line': b'-- Up-to-date: /home/sachin/rosbot-wifi-heatmap-sim/install/rosbot_interfaces/share/rosbot_interfaces/cmake/export_rosbot_interfaces__rosidl_generator_cppExport.cmake\n'}
[0.674545] (rosbot_interfaces) StdoutLine: {'line': b'-- Up-to-date: /home/sachin/rosbot-wifi-heatmap-sim/install/rosbot_interfaces/share/rosbot_interfaces/cmake/export_rosbot_interfaces__rosidl_typesupport_fastrtps_cppExport.cmake\n'}
[0.674734] (rosbot_interfaces) StdoutLine: {'line': b'-- Up-to-date: /home/sachin/rosbot-wifi-heatmap-sim/install/rosbot_interfaces/share/rosbot_interfaces/cmake/export_rosbot_interfaces__rosidl_typesupport_fastrtps_cppExport-noconfig.cmake\n'}
[0.675018] (rosbot_interfaces) StdoutLine: {'line': b'-- Up-to-date: /home/sachin/rosbot-wifi-heatmap-sim/install/rosbot_interfaces/share/rosbot_interfaces/cmake/rosbot_interfaces__rosidl_typesupport_introspection_cExport.cmake\n'}
[0.675222] (rosbot_interfaces) StdoutLine: {'line': b'-- Up-to-date: /home/sachin/rosbot-wifi-heatmap-sim/install/rosbot_interfaces/share/rosbot_interfaces/cmake/rosbot_interfaces__rosidl_typesupport_introspection_cExport-noconfig.cmake\n'}
[0.675623] (rosbot_interfaces) StdoutLine: {'line': b'-- Up-to-date: /home/sachin/rosbot-wifi-heatmap-sim/install/rosbot_interfaces/share/rosbot_interfaces/cmake/rosbot_interfaces__rosidl_typesupport_cExport.cmake\n'}
[0.675869] (rosbot_interfaces) StdoutLine: {'line': b'-- Up-to-date: /home/sachin/rosbot-wifi-heatmap-sim/install/rosbot_interfaces/share/rosbot_interfaces/cmake/rosbot_interfaces__rosidl_typesupport_cExport-noconfig.cmake\n'}
[0.676010] (rosbot_interfaces) StdoutLine: {'line': b'-- Up-to-date: /home/sachin/rosbot-wifi-heatmap-sim/install/rosbot_interfaces/share/rosbot_interfaces/cmake/rosbot_interfaces__rosidl_typesupport_introspection_cppExport.cmake\n'}
[0.676101] (rosbot_interfaces) StdoutLine: {'line': b'-- Up-to-date: /home/sachin/rosbot-wifi-heatmap-sim/install/rosbot_interfaces/share/rosbot_interfaces/cmake/rosbot_interfaces__rosidl_typesupport_introspection_cppExport-noconfig.cmake\n'}
[0.676230] (rosbot_interfaces) StdoutLine: {'line': b'-- Up-to-date: /home/sachin/rosbot-wifi-heatmap-sim/install/rosbot_interfaces/share/rosbot_interfaces/cmake/rosbot_interfaces__rosidl_typesupport_cppExport.cmake\n'}
[0.676333] (rosbot_interfaces) StdoutLine: {'line': b'-- Up-to-date: /home/sachin/rosbot-wifi-heatmap-sim/install/rosbot_interfaces/share/rosbot_interfaces/cmake/rosbot_interfaces__rosidl_typesupport_cppExport-noconfig.cmake\n'}
[0.676499] (rosbot_interfaces) StdoutLine: {'line': b'-- Up-to-date: /home/sachin/rosbot-wifi-heatmap-sim/install/rosbot_interfaces/share/rosbot_interfaces/cmake/export_rosbot_interfaces__rosidl_generator_pyExport.cmake\n'}
[0.676609] (rosbot_interfaces) StdoutLine: {'line': b'-- Up-to-date: /home/sachin/rosbot-wifi-heatmap-sim/install/rosbot_interfaces/share/rosbot_interfaces/cmake/export_rosbot_interfaces__rosidl_generator_pyExport-noconfig.cmake\n'}
[0.676692] (rosbot_interfaces) StdoutLine: {'line': b'-- Up-to-date: /home/sachin/rosbot-wifi-heatmap-sim/install/rosbot_interfaces/share/rosbot_interfaces/cmake/rosidl_cmake-extras.cmake\n'}
[0.676967] (rosbot_interfaces) StdoutLine: {'line': b'-- Up-to-date: /home/sachin/rosbot-wifi-heatmap-sim/install/rosbot_interfaces/share/rosbot_interfaces/cmake/ament_cmake_export_dependencies-extras.cmake\n'}
[0.677209] (rosbot_interfaces) StdoutLine: {'line': b'-- Up-to-date: /home/sachin/rosbot-wifi-heatmap-sim/install/rosbot_interfaces/share/rosbot_interfaces/cmake/ament_cmake_export_include_directories-extras.cmake\n'}
[0.677307] (rosbot_interfaces) StdoutLine: {'line': b'-- Up-to-date: /home/sachin/rosbot-wifi-heatmap-sim/install/rosbot_interfaces/share/rosbot_interfaces/cmake/ament_cmake_export_libraries-extras.cmake\n'}
[0.677395] (rosbot_interfaces) StdoutLine: {'line': b'-- Up-to-date: /home/sachin/rosbot-wifi-heatmap-sim/install/rosbot_interfaces/share/rosbot_interfaces/cmake/ament_cmake_export_targets-extras.cmake\n'}
[0.677475] (rosbot_interfaces) StdoutLine: {'line': b'-- Up-to-date: /home/sachin/rosbot-wifi-heatmap-sim/install/rosbot_interfaces/share/rosbot_interfaces/cmake/rosidl_cmake_export_typesupport_targets-extras.cmake\n'}
[0.677552] (rosbot_interfaces) StdoutLine: {'line': b'-- Up-to-date: /home/sachin/rosbot-wifi-heatmap-sim/install/rosbot_interfaces/share/rosbot_interfaces/cmake/rosidl_cmake_export_typesupport_libraries-extras.cmake\n'}
[0.677633] (rosbot_interfaces) StdoutLine: {'line': b'-- Up-to-date: /home/sachin/rosbot-wifi-heatmap-sim/install/rosbot_interfaces/share/rosbot_interfaces/cmake/rosbot_interfacesConfig.cmake\n'}
[0.677710] (rosbot_interfaces) StdoutLine: {'line': b'-- Up-to-date: /home/sachin/rosbot-wifi-heatmap-sim/install/rosbot_interfaces/share/rosbot_interfaces/cmake/rosbot_interfacesConfig-version.cmake\n'}
[0.677785] (rosbot_interfaces) StdoutLine: {'line': b'-- Up-to-date: /home/sachin/rosbot-wifi-heatmap-sim/install/rosbot_interfaces/share/rosbot_interfaces/package.xml\n'}
[0.680475] (rosbot_interfaces) CommandEnded: {'returncode': 0}
[0.700199] (-) TimerEvent: {}
[0.720212] (rosbot_interfaces) JobEnded: {'identifier': 'rosbot_interfaces', 'rc': 0}
[0.721860] (nav2_read_rssi_at_waypoint) JobStarted: {'identifier': 'nav2_read_rssi_at_waypoint'}
[0.729175] (rssi_heatmap_generator_package) JobStarted: {'identifier': 'rssi_heatmap_generator_package'}
[0.744625] (nav2_read_rssi_at_waypoint) JobProgress: {'identifier': 'nav2_read_rssi_at_waypoint', 'progress': 'cmake'}
[0.746805] (nav2_read_rssi_at_waypoint) JobProgress: {'identifier': 'nav2_read_rssi_at_waypoint', 'progress': 'build'}
[0.747753] (nav2_read_rssi_at_waypoint) Command: {'cmd': ['/usr/bin/cmake', '--build', '/home/sachin/rosbot-wifi-heatmap-sim/build/nav2_read_rssi_at_waypoint', '--', '-j12', '-l12'], 'cwd': '/home/sachin/rosbot-wifi-heatmap-sim/build/nav2_read_rssi_at_waypoint', 'env': OrderedDict({'LESSOPEN': '| /usr/bin/lesspipe %s', 'GZ_SIM_RESOURCE_PATH': '/home/sachin/gazebo_models', 'USER': 'sachin', 'GZ_CONFIG_PATH': '/opt/ros/jazzy/opt/gz_sim_vendor/share/gz:/opt/ros/jazzy/opt/sdformat_vendor/share/gz:/opt/ros/jazzy/opt/gz_gui_vendor/share/gz:/opt/ros/jazzy/opt/gz_transport_vendor/share/gz:/opt/ros/jazzy/opt/gz_rendering_vendor/share/gz:/opt/ros/jazzy/opt/gz_plugin_vendor/share/gz:/opt/ros/jazzy/opt/gz_fuel_tools_vendor/share/gz:/opt/ros/jazzy/opt/gz_msgs_vendor/share/gz:/opt/ros/jazzy/opt/gz_common_vendor/share/gz', 'XDG_SESSION_TYPE': 'x11', 'CLUTTER_DISABLE_MIPMAPPED_TEXT': '1', 'SHLVL': '1', 'LD_LIBRARY_PATH': '/home/sachin/rosbot-wifi-heatmap-sim/install/rosbot_interfaces/lib:/opt/ros/jazzy/opt/gz_sim_vendor/lib:/opt/ros/jazzy/opt/gz_sensors_vendor/lib:/opt/ros/jazzy/opt/gz_physics_vendor/lib:/opt/ros/jazzy/opt/sdformat_vendor/lib:/opt/ros/jazzy/opt/rviz_ogre_vendor/lib:/opt/ros/jazzy/lib/x86_64-linux-gnu:/opt/ros/jazzy/opt/gz_gui_vendor/lib:/opt/ros/jazzy/opt/gz_transport_vendor/lib:/opt/ros/jazzy/opt/gz_rendering_vendor/lib:/opt/ros/jazzy/opt/gz_plugin_vendor/lib:/opt/ros/jazzy/opt/gz_fuel_tools_vendor/lib:/opt/ros/jazzy/opt/gz_msgs_vendor/lib:/opt/ros/jazzy/opt/gz_common_vendor/lib:/opt/ros/jazzy/opt/gz_math_vendor/lib:/opt/ros/jazzy/opt/gz_utils_vendor/lib:/opt/ros/jazzy/opt/gz_tools_vendor/lib:/opt/ros/jazzy/opt/gz_ogre_next_vendor/lib:/opt/ros/jazzy/opt/gz_dartsim_vendor/lib:/opt/ros/jazzy/opt/gz_cmake_vendor/lib:/opt/ros/jazzy/lib', 'HOME': '/home/sachin', 'OLDPWD': '/home/sachin', 'DESKTOP_SESSION': 'ubuntu', 'ROS_PYTHON_VERSION': '3', 'GNOME_SHELL_SESSION_MODE': 'ubuntu', 'GTK_MODULES': 'gail:atk-bridge', 'PS1': '(.ros2_venv) \\[\\e]0;\\u@\\h: \\w\\a\\]${debian_chroot:+($debian_chroot)}\\[\\033[01;32m\\]\\u@\\h\\[\\033[00m\\]:\\[\\033[01;34m\\]\\w\\[\\033[00m\\]\\$', 'SYSTEMD_EXEC_PID': '2460', 'GSM_SKIP_SSH_AGENT_WORKAROUND': 'true', 'DBUS_SESSION_BUS_ADDRESS': 'unix:path=/run/user/1000/bus', 'COLORTERM': 'truecolor', 'DEBUGINFOD_URLS': 'https://debuginfod.ubuntu.com', 'ROS_DISTRO': 'jazzy', 'LOGNAME': 'sachin', '_': '/usr/bin/colcon', 'ROS_VERSION': '2', 'PIP_BREAK_SYSTEM_PACKAGES': '1', 'MEMORY_PRESSURE_WATCH': '/sys/fs/cgroup/user.slice/user-1000.slice/user@1000.service/session.slice/org.gnome.Shell@x11.service/memory.pressure', 'XDG_SESSION_CLASS': 'user', 'USERNAME': 'sachin', 'TERM': 'xterm-256color', 'GNOME_DESKTOP_SESSION_ID': 'this-is-deprecated', 'WINDOWPATH': '2', 'PATH': '/home/sachin/.ros2_venv/bin:/opt/ros/jazzy/opt/gz_msgs_vendor/bin:/opt/ros/jazzy/opt/gz_tools_vendor/bin:/opt/ros/jazzy/opt/gz_ogre_next_vendor/bin:/opt/ros/jazzy/bin:/usr/local/sbin:/usr/local/bin:/usr/sbin:/usr/bin:/sbin:/bin:/usr/games:/usr/local/games:/snap/bin:/snap/bin', 'SESSION_MANAGER': 'local/SK:@/tmp/.ICE-unix/2429,unix/SK:/tmp/.ICE-unix/2429', 'XDG_MENU_PREFIX': 'gnome-', 'GNOME_TERMINAL_SCREEN': '/org/gnome/Terminal/screen/5b63cac7_be2c_48a4_8e8a_d3d0805ada79', 'XDG_RUNTIME_DIR': '/run/user/1000', 'DISPLAY': ':1', 'LANG': 'en_US.UTF-8', 'XDG_CURRENT_DESKTOP': 'ubuntu:GNOME', 'VIRTUAL_ENV_PROMPT': '(.ros2_venv)', 'XMODIFIERS': '@im=ibus', 'XDG_SESSION_DESKTOP': 'ubuntu', 'XAUTHORITY': '/run/user/1000/gdm/Xauthority', 'LS_COLORS': 'rs=0:di=01;34:ln=01;36:mh=00:pi=40;33:so=01;35:do=01;35:bd=40;33;01:cd=40;33;01:or=40;31;01:mi=00:su=37;41:sg=30;43:ca=00:tw=30;42:ow=34;42:st=37;44:ex=01;32:*.tar=01;31:*.tgz=01;31:*.arc=01;31:*.arj=01;31:*.taz=01;31:*.lha=01;31:*.lz4=01;31:*.lzh=01;31:*.lzma=01;31:*.tlz=01;31:*.txz=01;31:*.tzo=01;31:*.t7z=01;31:*.zip=01;31:*.z=01;31:*.dz=01;31:*.gz=01;31:*.lrz=01;31:*.lz=01;31:*.lzo=01;31:*.xz=01;31:*.zst=01;31:*.tzst=01;31:*.bz2=01;31:*.bz=01;31:*.tbz=01;31:*.tbz2=01;31:*.tz=01;31:*.deb=01;31:*.rpm=01;31:*.jar=01;31:*.war=01;31:*.ear=01;31:*.sar=01;31:*.rar=01;31:*.alz=01;31:*.ace=01;31:*.zoo=01;31:*.cpio=01;31:*.7z=01;31:*.rz=01;31:*.cab=01;31:*.wim=01;31:*.swm=01;31:*.dwm=01;31:*.esd=01;31:*.avif=01;35:*.jpg=01;35:*.jpeg=01;35:*.mjpg=01;35:*.mjpeg=01;35:*.gif=01;35:*.bmp=01;35:*.pbm=01;35:*.pgm=01;35:*.ppm=01;35:*.tga=01;35:*.xbm=01;35:*.xpm=01;35:*.tif=01;35:*.tiff=01;35:*.png=01;35:*.svg=01;35:*.svgz=01;35:*.mng=01;35:*.pcx=01;35:*.mov=01;35:*.mpg=01;35:*.mpeg=01;35:*.m2v=01;35:*.mkv=01;35:*.webm=01;35:*.webp=01;35:*.ogm=01;35:*.mp4=01;35:*.m4v=01;35:*.mp4v=01;35:*.vob=01;35:*.qt=01;35:*.nuv=01;35:*.wmv=01;35:*.asf=01;35:*.rm=01;35:*.rmvb=01;35:*.flc=01;35:*.avi=01;35:*.fli=01;35:*.flv=01;35:*.gl=01;35:*.dl=01;35:*.xcf=01;35:*.xwd=01;35:*.yuv=01;35:*.cgm=01;35:*.emf=01;35:*.ogv=01;35:*.ogx=01;35:*.aac=00;36:*.au=00;36:*.flac=00;36:*.m4a=00;36:*.mid=00;36:*.midi=00;36:*.mka=00;36:*.mp3=00;36:*.mpc=00;36:*.ogg=00;36:*.ra=00;36:*.wav=00;36:*.oga=00;36:*.opus=00;36:*.spx=00;36:*.xspf=00;36:*~=00;90:*#=00;90:*.bak=00;90:*.crdownload=00;90:*.dpkg-dist=00;90:*.dpkg-new=00;90:*.dpkg-old=00;90:*.dpkg-tmp=00;90:*.old=00;90:*.orig=00;90:*.part=00;90:*.rej=00;90:*.rpmnew=00;90:*.rpmorig=00;90:*.rpmsave=00;90:*.swp=00;90:*.tmp=00;90:*.ucf-dist=00;90:*.ucf-new=00;90:*.ucf-old=00;90:', 'GNOME_TERMINAL_SERVICE': ':1.95', 'SSH_AUTH_SOCK': '/run/user/1000/keyring/ssh', 'ROS_DOMAIN_ID': '100', 'AMENT_PREFIX_PATH': '/home/sachin/rosbot-wifi-heatmap-sim/install/rosbot_interfaces:/opt/ros/jazzy', 'SHELL': '/bin/bash', 'QT_ACCESSIBILITY': '1', 'GDMSESSION': 'ubuntu', 'LESSCLOSE': '/usr/bin/lesspipe %s %s', 'GPG_AGENT_INFO': '/run/user/1000/gnupg/S.gpg-agent:0:1', 'VIRTUAL_ENV': '/home/sachin/.ros2_venv', 'ROS_AUTOMATIC_DISCOVERY_RANGE': 'SUBNET', 'QT_IM_MODULE': 'ibus', 'PWD': '/home/sachin/rosbot-wifi-heatmap-sim/build/nav2_read_rssi_at_waypoint', 'LC_ALL': 'en_US.UTF-8', 'XDG_CONFIG_DIRS': '/etc/xdg/xdg-ubuntu:/etc/xdg', 'XDG_DATA_DIRS': '/usr/share/ubuntu:/usr/share/gnome:/usr/local/share/:/usr/share/:/var/lib/snapd/desktop', 'PYTHONPATH': '/home/sachin/rosbot-wifi-heatmap-sim/install/rosbot_interfaces/lib/python3.12/site-packages:/opt/ros/jazzy/lib/python3.12/site-packages', 'COLCON': '1', 'MEMORY_PRESSURE_WRITE': 'c29tZSAyMDAwMDAgMjAwMDAwMAA=', 'VTE_VERSION': '7600', 'CMAKE_PREFIX_PATH': '/home/sachin/rosbot-wifi-heatmap-sim/install/rosbot_interfaces:/opt/ros/jazzy/opt/gz_sim_vendor:/opt/ros/jazzy/opt/gz_sensors_vendor:/opt/ros/jazzy/opt/gz_physics_vendor:/opt/ros/jazzy/opt/sdformat_vendor:/opt/ros/jazzy/opt/gz_gui_vendor:/opt/ros/jazzy/opt/gz_transport_vendor:/opt/ros/jazzy/opt/gz_rendering_vendor:/opt/ros/jazzy/opt/gz_plugin_vendor:/opt/ros/jazzy/opt/gz_fuel_tools_vendor:/opt/ros/jazzy/opt/gz_msgs_vendor:/opt/ros/jazzy/opt/gz_common_vendor:/opt/ros/jazzy/opt/gz_math_vendor:/opt/ros/jazzy/opt/gz_utils_vendor:/opt/ros/jazzy/opt/gz_tools_vendor:/opt/ros/jazzy/opt/gz_ogre_next_vendor:/opt/ros/jazzy/opt/gz_dartsim_vendor:/opt/ros/jazzy/opt/gz_cmake_vendor:/opt/ros/jazzy'}), 'shell': False}
[0.800370] (-) TimerEvent: {}
[0.870088] (nav2_read_rssi_at_waypoint) StdoutLine: {'line': b'[100%] Built target nav2_read_rssi_at_waypoint\n'}
[0.900495] (-) TimerEvent: {}
[1.000971] (-) TimerEvent: {}
[1.028205] (nav2_read_rssi_at_waypoint) CommandEnded: {'returncode': 0}
[1.029322] (nav2_read_rssi_at_waypoint) JobProgress: {'identifier': 'nav2_read_rssi_at_waypoint', 'progress': 'install'}
[1.029578] (nav2_read_rssi_at_waypoint) Command: {'cmd': ['/usr/bin/cmake', '--install', '/home/sachin/rosbot-wifi-heatmap-sim/build/nav2_read_rssi_at_waypoint'], 'cwd': '/home/sachin/rosbot-wifi-heatmap-sim/build/nav2_read_rssi_at_waypoint', 'env': OrderedDict({'LESSOPEN': '| /usr/bin/lesspipe %s', 'GZ_SIM_RESOURCE_PATH': '/home/sachin/gazebo_models', 'USER': 'sachin', 'GZ_CONFIG_PATH': '/opt/ros/jazzy/opt/gz_sim_vendor/share/gz:/opt/ros/jazzy/opt/sdformat_vendor/share/gz:/opt/ros/jazzy/opt/gz_gui_vendor/share/gz:/opt/ros/jazzy/opt/gz_transport_vendor/share/gz:/opt/ros/jazzy/opt/gz_rendering_vendor/share/gz:/opt/ros/jazzy/opt/gz_plugin_vendor/share/gz:/opt/ros/jazzy/opt/gz_fuel_tools_vendor/share/gz:/opt/ros/jazzy/opt/gz_msgs_vendor/share/gz:/opt/ros/jazzy/opt/gz_common_vendor/share/gz', 'XDG_SESSION_TYPE': 'x11', 'CLUTTER_DISABLE_MIPMAPPED_TEXT': '1', 'SHLVL': '1', 'LD_LIBRARY_PATH': '/home/sachin/rosbot-wifi-heatmap-sim/install/rosbot_interfaces/lib:/opt/ros/jazzy/opt/gz_sim_vendor/lib:/opt/ros/jazzy/opt/gz_sensors_vendor/lib:/opt/ros/jazzy/opt/gz_physics_vendor/lib:/opt/ros/jazzy/opt/sdformat_vendor/lib:/opt/ros/jazzy/opt/rviz_ogre_vendor/lib:/opt/ros/jazzy/lib/x86_64-linux-gnu:/opt/ros/jazzy/opt/gz_gui_vendor/lib:/opt/ros/jazzy/opt/gz_transport_vendor/lib:/opt/ros/jazzy/opt/gz_rendering_vendor/lib:/opt/ros/jazzy/opt/gz_plugin_vendor/lib:/opt/ros/jazzy/opt/gz_fuel_tools_vendor/lib:/opt/ros/jazzy/opt/gz_msgs_vendor/lib:/opt/ros/jazzy/opt/gz_common_vendor/lib:/opt/ros/jazzy/opt/gz_math_vendor/lib:/opt/ros/jazzy/opt/gz_utils_vendor/lib:/opt/ros/jazzy/opt/gz_tools_vendor/lib:/opt/ros/jazzy/opt/gz_ogre_next_vendor/lib:/opt/ros/jazzy/opt/gz_dartsim_vendor/lib:/opt/ros/jazzy/opt/gz_cmake_vendor/lib:/opt/ros/jazzy/lib', 'HOME': '/home/sachin', 'OLDPWD': '/home/sachin', 'DESKTOP_SESSION': 'ubuntu', 'ROS_PYTHON_VERSION': '3', 'GNOME_SHELL_SESSION_MODE': 'ubuntu', 'GTK_MODULES': 'gail:atk-bridge', 'PS1': '(.ros2_venv) \\[\\e]0;\\u@\\h: \\w\\a\\]${debian_chroot:+($debian_chroot)}\\[\\033[01;32m\\]\\u@\\h\\[\\033[00m\\]:\\[\\033[01;34m\\]\\w\\[\\033[00m\\]\\$', 'SYSTEMD_EXEC_PID': '2460', 'GSM_SKIP_SSH_AGENT_WORKAROUND': 'true', 'DBUS_SESSION_BUS_ADDRESS': 'unix:path=/run/user/1000/bus', 'COLORTERM': 'truecolor', 'DEBUGINFOD_URLS': 'https://debuginfod.ubuntu.com', 'ROS_DISTRO': 'jazzy', 'LOGNAME': 'sachin', '_': '/usr/bin/colcon', 'ROS_VERSION': '2', 'PIP_BREAK_SYSTEM_PACKAGES': '1', 'MEMORY_PRESSURE_WATCH': '/sys/fs/cgroup/user.slice/user-1000.slice/user@1000.service/session.slice/org.gnome.Shell@x11.service/memory.pressure', 'XDG_SESSION_CLASS': 'user', 'USERNAME': 'sachin', 'TERM': 'xterm-256color', 'GNOME_DESKTOP_SESSION_ID': 'this-is-deprecated', 'WINDOWPATH': '2', 'PATH': '/home/sachin/.ros2_venv/bin:/opt/ros/jazzy/opt/gz_msgs_vendor/bin:/opt/ros/jazzy/opt/gz_tools_vendor/bin:/opt/ros/jazzy/opt/gz_ogre_next_vendor/bin:/opt/ros/jazzy/bin:/usr/local/sbin:/usr/local/bin:/usr/sbin:/usr/bin:/sbin:/bin:/usr/games:/usr/local/games:/snap/bin:/snap/bin', 'SESSION_MANAGER': 'local/SK:@/tmp/.ICE-unix/2429,unix/SK:/tmp/.ICE-unix/2429', 'XDG_MENU_PREFIX': 'gnome-', 'GNOME_TERMINAL_SCREEN': '/org/gnome/Terminal/screen/5b63cac7_be2c_48a4_8e8a_d3d0805ada79', 'XDG_RUNTIME_DIR': '/run/user/1000', 'DISPLAY': ':1', 'LANG': 'en_US.UTF-8', 'XDG_CURRENT_DESKTOP': 'ubuntu:GNOME', 'VIRTUAL_ENV_PROMPT': '(.ros2_venv)', 'XMODIFIERS': '@im=ibus', 'XDG_SESSION_DESKTOP': 'ubuntu', 'XAUTHORITY': '/run/user/1000/gdm/Xauthority', 'LS_COLORS': 'rs=0:di=01;34:ln=01;36:mh=00:pi=40;33:so=01;35:do=01;35:bd=40;33;01:cd=40;33;01:or=40;31;01:mi=00:su=37;41:sg=30;43:ca=00:tw=30;42:ow=34;42:st=37;44:ex=01;32:*.tar=01;31:*.tgz=01;31:*.arc=01;31:*.arj=01;31:*.taz=01;31:*.lha=01;31:*.lz4=01;31:*.lzh=01;31:*.lzma=01;31:*.tlz=01;31:*.txz=01;31:*.tzo=01;31:*.t7z=01;31:*.zip=01;31:*.z=01;31:*.dz=01;31:*.gz=01;31:*.lrz=01;31:*.lz=01;31:*.lzo=01;31:*.xz=01;31:*.zst=01;31:*.tzst=01;31:*.bz2=01;31:*.bz=01;31:*.tbz=01;31:*.tbz2=01;31:*.tz=01;31:*.deb=01;31:*.rpm=01;31:*.jar=01;31:*.war=01;31:*.ear=01;31:*.sar=01;31:*.rar=01;31:*.alz=01;31:*.ace=01;31:*.zoo=01;31:*.cpio=01;31:*.7z=01;31:*.rz=01;31:*.cab=01;31:*.wim=01;31:*.swm=01;31:*.dwm=01;31:*.esd=01;31:*.avif=01;35:*.jpg=01;35:*.jpeg=01;35:*.mjpg=01;35:*.mjpeg=01;35:*.gif=01;35:*.bmp=01;35:*.pbm=01;35:*.pgm=01;35:*.ppm=01;35:*.tga=01;35:*.xbm=01;35:*.xpm=01;35:*.tif=01;35:*.tiff=01;35:*.png=01;35:*.svg=01;35:*.svgz=01;35:*.mng=01;35:*.pcx=01;35:*.mov=01;35:*.mpg=01;35:*.mpeg=01;35:*.m2v=01;35:*.mkv=01;35:*.webm=01;35:*.webp=01;35:*.ogm=01;35:*.mp4=01;35:*.m4v=01;35:*.mp4v=01;35:*.vob=01;35:*.qt=01;35:*.nuv=01;35:*.wmv=01;35:*.asf=01;35:*.rm=01;35:*.rmvb=01;35:*.flc=01;35:*.avi=01;35:*.fli=01;35:*.flv=01;35:*.gl=01;35:*.dl=01;35:*.xcf=01;35:*.xwd=01;35:*.yuv=01;35:*.cgm=01;35:*.emf=01;35:*.ogv=01;35:*.ogx=01;35:*.aac=00;36:*.au=00;36:*.flac=00;36:*.m4a=00;36:*.mid=00;36:*.midi=00;36:*.mka=00;36:*.mp3=00;36:*.mpc=00;36:*.ogg=00;36:*.ra=00;36:*.wav=00;36:*.oga=00;36:*.opus=00;36:*.spx=00;36:*.xspf=00;36:*~=00;90:*#=00;90:*.bak=00;90:*.crdownload=00;90:*.dpkg-dist=00;90:*.dpkg-new=00;90:*.dpkg-old=00;90:*.dpkg-tmp=00;90:*.old=00;90:*.orig=00;90:*.part=00;90:*.rej=00;90:*.rpmnew=00;90:*.rpmorig=00;90:*.rpmsave=00;90:*.swp=00;90:*.tmp=00;90:*.ucf-dist=00;90:*.ucf-new=00;90:*.ucf-old=00;90:', 'GNOME_TERMINAL_SERVICE': ':1.95', 'SSH_AUTH_SOCK': '/run/user/1000/keyring/ssh', 'ROS_DOMAIN_ID': '100', 'AMENT_PREFIX_PATH': '/home/sachin/rosbot-wifi-heatmap-sim/install/rosbot_interfaces:/opt/ros/jazzy', 'SHELL': '/bin/bash', 'QT_ACCESSIBILITY': '1', 'GDMSESSION': 'ubuntu', 'LESSCLOSE': '/usr/bin/lesspipe %s %s', 'GPG_AGENT_INFO': '/run/user/1000/gnupg/S.gpg-agent:0:1', 'VIRTUAL_ENV': '/home/sachin/.ros2_venv', 'ROS_AUTOMATIC_DISCOVERY_RANGE': 'SUBNET', 'QT_IM_MODULE': 'ibus', 'PWD': '/home/sachin/rosbot-wifi-heatmap-sim/build/nav2_read_rssi_at_waypoint', 'LC_ALL': 'en_US.UTF-8', 'XDG_CONFIG_DIRS': '/etc/xdg/xdg-ubuntu:/etc/xdg', 'XDG_DATA_DIRS': '/usr/share/ubuntu:/usr/share/gnome:/usr/local/share/:/usr/share/:/var/lib/snapd/desktop', 'PYTHONPATH': '/home/sachin/rosbot-wifi-heatmap-sim/install/rosbot_interfaces/lib/python3.12/site-packages:/opt/ros/jazzy/lib/python3.12/site-packages', 'COLCON': '1', 'MEMORY_PRESSURE_WRITE': 'c29tZSAyMDAwMDAgMjAwMDAwMAA=', 'VTE_VERSION': '7600', 'CMAKE_PREFIX_PATH': '/home/sachin/rosbot-wifi-heatmap-sim/install/rosbot_interfaces:/opt/ros/jazzy/opt/gz_sim_vendor:/opt/ros/jazzy/opt/gz_sensors_vendor:/opt/ros/jazzy/opt/gz_physics_vendor:/opt/ros/jazzy/opt/sdformat_vendor:/opt/ros/jazzy/opt/gz_gui_vendor:/opt/ros/jazzy/opt/gz_transport_vendor:/opt/ros/jazzy/opt/gz_rendering_vendor:/opt/ros/jazzy/opt/gz_plugin_vendor:/opt/ros/jazzy/opt/gz_fuel_tools_vendor:/opt/ros/jazzy/opt/gz_msgs_vendor:/opt/ros/jazzy/opt/gz_common_vendor:/opt/ros/jazzy/opt/gz_math_vendor:/opt/ros/jazzy/opt/gz_utils_vendor:/opt/ros/jazzy/opt/gz_tools_vendor:/opt/ros/jazzy/opt/gz_ogre_next_vendor:/opt/ros/jazzy/opt/gz_dartsim_vendor:/opt/ros/jazzy/opt/gz_cmake_vendor:/opt/ros/jazzy'}), 'shell': False}
[1.043182] (nav2_read_rssi_at_waypoint) StdoutLine: {'line': b'-- Install configuration: ""\n'}
[1.043504] (nav2_read_rssi_at_waypoint) StdoutLine: {'line': b'-- Up-to-date: /home/sachin/rosbot-wifi-heatmap-sim/install/nav2_read_rssi_at_waypoint/share/nav2_read_rssi_at_waypoint/nav2_read_rssi_at_waypoint.xml\n'}
[1.043924] (nav2_read_rssi_at_waypoint) StdoutLine: {'line': b'-- Up-to-date: /home/sachin/rosbot-wifi-heatmap-sim/install/nav2_read_rssi_at_waypoint/lib/libnav2_read_rssi_at_waypoint.so\n'}
[1.044114] (nav2_read_rssi_at_waypoint) StdoutLine: {'line': b'-- Up-to-date: /home/sachin/rosbot-wifi-heatmap-sim/install/nav2_read_rssi_at_waypoint/include/\n'}
[1.044429] (nav2_read_rssi_at_waypoint) StdoutLine: {'line': b'-- Up-to-date: /home/sachin/rosbot-wifi-heatmap-sim/install/nav2_read_rssi_at_waypoint/include//nav2_read_rssi_at_waypoint\n'}
[1.044673] (nav2_read_rssi_at_waypoint) StdoutLine: {'line': b'-- Up-to-date: /home/sachin/rosbot-wifi-heatmap-sim/install/nav2_read_rssi_at_waypoint/include//nav2_read_rssi_at_waypoint/read_rssi_at_waypoint.hpp\n'}
[1.044887] (nav2_read_rssi_at_waypoint) StdoutLine: {'line': b'-- Up-to-date: /home/sachin/rosbot-wifi-heatmap-sim/install/nav2_read_rssi_at_waypoint/include//nav2_read_rssi_at_waypoint/simulated_rssi.hpp\n'}
[1.045247] (nav2_read_rssi_at_waypoint) StdoutLine: {'line': b'-- Up-to-date: /home/sachin/rosbot-wifi-heatmap-sim/install/nav2_read_rssi_at_waypoint/share/nav2_read_rssi_at_waypoint/nav2_read_rssi_at_waypoint.xml\n'}
[1.045448] (nav2_read_rssi_at_waypoint) StdoutLine: {'line': b'-- Up-to-date: /home/sachin/rosbot-wifi-heatmap-sim/install/nav2_read_rssi_at_waypoint/share/nav2_read_rssi_at_waypoint/environment/library_path.sh\n'}
[1.045522] (nav2_read_rssi_at_waypoint) StdoutLine: {'line': b'-- Up-to-date: /home/sachin/rosbot-wifi-heatmap-sim/install/nav2_read_rssi_at_waypoint/share/nav2_read_rssi_at_waypoint/environment/library_path.dsv\n'}
[1.045645] (nav2_read_rssi_at_waypoint) StdoutLine: {'line': b'-- Up-to-date: /home/sachin/rosbot-wifi-heatmap-sim/install/nav2_read_rssi_at_waypoint/share/ament_index/resource_index/package_run_dependencies/nav2_read_rssi_at_waypoint\n'}
[1.045705] (nav2_read_rssi_at_waypoint) StdoutLine: {'line': b'-- Up-to-date: /home/sachin/rosbot-wifi-heatmap-sim/install/nav2_read_rssi_at_waypoint/share/ament_index/resource_index/parent_prefix_path/nav2_read_rssi_at_waypoint\n'}
[1.045762] (nav2_read_rssi_at_waypoint) StdoutLine: {'line': b'-- Up-to-date: /home/sachin/rosbot-wifi-heatmap-sim/install/nav2_read_rssi_at_waypoint/share/nav2_read_rssi_at_waypoint/environment/ament_prefix_path.sh\n'}
[1.045819] (nav2_read_rssi_at_waypoint) StdoutLine: {'line': b'-- Up-to-date: /home/sachin/rosbot-wifi-heatmap-sim/install/nav2_read_rssi_at_waypoint/share/nav2_read_rssi_at_waypoint/environment/ament_prefix_path.dsv\n'}
[1.045874] (nav2_read_rssi_at_waypoint) StdoutLine: {'line': b'-- Up-to-date: /home/sachin/rosbot-wifi-heatmap-sim/install/nav2_read_rssi_at_waypoint/share/nav2_read_rssi_at_waypoint/environment/path.sh\n'}
[1.045930] (nav2_read_rssi_at_waypoint) StdoutLine: {'line': b'-- Up-to-date: /home/sachin/rosbot-wifi-heatmap-sim/install/nav2_read_rssi_at_waypoint/share/nav2_read_rssi_at_waypoint/environment/path.dsv\n'}
[1.045985] (nav2_read_rssi_at_waypoint) StdoutLine: {'line': b'-- Up-to-date: /home/sachin/rosbot-wifi-heatmap-sim/install/nav2_read_rssi_at_waypoint/share/nav2_read_rssi_at_waypoint/local_setup.bash\n'}
[1.046053] (nav2_read_rssi_at_waypoint) StdoutLine: {'line': b'-- Up-to-date: /home/sachin/rosbot-wifi-heatmap-sim/install/nav2_read_rssi_at_waypoint/share/nav2_read_rssi_at_waypoint/local_setup.sh\n'}
[1.046107] (nav2_read_rssi_at_waypoint) StdoutLine: {'line': b'-- Up-to-date: /home/sachin/rosbot-wifi-heatmap-sim/install/nav2_read_rssi_at_waypoint/share/nav2_read_rssi_at_waypoint/local_setup.zsh\n'}
[1.046159] (nav2_read_rssi_at_waypoint) StdoutLine: {'line': b'-- Up-to-date: /home/sachin/rosbot-wifi-heatmap-sim/install/nav2_read_rssi_at_waypoint/share/nav2_read_rssi_at_waypoint/local_setup.dsv\n'}
[1.046213] (nav2_read_rssi_at_waypoint) StdoutLine: {'line': b'-- Installing: /home/sachin/rosbot-wifi-heatmap-sim/install/nav2_read_rssi_at_waypoint/share/nav2_read_rssi_at_waypoint/package.dsv\n'}
[1.046268] (nav2_read_rssi_at_waypoint) StdoutLine: {'line': b'-- Up-to-date: /home/sachin/rosbot-wifi-heatmap-sim/install/nav2_read_rssi_at_waypoint/share/ament_index/resource_index/packages/nav2_read_rssi_at_waypoint\n'}
[1.046321] (nav2_read_rssi_at_waypoint) StdoutLine: {'line': b'-- Up-to-date: /home/sachin/rosbot-wifi-heatmap-sim/install/nav2_read_rssi_at_waypoint/share/ament_index/resource_index/nav2_waypoint_follower__pluginlib__plugin/nav2_read_rssi_at_waypoint\n'}
[1.046376] (nav2_read_rssi_at_waypoint) StdoutLine: {'line': b'-- Up-to-date: /home/sachin/rosbot-wifi-heatmap-sim/install/nav2_read_rssi_at_waypoint/share/nav2_read_rssi_at_waypoint/cmake/ament_cmake_export_include_directories-extras.cmake\n'}
[1.046431] (nav2_read_rssi_at_waypoint) StdoutLine: {'line': b'-- Up-to-date: /home/sachin/rosbot-wifi-heatmap-sim/install/nav2_read_rssi_at_waypoint/share/nav2_read_rssi_at_waypoint/cmake/ament_cmake_export_libraries-extras.cmake\n'}
[1.046485] (nav2_read_rssi_at_waypoint) StdoutLine: {'line': b'-- Up-to-date: /home/sachin/rosbot-wifi-heatmap-sim/install/nav2_read_rssi_at_waypoint/share/nav2_read_rssi_at_waypoint/cmake/ament_cmake_export_dependencies-extras.cmake\n'}
[1.046538] (nav2_read_rssi_at_waypoint) StdoutLine: {'line': b'-- Up-to-date: /home/sachin/rosbot-wifi-heatmap-sim/install/nav2_read_rssi_at_waypoint/share/nav2_read_rssi_at_waypoint/cmake/nav2_read_rssi_at_waypointConfig.cmake\n'}
[1.046591] (nav2_read_rssi_at_waypoint) StdoutLine: {'line': b'-- Up-to-date: /home/sachin/rosbot-wifi-heatmap-sim/install/nav2_read_rssi_at_waypoint/share/nav2_read_rssi_at_waypoint/cmake/nav2_read_rssi_at_waypointConfig-version.cmake\n'}
[1.046653] (nav2_read_rssi_at_waypoint) StdoutLine: {'line': b'-- Up-to-date: /home/sachin/rosbot-wifi-heatmap-sim/install/nav2_read_rssi_at_waypoint/share/nav2_read_rssi_at_waypoint/package.xml\n'}
[1.047467] (nav2_read_rssi_at_waypoint) CommandEnded: {'returncode': 0}
[1.063729] (nav2_read_rssi_at_waypoint) JobEnded: {'identifier': 'nav2_read_rssi_at_waypoint', 'rc': 0}
[1.101192] (-) TimerEvent: {}
[1.163955] (waypoint_publisher_package) Command: {'cmd': ['/usr/bin/python3', '-W', 'ignore:setup.py install is deprecated', '-W', 'ignore:easy_install command is deprecated', 'setup.py', 'egg_info', '--egg-base', '../../build/waypoint_publisher_package', 'build', '--build-base', '/home/sachin/rosbot-wifi-heatmap-sim/build/waypoint_publisher_package/build', 'install', '--record', '/home/sachin/rosbot-wifi-heatmap-sim/build/waypoint_publisher_package/install.log', '--single-version-externally-managed', 'install_data'], 'cwd': '/home/sachin/rosbot-wifi-heatmap-sim/src/waypoint_publisher_package', 'env': {'LESSOPEN': '| /usr/bin/lesspipe %s', 'GZ_SIM_RESOURCE_PATH': '/home/sachin/gazebo_models', 'USER': 'sachin', 'GZ_CONFIG_PATH': '/opt/ros/jazzy/opt/gz_sim_vendor/share/gz:/opt/ros/jazzy/opt/sdformat_vendor/share/gz:/opt/ros/jazzy/opt/gz_gui_vendor/share/gz:/opt/ros/jazzy/opt/gz_transport_vendor/share/gz:/opt/ros/jazzy/opt/gz_rendering_vendor/share/gz:/opt/ros/jazzy/opt/gz_plugin_vendor/share/gz:/opt/ros/jazzy/opt/gz_fuel_tools_vendor/share/gz:/opt/ros/jazzy/opt/gz_msgs_vendor/share/gz:/opt/ros/jazzy/opt/gz_common_vendor/share/gz', 'XDG_SESSION_TYPE': 'x11', 'CLUTTER_DISABLE_MIPMAPPED_TEXT': '1', 'SHLVL': '1', 'LD_LIBRARY_PATH': '/opt/ros/jazzy/opt/gz_sim_vendor/lib:/opt/ros/jazzy/opt/gz_sensors_vendor/lib:/opt/ros/jazzy/opt/gz_physics_vendor/lib:/opt/ros/jazzy/opt/sdformat_vendor/lib:/opt/ros/jazzy/opt/rviz_ogre_vendor/lib:/opt/ros/jazzy/lib/x86_64-linux-gnu:/opt/ros/jazzy/opt/gz_gui_vendor/lib:/opt/ros/jazzy/opt/gz_transport_vendor/lib:/opt/ros/jazzy/opt/gz_rendering_vendor/lib:/opt/ros/jazzy/opt/gz_plugin_vendor/lib:/opt/ros/jazzy/opt/gz_fuel_tools_vendor/lib:/opt/ros/jazzy/opt/gz_msgs_vendor/lib:/opt/ros/jazzy/opt/gz_common_vendor/lib:/opt/ros/jazzy/opt/gz_math_vendor/lib:/opt/ros/jazzy/opt/gz_utils_vendor/lib:/opt/ros/jazzy/opt/gz_tools_vendor/lib:/opt/ros/jazzy/opt/gz_ogre_next_vendor/lib:/opt/ros/jazzy/opt/gz_dartsim_vendor/lib:/opt/ros/jazzy/opt/gz_cmake_vendor/lib:/opt/ros/jazzy/lib', 'HOME': '/home/sachin', 'OLDPWD': '/home/sachin', 'DESKTOP_SESSION': 'ubuntu', 'ROS_PYTHON_VERSION': '3', 'GNOME_SHELL_SESSION_MODE': 'ubuntu', 'GTK_MODULES': 'gail:atk-bridge', 'PS1': '(.ros2_venv) \\[\\e]0;\\u@\\h: \\w\\a\\]${debian_chroot:+($debian_chroot)}\\[\\033[01;32m\\]\\u@\\h\\[\\033[00m\\]:\\[\\033[01;34m\\]\\w\\[\\033[00m\\]\\$', 'SYSTEMD_EXEC_PID': '2460', 'GSM_SKIP_SSH_AGENT_WORKAROUND': 'true', 'DBUS_SESSION_BUS_ADDRESS': 'unix:path=/run/user/1000/bus', 'COLORTERM': 'truecolor', 'DEBUGINFOD_URLS': 'https://debuginfod.ubuntu.com', 'ROS_DISTRO': 'jazzy', 'LOGNAME': 'sachin', '_': '/usr/bin/colcon', 'ROS_VERSION': '2', 'PIP_BREAK_SYSTEM_PACKAGES': '1', 'MEMORY_PRESSURE_WATCH': '/sys/fs/cgroup/user.slice/user-1000.slice/user@1000.service/session.slice/org.gnome.Shell@x11.service/memory.pressure', 'XDG_SESSION_CLASS': 'user', 'USERNAME': 'sachin', 'TERM': 'xterm-256color', 'GNOME_DESKTOP_SESSION_ID': 'this-is-deprecated', 'WINDOWPATH': '2', 'PATH': '/home/sachin/.ros2_venv/bin:/opt/ros/jazzy/opt/gz_msgs_vendor/bin:/opt/ros/jazzy/opt/gz_tools_vendor/bin:/opt/ros/jazzy/opt/gz_ogre_next_vendor/bin:/opt/ros/jazzy/bin:/usr/local/sbin:/usr/local/bin:/usr/sbin:/usr/bin:/sbin:/bin:/usr/games:/usr/local/games:/snap/bin:/snap/bin', 'SESSION_MANAGER': 'local/SK:@/tmp/.ICE-unix/2429,unix/SK:/tmp/.ICE-unix/2429', 'XDG_MENU_PREFIX': 'gnome-', 'GNOME_TERMINAL_SCREEN': '/org/gnome/Terminal/screen/5b63cac7_be2c_48a4_8e8a_d3d0805ada79', 'XDG_RUNTIME_DIR': '/run/user/1000', 'DISPLAY': ':1', 'LANG': 'en_US.UTF-8', 'XDG_CURRENT_DESKTOP': 'ubuntu:GNOME', 'VIRTUAL_ENV_PROMPT': '(.ros2_venv)', 'XMODIFIERS': '@im=ibus', 'XDG_SESSION_DESKTOP': 'ubuntu', 'XAUTHORITY': '/run/user/1000/gdm/Xauthority', 'LS_COLORS': 'rs=0:di=01;34:ln=01;36:mh=00:pi=40;33:so=01;35:do=01;35:bd=40;33;01:cd=40;33;01:or=40;31;01:mi=00:su=37;41:sg=30;43:ca=00:tw=30;42:ow=34;42:st=37;44:ex=01;32:*.tar=01;31:*.tgz=01;31:*.arc=01;31:*.arj=01;31:*.taz=01;31:*.lha=01;31:*.lz4=01;31:*.lzh=01;31:*.lzma=01;31:*.tlz=01;31:*.txz=01;31:*.tzo=01;31:*.t7z=01;31:*.zip=01;31:*.z=01;31:*.dz=01;31:*.gz=01;31:*.lrz=01;31:*.lz=01;31:*.lzo=01;31:*.xz=01;31:*.zst=01;31:*.tzst=01;31:*.bz2=01;31:*.bz=01;31:*.tbz=01;31:*.tbz2=01;31:*.tz=01;31:*.deb=01;31:*.rpm=01;31:*.jar=01;31:*.war=01;31:*.ear=01;31:*.sar=01;31:*.rar=01;31:*.alz=01;31:*.ace=01;31:*.zoo=01;31:*.cpio=01;31:*.7z=01;31:*.rz=01;31:*.cab=01;31:*.wim=01;31:*.swm=01;31:*.dwm=01;31:*.esd=01;31:*.avif=01;35:*.jpg=01;35:*.jpeg=01;35:*.mjpg=01;35:*.mjpeg=01;35:*.gif=01;35:*.bmp=01;35:*.pbm=01;35:*.pgm=01;35:*.ppm=01;35:*.tga=01;35:*.xbm=01;35:*.xpm=01;35:*.tif=01;35:*.tiff=01;35:*.png=01;35:*.svg=01;35:*.svgz=01;35:*.mng=01;35:*.pcx=01;35:*.mov=01;35:*.mpg=01;35:*.mpeg=01;35:*.m2v=01;35:*.mkv=01;35:*.webm=01;35:*.webp=01;35:*.ogm=01;35:*.mp4=01;35:*.m4v=01;35:*.mp4v=01;35:*.vob=01;35:*.qt=01;35:*.nuv=01;35:*.wmv=01;35:*.asf=01;35:*.rm=01;35:*.rmvb=01;35:*.flc=01;35:*.avi=01;35:*.fli=01;35:*.flv=01;35:*.gl=01;35:*.dl=01;35:*.xcf=01;35:*.xwd=01;35:*.yuv=01;35:*.cgm=01;35:*.emf=01;35:*.ogv=01;35:*.ogx=01;35:*.aac=00;36:*.au=00;36:*.flac=00;36:*.m4a=00;36:*.mid=00;36:*.midi=00;36:*.mka=00;36:*.mp3=00;36:*.mpc=00;36:*.ogg=00;36:*.ra=00;36:*.wav=00;36:*.oga=00;36:*.opus=00;36:*.spx=00;36:*.xspf=00;36:*~=00;90:*#=00;90:*.bak=00;90:*.crdownload=00;90:*.dpkg-dist=00;90:*.dpkg-new=00;90:*.dpkg-old=00;90:*.dpkg-tmp=00;90:*.old=00;90:*.orig=00;90:*.part=00;90:*.rej=00;90:*.rpmnew=00;90:*.rpmorig=00;90:*.rpmsave=00;90:*.swp=00;90:*.tmp=00;90:*.ucf-dist=00;90:*.ucf-new=00;90:*.ucf-old=00;90:', 'GNOME_TERMINAL_SERVICE': ':1.95', 'SSH_AUTH_SOCK': '/run/user/1000/keyring/ssh', 'ROS_DOMAIN_ID': '100', 'AMENT_PREFIX_PATH': '/opt/ros/jazzy', 'SHELL': '/bin/bash', 'QT_ACCESSIBILITY': '1', 'GDMSESSION': 'ubuntu', 'LESSCLOSE': '/usr/bin/lesspipe %s %s', 'GPG_AGENT_INFO': '/run/user/1000/gnupg/S.gpg-agent:0:1', 'VIRTUAL_ENV': '/home/sachin/.ros2_venv', 'ROS_AUTOMATIC_DISCOVERY_RANGE': 'SUBNET', 'QT_IM_MODULE': 'ibus', 'PWD': '/home/sachin/rosbot-wifi-heatmap-sim/build/waypoint_publisher_package', 'LC_ALL': 'en_US.UTF-8', 'XDG_CONFIG_DIRS': '/etc/xdg/xdg-ubuntu:/etc/xdg', 'XDG_DATA_DIRS': '/usr/share/ubuntu:/usr/share/gnome:/usr/local/share/:/usr/share/:/var/lib/snapd/desktop', 'PYTHONPATH': '/home/sachin/rosbot-wifi-heatmap-sim/build/waypoint_publisher_package/prefix_override:/usr/lib/python3/dist-packages/colcon_core/task/python/colcon_distutils_commands:/home/sachin/rosbot-wifi-heatmap-sim/install/waypoint_publisher_package/lib/python3.12/site-packages:/opt/ros/jazzy/lib/python3.12/site-packages', 'COLCON': '1', 'MEMORY_PRESSURE_WRITE': 'c29tZSAyMDAwMDAgMjAwMDAwMAA=', 'VTE_VERSION': '7600', 'CMAKE_PREFIX_PATH': '/opt/ros/jazzy/opt/gz_sim_vendor:/opt/ros/jazzy/opt/gz_sensors_vendor:/opt/ros/jazzy/opt/gz_physics_vendor:/opt/ros/jazzy/opt/sdformat_vendor:/opt/ros/jazzy/opt/gz_gui_vendor:/opt/ros/jazzy/opt/gz_transport_vendor:/opt/ros/jazzy/opt/gz_rendering_vendor:/opt/ros/jazzy/opt/gz_plugin_vendor:/opt/ros/jazzy/opt/gz_fuel_tools_vendor:/opt/ros/jazzy/opt/gz_msgs_vendor:/opt/ros/jazzy/opt/gz_common_vendor:/opt/ros/jazzy/opt/gz_math_vendor:/opt/ros/jazzy/opt/gz_utils_vendor:/opt/ros/jazzy/opt/gz_tools_vendor:/opt/ros/jazzy/opt/gz_ogre_next_vendor:/opt/ros/jazzy/opt/gz_dartsim_vendor:/opt/ros/jazzy/opt/gz_cmake_vendor'}, 'shell': False}
[1.201296] (-) TimerEvent: {}
[1.301616] (-) TimerEvent: {}
[1.401939] (-) TimerEvent: {}
[1.475600] (waypoint_publisher_package) StdoutLine: {'line': b'running egg_info\n'}
[1.497681] (waypoint_publisher_package) StdoutLine: {'line': b'writing ../../build/waypoint_publisher_package/waypoint_publisher_package.egg-info/PKG-INFO\n'}
[1.498192] (waypoint_publisher_package) StdoutLine: {'line': b'writing dependency_links to ../../build/waypoint_publisher_package/waypoint_publisher_package.egg-info/dependency_links.txt\n'}
[1.498480] (waypoint_publisher_package) StdoutLine: {'line': b'writing entry points to ../../build/waypoint_publisher_package/waypoint_publisher_package.egg-info/entry_points.txt\n'}
[1.498786] (waypoint_publisher_package) StdoutLine: {'line': b'writing requirements to ../../build/waypoint_publisher_package/waypoint_publisher_package.egg-info/requires.txt\n'}
[1.498968] (waypoint_publisher_package) StdoutLine: {'line': b'writing top-level names to ../../build/waypoint_publisher_package/waypoint_publisher_package.egg-info/top_level.txt\n'}
[1.502022] (-) TimerEvent: {}
[1.544822] (waypoint_publisher_package) StdoutLine: {'line': b"reading manifest file '../../build/waypoint_publisher_package/waypoint_publisher_package.egg-info/SOURCES.txt'\n"}
[1.546097] (waypoint_publisher_package) StdoutLine: {'line': b"writing manifest file '../../build/waypoint_publisher_package/waypoint_publisher_package.egg-info/SOURCES.txt'\n"}
[1.546270] (waypoint_publisher_package) StdoutLine: {'line': b'running build\n'}
[1.546357] (waypoint_publisher_package) StdoutLine: {'line': b'running build_py\n'}
[1.547166] (waypoint_publisher_package) StdoutLine: {'line': b'running install\n'}
[1.554667] (waypoint_publisher_package) StdoutLine: {'line': b'running install_lib\n'}
[1.578051] (waypoint_publisher_package) StdoutLine: {'line': b'running install_data\n'}
[1.578429] (waypoint_publisher_package) StdoutLine: {'line': b'running install_egg_info\n'}
[1.602079] (waypoint_publisher_package) StdoutLine: {'line': b"removing '/home/sachin/rosbot-wifi-heatmap-sim/install/waypoint_publisher_package/lib/python3.12/site-packages/waypoint_publisher_package-1.0.0-py3.12.egg-info' (and everything under it)\n"}
[1.602279] (-) TimerEvent: {}
[1.602525] (waypoint_publisher_package) StdoutLine: {'line': b'Copying ../../build/waypoint_publisher_package/waypoint_publisher_package.egg-info to /home/sachin/rosbot-wifi-heatmap-sim/install/waypoint_publisher_package/lib/python3.12/site-packages/waypoint_publisher_package-1.0.0-py3.12.egg-info\n'}
[1.603349] (waypoint_publisher_package) StdoutLine: {'line': b'running install_scripts\n'}
[1.702418] (-) TimerEvent: {}
[1.711299] (rssi_heatmap_generator_package) Command: {'cmd': ['/usr/bin/python3', '-W', 'ignore:setup.py install is deprecated', '-W', 'ignore:easy_install command is deprecated', 'setup.py', 'egg_info', '--egg-base', '../../build/rssi_heatmap_generator_package', 'build', '--build-base', '/home/sachin/rosbot-wifi-heatmap-sim/build/rssi_heatmap_generator_package/build', 'install', '--record', '/home/sachin/rosbot-wifi-heatmap-sim/build/rssi_heatmap_generator_package/install.log', '--single-version-externally-managed', 'install_data'], 'cwd': '/home/sachin/rosbot-wifi-heatmap-sim/src/rssi_heatmap_generator_package', 'env': {'LESSOPEN': '| /usr/bin/lesspipe %s', 'GZ_SIM_RESOURCE_PATH': '/home/sachin/gazebo_models', 'USER': 'sachin', 'GZ_CONFIG_PATH': '/opt/ros/jazzy/opt/gz_sim_vendor/share/gz:/opt/ros/jazzy/opt/sdformat_vendor/share/gz:/opt/ros/jazzy/opt/gz_gui_vendor/share/gz:/opt/ros/jazzy/opt/gz_transport_vendor/share/gz:/opt/ros/jazzy/opt/gz_rendering_vendor/share/gz:/opt/ros/jazzy/opt/gz_plugin_vendor/share/gz:/opt/ros/jazzy/opt/gz_fuel_tools_vendor/share/gz:/opt/ros/jazzy/opt/gz_msgs_vendor/share/gz:/opt/ros/jazzy/opt/gz_common_vendor/share/gz', 'XDG_SESSION_TYPE': 'x11', 'CLUTTER_DISABLE_MIPMAPPED_TEXT': '1', 'SHLVL': '1', 'LD_LIBRARY_PATH': '/home/sachin/rosbot-wifi-heatmap-sim/install/rosbot_interfaces/lib:/opt/ros/jazzy/opt/gz_sim_vendor/lib:/opt/ros/jazzy/opt/gz_sensors_vendor/lib:/opt/ros/jazzy/opt/gz_physics_vendor/lib:/opt/ros/jazzy/opt/sdformat_vendor/lib:/opt/ros/jazzy/opt/rviz_ogre_vendor/lib:/opt/ros/jazzy/lib/x86_64-linux-gnu:/opt/ros/jazzy/opt/gz_gui_vendor/lib:/opt/ros/jazzy/opt/gz_transport_vendor/lib:/opt/ros/jazzy/opt/gz_rendering_vendor/lib:/opt/ros/jazzy/opt/gz_plugin_vendor/lib:/opt/ros/jazzy/opt/gz_fuel_tools_vendor/lib:/opt/ros/jazzy/opt/gz_msgs_vendor/lib:/opt/ros/jazzy/opt/gz_common_vendor/lib:/opt/ros/jazzy/opt/gz_math_vendor/lib:/opt/ros/jazzy/opt/gz_utils_vendor/lib:/opt/ros/jazzy/opt/gz_tools_vendor/lib:/opt/ros/jazzy/opt/gz_ogre_next_vendor/lib:/opt/ros/jazzy/opt/gz_dartsim_vendor/lib:/opt/ros/jazzy/opt/gz_cmake_vendor/lib:/opt/ros/jazzy/lib', 'HOME': '/home/sachin', 'OLDPWD': '/home/sachin', 'DESKTOP_SESSION': 'ubuntu', 'ROS_PYTHON_VERSION': '3', 'GNOME_SHELL_SESSION_MODE': 'ubuntu', 'GTK_MODULES': 'gail:atk-bridge', 'PS1': '(.ros2_venv) \\[\\e]0;\\u@\\h: \\w\\a\\]${debian_chroot:+($debian_chroot)}\\[\\033[01;32m\\]\\u@\\h\\[\\033[00m\\]:\\[\\033[01;34m\\]\\w\\[\\033[00m\\]\\$', 'SYSTEMD_EXEC_PID': '2460', 'GSM_SKIP_SSH_AGENT_WORKAROUND': 'true', 'DBUS_SESSION_BUS_ADDRESS': 'unix:path=/run/user/1000/bus', 'COLORTERM': 'truecolor', 'DEBUGINFOD_URLS': 'https://debuginfod.ubuntu.com', 'ROS_DISTRO': 'jazzy', 'LOGNAME': 'sachin', '_': '/usr/bin/colcon', 'ROS_VERSION': '2', 'PIP_BREAK_SYSTEM_PACKAGES': '1', 'MEMORY_PRESSURE_WATCH': '/sys/fs/cgroup/user.slice/user-1000.slice/user@1000.service/session.slice/org.gnome.Shell@x11.service/memory.pressure', 'XDG_SESSION_CLASS': 'user', 'USERNAME': 'sachin', 'TERM': 'xterm-256color', 'GNOME_DESKTOP_SESSION_ID': 'this-is-deprecated', 'WINDOWPATH': '2', 'PATH': '/home/sachin/.ros2_venv/bin:/opt/ros/jazzy/opt/gz_msgs_vendor/bin:/opt/ros/jazzy/opt/gz_tools_vendor/bin:/opt/ros/jazzy/opt/gz_ogre_next_vendor/bin:/opt/ros/jazzy/bin:/usr/local/sbin:/usr/local/bin:/usr/sbin:/usr/bin:/sbin:/bin:/usr/games:/usr/local/games:/snap/bin:/snap/bin', 'SESSION_MANAGER': 'local/SK:@/tmp/.ICE-unix/2429,unix/SK:/tmp/.ICE-unix/2429', 'XDG_MENU_PREFIX': 'gnome-', 'GNOME_TERMINAL_SCREEN': '/org/gnome/Terminal/screen/5b63cac7_be2c_48a4_8e8a_d3d0805ada79', 'XDG_RUNTIME_DIR': '/run/user/1000', 'DISPLAY': ':1', 'LANG': 'en_US.UTF-8', 'XDG_CURRENT_DESKTOP': 'ubuntu:GNOME', 'VIRTUAL_ENV_PROMPT': '(.ros2_venv)', 'XMODIFIERS': '@im=ibus', 'XDG_SESSION_DESKTOP': 'ubuntu', 'XAUTHORITY': '/run/user/1000/gdm/Xauthority', 'LS_COLORS': 'rs=0:di=01;34:ln=01;36:mh=00:pi=40;33:so=01;35:do=01;35:bd=40;33;01:cd=40;33;01:or=40;31;01:mi=00:su=37;41:sg=30;43:ca=00:tw=30;42:ow=34;42:st=37;44:ex=01;32:*.tar=01;31:*.tgz=01;31:*.arc=01;31:*.arj=01;31:*.taz=01;31:*.lha=01;31:*.lz4=01;31:*.lzh=01;31:*.lzma=01;31:*.tlz=01;31:*.txz=01;31:*.tzo=01;31:*.t7z=01;31:*.zip=01;31:*.z=01;31:*.dz=01;31:*.gz=01;31:*.lrz=01;31:*.lz=01;31:*.lzo=01;31:*.xz=01;31:*.zst=01;31:*.tzst=01;31:*.bz2=01;31:*.bz=01;31:*.tbz=01;31:*.tbz2=01;31:*.tz=01;31:*.deb=01;31:*.rpm=01;31:*.jar=01;31:*.war=01;31:*.ear=01;31:*.sar=01;31:*.rar=01;31:*.alz=01;31:*.ace=01;31:*.zoo=01;31:*.cpio=01;31:*.7z=01;31:*.rz=01;31:*.cab=01;31:*.wim=01;31:*.swm=01;31:*.dwm=01;31:*.esd=01;31:*.avif=01;35:*.jpg=01;35:*.jpeg=01;35:*.mjpg=01;35:*.mjpeg=01;35:*.gif=01;35:*.bmp=01;35:*.pbm=01;35:*.pgm=01;35:*.ppm=01;35:*.tga=01;35:*.xbm=01;35:*.xpm=01;35:*.tif=01;35:*.tiff=01;35:*.png=01;35:*.svg=01;35:*.svgz=01;35:*.mng=01;35:*.pcx=01;35:*.mov=01;35:*.mpg=01;35:*.mpeg=01;35:*.m2v=01;35:*.mkv=01;35:*.webm=01;35:*.webp=01;35:*.ogm=01;35:*.mp4=01;35:*.m4v=01;35:*.mp4v=01;35:*.vob=01;35:*.qt=01;35:*.nuv=01;35:*.wmv=01;35:*.asf=01;35:*.rm=01;35:*.rmvb=01;35:*.flc=01;35:*.avi=01;35:*.fli=01;35:*.flv=01;35:*.gl=01;35:*.dl=01;35:*.xcf=01;35:*.xwd=01;35:*.yuv=01;35:*.cgm=01;35:*.emf=01;35:*.ogv=01;35:*.ogx=01;35:*.aac=00;36:*.au=00;36:*.flac=00;36:*.m4a=00;36:*.mid=00;36:*.midi=00;36:*.mka=00;36:*.mp3=00;36:*.mpc=00;36:*.ogg=00;36:*.ra=00;36:*.wav=00;36:*.oga=00;36:*.opus=00;36:*.spx=00;36:*.xspf=00;36:*~=00;90:*#=00;90:*.bak=00;90:*.crdownload=00;90:*.dpkg-dist=00;90:*.dpkg-new=00;90:*.dpkg-old=00;90:*.dpkg-tmp=00;90:*.old=00;90:*.orig=00;90:*.part=00;90:*.rej=00;90:*.rpmnew=00;90:*.rpmorig=00;90:*.rpmsave=00;90:*.swp=00;90:*.tmp=00;90:*.ucf-dist=00;90:*.ucf-new=00;90:*.ucf-old=00;90:', 'GNOME_TERMINAL_SERVICE': ':1.95', 'SSH_AUTH_SOCK': '/run/user/1000/keyring/ssh', 'ROS_DOMAIN_ID': '100', 'AMENT_PREFIX_PATH': '/home/sachin/rosbot-wifi-heatmap-sim/install/rosbot_interfaces:/opt/ros/jazzy', 'SHELL': '/bin/bash', 'QT_ACCESSIBILITY': '1', 'GDMSESSION': 'ubuntu', 'LESSCLOSE': '/usr/bin/lesspipe %s %s', 'GPG_AGENT_INFO': '/run/user/1000/gnupg/S.gpg-agent:0:1', 'VIRTUAL_ENV': '/home/sachin/.ros2_venv', 'ROS_AUTOMATIC_DISCOVERY_RANGE': 'SUBNET', 'QT_IM_MODULE': 'ibus', 'PWD': '/home/sachin/rosbot-wifi-heatmap-sim/build/rssi_heatmap_generator_package', 'LC_ALL': 'en_US.UTF-8', 'XDG_CONFIG_DIRS': '/etc/xdg/xdg-ubuntu:/etc/xdg', 'XDG_DATA_DIRS': '/usr/share/ubuntu:/usr/share/gnome:/usr/local/share/:/usr/share/:/var/lib/snapd/desktop', 'PYTHONPATH': '/home/sachin/rosbot-wifi-heatmap-sim/build/rssi_heatmap_generator_package/prefix_override:/usr/lib/python3/dist-packages/colcon_core/task/python/colcon_distutils_commands:/home/sachin/rosbot-wifi-heatmap-sim/install/rssi_heatmap_generator_package/lib/python3.12/site-packages:/home/sachin/rosbot-wifi-heatmap-sim/install/rosbot_interfaces/lib/python3.12/site-packages:/opt/ros/jazzy/lib/python3.12/site-packages', 'COLCON': '1', 'MEMORY_PRESSURE_WRITE': 'c29tZSAyMDAwMDAgMjAwMDAwMAA=', 'VTE_VERSION': '7600', 'CMAKE_PREFIX_PATH': '/home/sachin/rosbot-wifi-heatmap-sim/install/rosbot_interfaces:/opt/ros/jazzy/opt/gz_sim_vendor:/opt/ros/jazzy/opt/gz_sensors_vendor:/opt/ros/jazzy/opt/gz_physics_vendor:/opt/ros/jazzy/opt/sdformat_vendor:/opt/ros/jazzy/opt/gz_gui_vendor:/opt/ros/jazzy/opt/gz_transport_vendor:/opt/ros/jazzy/opt/gz_rendering_vendor:/opt/ros/jazzy/opt/gz_plugin_vendor:/opt/ros/jazzy/opt/gz_fuel_tools_vendor:/opt/ros/jazzy/opt/gz_msgs_vendor:/opt/ros/jazzy/opt/gz_common_vendor:/opt/ros/jazzy/opt/gz_math_vendor:/opt/ros/jazzy/opt/gz_utils_vendor:/opt/ros/jazzy/opt/gz_tools_vendor:/opt/ros/jazzy/opt/gz_ogre_next_vendor:/opt/ros/jazzy/opt/gz_dartsim_vendor:/opt/ros/jazzy/opt/gz_cmake_vendor'}, 'shell': False}
[1.755457] (waypoint_publisher_package) StdoutLine: {'line': b'Installing node script to /home/sachin/rosbot-wifi-heatmap-sim/install/waypoint_publisher_package/lib/waypoint_publisher_package\n'}
[1.756722] (waypoint_publisher_package) StdoutLine: {'line': b"writing list of installed files to '/home/sachin/rosbot-wifi-heatmap-sim/build/waypoint_publisher_package/install.log'\n"}
[1.791414] (waypoint_publisher_package) CommandEnded: {'returncode': 0}
[1.798408] (waypoint_publisher_package) JobEnded: {'identifier': 'waypoint_publisher_package', 'rc': 0}
[1.802540] (-) TimerEvent: {}
[1.902907] (-) TimerEvent: {}
[2.003278] (-) TimerEvent: {}
[2.026689] (rssi_heatmap_generator_package) StdoutLine: {'line': b'running egg_info\n'}
[2.048834] (rssi_heatmap_generator_package) StdoutLine: {'line': b'writing ../../build/rssi_heatmap_generator_package/rssi_heatmap_generator_package.egg-info/PKG-INFO\n'}
[2.054510] (rssi_heatmap_generator_package) StdoutLine: {'line': b'writing dependency_links to ../../build/rssi_heatmap_generator_package/rssi_heatmap_generator_package.egg-info/dependency_links.txt\n'}
[2.054925] (rssi_heatmap_generator_package) StdoutLine: {'line': b'writing entry points to ../../build/rssi_heatmap_generator_package/rssi_heatmap_generator_package.egg-info/entry_points.txt\n'}
[2.055140] (rssi_heatmap_generator_package) StdoutLine: {'line': b'writing requirements to ../../build/rssi_heatmap_generator_package/rssi_heatmap_generator_package.egg-info/requires.txt\n'}
[2.055423] (rssi_heatmap_generator_package) StdoutLine: {'line': b'writing top-level names to ../../build/rssi_heatmap_generator_package/rssi_heatmap_generator_package.egg-info/top_level.txt\n'}
[2.101547] (rssi_heatmap_generator_package) StdoutLine: {'line': b"reading manifest file '../../build/rssi_heatmap_generator_package/rssi_heatmap_generator_package.egg-info/SOURCES.txt'\n"}
[2.102734] (rssi_heatmap_generator_package) StdoutLine: {'line': b"writing manifest file '../../build/rssi_heatmap_generator_package/rssi_heatmap_generator_package.egg-info/SOURCES.txt'\n"}
[2.102929] (rssi_heatmap_generator_package) StdoutLine: {'line': b'running build\n'}
[2.103016] (rssi_heatmap_generator_package) StdoutLine: {'line': b'running build_py\n'}
[2.103333] (-) TimerEvent: {}
[2.104235] (rssi_heatmap_generator_package) StdoutLine: {'line': b'running install\n'}
[2.112216] (rssi_heatmap_generator_package) StdoutLine: {'line': b'running install_lib\n'}
[2.135989] (rssi_heatmap_generator_package) StdoutLine: {'line': b'running install_data\n'}
[2.136397] (rssi_heatmap_generator_package) StdoutLine: {'line': b'running install_egg_info\n'}
[2.160339] (rssi_heatmap_generator_package) StdoutLine: {'line': b"removing '/home/sachin/rosbot-wifi-heatmap-sim/install/rssi_heatmap_generator_package/lib/python3.12/site-packages/rssi_heatmap_generator_package-1.0.0-py3.12.egg-info' (and everything under it)\n"}
[2.160675] (rssi_heatmap_generator_package) StdoutLine: {'line': b'Copying ../../build/rssi_heatmap_generator_package/rssi_heatmap_generator_package.egg-info to /home/sachin/rosbot-wifi-heatmap-sim/install/rssi_heatmap_generator_package/lib/python3.12/site-packages/rssi_heatmap_generator_package-1.0.0-py3.12.egg-info\n'}
[2.161502] (rssi_heatmap_generator_package) StdoutLine: {'line': b'running install_scripts\n'}
[2.203521] (-) TimerEvent: {}
[2.303847] (-) TimerEvent: {}
[2.312965] (rssi_heatmap_generator_package) StdoutLine: {'line': b'Installing node script to /home/sachin/rosbot-wifi-heatmap-sim/install/rssi_heatmap_generator_package/lib/rssi_heatmap_generator_package\n'}
[2.318769] (rssi_heatmap_generator_package) StdoutLine: {'line': b"writing list of installed files to '/home/sachin/rosbot-wifi-heatmap-sim/build/rssi_heatmap_generator_package/install.log'\n"}
[2.355255] (rssi_heatmap_generator_package) CommandEnded: {'returncode': 0}
[2.362420] (rssi_heatmap_generator_package) JobEnded: {'identifier': 'rssi_heatmap_generator_package', 'rc': 0}
[2.363037] (mappers_bringup) JobStarted: {'identifier': 'mappers_bringup'}
[2.383961] (mappers_bringup) JobProgress: {'identifier': 'mappers_bringup', 'progress': 'cmake'}
[2.386305] (mappers_bringup) JobProgress: {'identifier': 'mappers_bringup', 'progress': 'build'}
[2.386383] (mappers_bringup) Command: {'cmd': ['/usr/bin/cmake', '--build', '/home/sachin/rosbot-wifi-heatmap-sim/build/mappers_bringup', '--', '-j12', '-l12'], 'cwd': '/home/sachin/rosbot-wifi-heatmap-sim/build/mappers_bringup', 'env': OrderedDict({'LESSOPEN': '| /usr/bin/lesspipe %s', 'GZ_SIM_RESOURCE_PATH': '/home/sachin/gazebo_models', 'USER': 'sachin', 'GZ_CONFIG_PATH': '/opt/ros/jazzy/opt/gz_sim_vendor/share/gz:/opt/ros/jazzy/opt/sdformat_vendor/share/gz:/opt/ros/jazzy/opt/gz_gui_vendor/share/gz:/opt/ros/jazzy/opt/gz_transport_vendor/share/gz:/opt/ros/jazzy/opt/gz_rendering_vendor/share/gz:/opt/ros/jazzy/opt/gz_plugin_vendor/share/gz:/opt/ros/jazzy/opt/gz_fuel_tools_vendor/share/gz:/opt/ros/jazzy/opt/gz_msgs_vendor/share/gz:/opt/ros/jazzy/opt/gz_common_vendor/share/gz', 'XDG_SESSION_TYPE': 'x11', 'CLUTTER_DISABLE_MIPMAPPED_TEXT': '1', 'SHLVL': '1', 'LD_LIBRARY_PATH': '/home/sachin/rosbot-wifi-heatmap-sim/install/nav2_read_rssi_at_waypoint/lib:/home/sachin/rosbot-wifi-heatmap-sim/install/rosbot_interfaces/lib:/opt/ros/jazzy/opt/gz_sim_vendor/lib:/opt/ros/jazzy/opt/gz_sensors_vendor/lib:/opt/ros/jazzy/opt/gz_physics_vendor/lib:/opt/ros/jazzy/opt/sdformat_vendor/lib:/opt/ros/jazzy/opt/rviz_ogre_vendor/lib:/opt/ros/jazzy/lib/x86_64-linux-gnu:/opt/ros/jazzy/opt/gz_gui_vendor/lib:/opt/ros/jazzy/opt/gz_transport_vendor/lib:/opt/ros/jazzy/opt/gz_rendering_vendor/lib:/opt/ros/jazzy/opt/gz_plugin_vendor/lib:/opt/ros/jazzy/opt/gz_fuel_tools_vendor/lib:/opt/ros/jazzy/opt/gz_msgs_vendor/lib:/opt/ros/jazzy/opt/gz_common_vendor/lib:/opt/ros/jazzy/opt/gz_math_vendor/lib:/opt/ros/jazzy/opt/gz_utils_vendor/lib:/opt/ros/jazzy/opt/gz_tools_vendor/lib:/opt/ros/jazzy/opt/gz_ogre_next_vendor/lib:/opt/ros/jazzy/opt/gz_dartsim_vendor/lib:/opt/ros/jazzy/opt/gz_cmake_vendor/lib:/opt/ros/jazzy/lib', 'HOME': '/home/sachin', 'OLDPWD': '/home/sachin', 'DESKTOP_SESSION': 'ubuntu', 'ROS_PYTHON_VERSION': '3', 'GNOME_SHELL_SESSION_MODE': 'ubuntu', 'GTK_MODULES': 'gail:atk-bridge', 'PS1': '(.ros2_venv) \\[\\e]0;\\u@\\h: \\w\\a\\]${debian_chroot:+($debian_chroot)}\\[\\033[01;32m\\]\\u@\\h\\[\\033[00m\\]:\\[\\033[01;34m\\]\\w\\[\\033[00m\\]\\$', 'SYSTEMD_EXEC_PID': '2460', 'GSM_SKIP_SSH_AGENT_WORKAROUND': 'true', 'DBUS_SESSION_BUS_ADDRESS': 'unix:path=/run/user/1000/bus', 'COLORTERM': 'truecolor', 'DEBUGINFOD_URLS': 'https://debuginfod.ubuntu.com', 'ROS_DISTRO': 'jazzy', 'LOGNAME': 'sachin', '_': '/usr/bin/colcon', 'ROS_VERSION': '2', 'PIP_BREAK_SYSTEM_PACKAGES': '1', 'MEMORY_PRESSURE_WATCH': '/sys/fs/cgroup/user.slice/user-1000.slice/user@1000.service/session.slice/org.gnome.Shell@x11.service/memory.pressure', 'XDG_SESSION_CLASS': 'user', 'USERNAME': 'sachin', 'TERM': 'xterm-256color', 'GNOME_DESKTOP_SESSION_ID': 'this-is-deprecated', 'WINDOWPATH': '2', 'PATH': '/home/sachin/.ros2_venv/bin:/opt/ros/jazzy/opt/gz_msgs_vendor/bin:/opt/ros/jazzy/opt/gz_tools_vendor/bin:/opt/ros/jazzy/opt/gz_ogre_next_vendor/bin:/opt/ros/jazzy/bin:/usr/local/sbin:/usr/local/bin:/usr/sbin:/usr/bin:/sbin:/bin:/usr/games:/usr/local/games:/snap/bin:/snap/bin', 'SESSION_MANAGER': 'local/SK:@/tmp/.ICE-unix/2429,unix/SK:/tmp/.ICE-unix/2429', 'XDG_MENU_PREFIX': 'gnome-', 'GNOME_TERMINAL_SCREEN': '/org/gnome/Terminal/screen/5b63cac7_be2c_48a4_8e8a_d3d0805ada79', 'XDG_RUNTIME_DIR': '/run/user/1000', 'DISPLAY': ':1', 'LANG': 'en_US.UTF-8', 'XDG_CURRENT_DESKTOP': 'ubuntu:GNOME', 'VIRTUAL_ENV_PROMPT': '(.ros2_venv)', 'XMODIFIERS': '@im=ibus', 'XDG_SESSION_DESKTOP': 'ubuntu', 'XAUTHORITY': '/run/user/1000/gdm/Xauthority', 'LS_COLORS': 'rs=0:di=01;34:ln=01;36:mh=00:pi=40;33:so=01;35:do=01;35:bd=40;33;01:cd=40;33;01:or=40;31;01:mi=00:su=37;41:sg=30;43:ca=00:tw=30;42:ow=34;42:st=37;44:ex=01;32:*.tar=01;31:*.tgz=01;31:*.arc=01;31:*.arj=01;31:*.taz=01;31:*.lha=01;31:*.lz4=01;31:*.lzh=01;31:*.lzma=01;31:*.tlz=01;31:*.txz=01;31:*.tzo=01;31:*.t7z=01;31:*.zip=01;31:*.z=01;31:*.dz=01;31:*.gz=01;31:*.lrz=01;31:*.lz=01;31:*.lzo=01;31:*.xz=01;31:*.zst=01;31:*.tzst=01;31:*.bz2=01;31:*.bz=01;31:*.tbz=01;31:*.tbz2=01;31:*.tz=01;31:*.deb=01;31:*.rpm=01;31:*.jar=01;31:*.war=01;31:*.ear=01;31:*.sar=01;31:*.rar=01;31:*.alz=01;31:*.ace=01;31:*.zoo=01;31:*.cpio=01;31:*.7z=01;31:*.rz=01;31:*.cab=01;31:*.wim=01;31:*.swm=01;31:*.dwm=01;31:*.esd=01;31:*.avif=01;35:*.jpg=01;35:*.jpeg=01;35:*.mjpg=01;35:*.mjpeg=01;35:*.gif=01;35:*.bmp=01;35:*.pbm=01;35:*.pgm=01;35:*.ppm=01;35:*.tga=01;35:*.xbm=01;35:*.xpm=01;35:*.tif=01;35:*.tiff=01;35:*.png=01;35:*.svg=01;35:*.svgz=01;35:*.mng=01;35:*.pcx=01;35:*.mov=01;35:*.mpg=01;35:*.mpeg=01;35:*.m2v=01;35:*.mkv=01;35:*.webm=01;35:*.webp=01;35:*.ogm=01;35:*.mp4=01;35:*.m4v=01;35:*.mp4v=01;35:*.vob=01;35:*.qt=01;35:*.nuv=01;35:*.wmv=01;35:*.asf=01;35:*.rm=01;35:*.rmvb=01;35:*.flc=01;35:*.avi=01;35:*.fli=01;35:*.flv=01;35:*.gl=01;35:*.dl=01;35:*.xcf=01;35:*.xwd=01;35:*.yuv=01;35:*.cgm=01;35:*.emf=01;35:*.ogv=01;35:*.ogx=01;35:*.aac=00;36:*.au=00;36:*.flac=00;36:*.m4a=00;36:*.mid=00;36:*.midi=00;36:*.mka=00;36:*.mp3=00;36:*.mpc=00;36:*.ogg=00;36:*.ra=00;36:*.wav=00;36:*.oga=00;36:*.opus=00;36:*.spx=00;36:*.xspf=00;36:*~=00;90:*#=00;90:*.bak=00;90:*.crdownload=00;90:*.dpkg-dist=00;90:*.dpkg-new=00;90:*.dpkg-old=00;90:*.dpkg-tmp=00;90:*.old=00;90:*.orig=00;90:*.part=00;90:*.rej=00;90:*.rpmnew=00;90:*.rpmorig=00;90:*.rpmsave=00;90:*.swp=00;90:*.tmp=00;90:*.ucf-dist=00;90:*.ucf-new=00;90:*.ucf-old=00;90:', 'GNOME_TERMINAL_SERVICE': ':1.95', 'SSH_AUTH_SOCK': '/run/user/1000/keyring/ssh', 'ROS_DOMAIN_ID': '100', 'AMENT_PREFIX_PATH': '/home/sachin/rosbot-wifi-heatmap-sim/install/rssi_heatmap_generator_package:/home/sachin/rosbot-wifi-heatmap-sim/install/nav2_read_rssi_at_waypoint:/home/sachin/rosbot-wifi-heatmap-sim/install/waypoint_publisher_package:/home/sachin/rosbot-wifi-heatmap-sim/install/rosbot_interfaces:/opt/ros/jazzy', 'SHELL': '/bin/bash', 'QT_ACCESSIBILITY': '1', 'GDMSESSION': 'ubuntu', 'LESSCLOSE': '/usr/bin/lesspipe %s %s', 'GPG_AGENT_INFO': '/run/user/1000/gnupg/S.gpg-agent:0:1', 'VIRTUAL_ENV': '/home/sachin/.ros2_venv', 'ROS_AUTOMATIC_DISCOVERY_RANGE': 'SUBNET', 'QT_IM_MODULE': 'ibus', 'PWD': '/home/sachin/rosbot-wifi-heatmap-sim/build/mappers_bringup', 'LC_ALL': 'en_US.UTF-8', 'XDG_CONFIG_DIRS': '/etc/xdg/xdg-ubuntu:/etc/xdg', 'XDG_DATA_DIRS': '/usr/share/ubuntu:/usr/share/gnome:/usr/local/share/:/usr/share/:/var/lib/snapd/desktop', 'PYTHONPATH': '/home/sachin/rosbot-wifi-heatmap-sim/install/rssi_heatmap_generator_package/lib/python3.12/site-packages:/home/sachin/rosbot-wifi-heatmap-sim/install/waypoint_publisher_package/lib/python3.12/site-packages:/home/sachin/rosbot-wifi-heatmap-sim/install/rosbot_interfaces/lib/python3.12/site-packages:/opt/ros/jazzy/lib/python3.12/site-packages', 'COLCON': '1', 'MEMORY_PRESSURE_WRITE': 'c29tZSAyMDAwMDAgMjAwMDAwMAA=', 'VTE_VERSION': '7600', 'CMAKE_PREFIX_PATH': '/home/sachin/rosbot-wifi-heatmap-sim/install/nav2_read_rssi_at_waypoint:/home/sachin/rosbot-wifi-heatmap-sim/install/rosbot_interfaces:/opt/ros/jazzy/opt/gz_sim_vendor:/opt/ros/jazzy/opt/gz_sensors_vendor:/opt/ros/jazzy/opt/gz_physics_vendor:/opt/ros/jazzy/opt/sdformat_vendor:/opt/ros/jazzy/opt/gz_gui_vendor:/opt/ros/jazzy/opt/gz_transport_vendor:/opt/ros/jazzy/opt/gz_rendering_vendor:/opt/ros/jazzy/opt/gz_plugin_vendor:/opt/ros/jazzy/opt/gz_fuel_tools_vendor:/opt/ros/jazzy/opt/gz_msgs_vendor:/opt/ros/jazzy/opt/gz_common_vendor:/opt/ros/jazzy/opt/gz_math_vendor:/opt/ros/jazzy/opt/gz_utils_vendor:/opt/ros/jazzy/opt/gz_tools_vendor:/opt/ros/jazzy/opt/gz_ogre_next_vendor:/opt/ros/jazzy/opt/gz_dartsim_vendor:/opt/ros/jazzy/opt/gz_cmake_vendor:/opt/ros/jazzy'}), 'shell': False}
[2.404061] (-) TimerEvent: {}
[2.453725] (mappers_bringup) CommandEnded: {'returncode': 0}
[2.455131] (mappers_bringup) JobProgress: {'identifier': 'mappers_bringup', 'progress': 'install'}
[2.455883] (mappers_bringup) Command: {'cmd': ['/usr/bin/cmake', '--install', '/home/sachin/rosbot-wifi-heatmap-sim/build/mappers_bringup'], 'cwd': '/home/sachin/rosbot-wifi-heatmap-sim/build/mappers_bringup', 'env': OrderedDict({'LESSOPEN': '| /usr/bin/lesspipe %s', 'GZ_SIM_RESOURCE_PATH': '/home/sachin/gazebo_models', 'USER': 'sachin', 'GZ_CONFIG_PATH': '/opt/ros/jazzy/opt/gz_sim_vendor/share/gz:/opt/ros/jazzy/opt/sdformat_vendor/share/gz:/opt/ros/jazzy/opt/gz_gui_vendor/share/gz:/opt/ros/jazzy/opt/gz_transport_vendor/share/gz:/opt/ros/jazzy/opt/gz_rendering_vendor/share/gz:/opt/ros/jazzy/opt/gz_plugin_vendor/share/gz:/opt/ros/jazzy/opt/gz_fuel_tools_vendor/share/gz:/opt/ros/jazzy/opt/gz_msgs_vendor/share/gz:/opt/ros/jazzy/opt/gz_common_vendor/share/gz', 'XDG_SESSION_TYPE': 'x11', 'CLUTTER_DISABLE_MIPMAPPED_TEXT': '1', 'SHLVL': '1', 'LD_LIBRARY_PATH': '/home/sachin/rosbot-wifi-heatmap-sim/install/nav2_read_rssi_at_waypoint/lib:/home/sachin/rosbot-wifi-heatmap-sim/install/rosbot_interfaces/lib:/opt/ros/jazzy/opt/gz_sim_vendor/lib:/opt/ros/jazzy/opt/gz_sensors_vendor/lib:/opt/ros/jazzy/opt/gz_physics_vendor/lib:/opt/ros/jazzy/opt/sdformat_vendor/lib:/opt/ros/jazzy/opt/rviz_ogre_vendor/lib:/opt/ros/jazzy/lib/x86_64-linux-gnu:/opt/ros/jazzy/opt/gz_gui_vendor/lib:/opt/ros/jazzy/opt/gz_transport_vendor/lib:/opt/ros/jazzy/opt/gz_rendering_vendor/lib:/opt/ros/jazzy/opt/gz_plugin_vendor/lib:/opt/ros/jazzy/opt/gz_fuel_tools_vendor/lib:/opt/ros/jazzy/opt/gz_msgs_vendor/lib:/opt/ros/jazzy/opt/gz_common_vendor/lib:/opt/ros/jazzy/opt/gz_math_vendor/lib:/opt/ros/jazzy/opt/gz_utils_vendor/lib:/opt/ros/jazzy/opt/gz_tools_vendor/lib:/opt/ros/jazzy/opt/gz_ogre_next_vendor/lib:/opt/ros/jazzy/opt/gz_dartsim_vendor/lib:/opt/ros/jazzy/opt/gz_cmake_vendor/lib:/opt/ros/jazzy/lib', 'HOME': '/home/sachin', 'OLDPWD': '/home/sachin', 'DESKTOP_SESSION': 'ubuntu', 'ROS_PYTHON_VERSION': '3', 'GNOME_SHELL_SESSION_MODE': 'ubuntu', 'GTK_MODULES': 'gail:atk-bridge', 'PS1': '(.ros2_venv) \\[\\e]0;\\u@\\h: \\w\\a\\]${debian_chroot:+($debian_chroot)}\\[\\033[01;32m\\]\\u@\\h\\[\\033[00m\\]:\\[\\033[01;34m\\]\\w\\[\\033[00m\\]\\$', 'SYSTEMD_EXEC_PID': '2460', 'GSM_SKIP_SSH_AGENT_WORKAROUND': 'true', 'DBUS_SESSION_BUS_ADDRESS': 'unix:path=/run/user/1000/bus', 'COLORTERM': 'truecolor', 'DEBUGINFOD_URLS': 'https://debuginfod.ubuntu.com', 'ROS_DISTRO': 'jazzy', 'LOGNAME': 'sachin', '_': '/usr/bin/colcon', 'ROS_VERSION': '2', 'PIP_BREAK_SYSTEM_PACKAGES': '1', 'MEMORY_PRESSURE_WATCH': '/sys/fs/cgroup/user.slice/user-1000.slice/user@1000.service/session.slice/org.gnome.Shell@x11.service/memory.pressure', 'XDG_SESSION_CLASS': 'user', 'USERNAME': 'sachin', 'TERM': 'xterm-256color', 'GNOME_DESKTOP_SESSION_ID': 'this-is-deprecated', 'WINDOWPATH': '2', 'PATH': '/home/sachin/.ros2_venv/bin:/opt/ros/jazzy/opt/gz_msgs_vendor/bin:/opt/ros/jazzy/opt/gz_tools_vendor/bin:/opt/ros/jazzy/opt/gz_ogre_next_vendor/bin:/opt/ros/jazzy/bin:/usr/local/sbin:/usr/local/bin:/usr/sbin:/usr/bin:/sbin:/bin:/usr/games:/usr/local/games:/snap/bin:/snap/bin', 'SESSION_MANAGER': 'local/SK:@/tmp/.ICE-unix/2429,unix/SK:/tmp/.ICE-unix/2429', 'XDG_MENU_PREFIX': 'gnome-', 'GNOME_TERMINAL_SCREEN': '/org/gnome/Terminal/screen/5b63cac7_be2c_48a4_8e8a_d3d0805ada79', 'XDG_RUNTIME_DIR': '/run/user/1000', 'DISPLAY': ':1', 'LANG': 'en_US.UTF-8', 'XDG_CURRENT_DESKTOP': 'ubuntu:GNOME', 'VIRTUAL_ENV_PROMPT': '(.ros2_venv)', 'XMODIFIERS': '@im=ibus', 'XDG_SESSION_DESKTOP': 'ubuntu', 'XAUTHORITY': '/run/user/1000/gdm/Xauthority', 'LS_COLORS': 'rs=0:di=01;34:ln=01;36:mh=00:pi=40;33:so=01;35:do=01;35:bd=40;33;01:cd=40;33;01:or=40;31;01:mi=00:su=37;41:sg=30;43:ca=00:tw=30;42:ow=34;42:st=37;44:ex=01;32:*.tar=01;31:*.tgz=01;31:*.arc=01;31:*.arj=01;31:*.taz=01;31:*.lha=01;31:*.lz4=01;31:*.lzh=01;31:*.lzma=01;31:*.tlz=01;31:*.txz=01;31:*.tzo=01;31:*.t7z=01;31:*.zip=01;31:*.z=01;31:*.dz=01;31:*.gz=01;31:*.lrz=01;31:*.lz=01;31:*.lzo=01;31:*.xz=01;31:*.zst=01;31:*.tzst=01;31:*.bz2=01;31:*.bz=01;31:*.tbz=01;31:*.tbz2=01;31:*.tz=01;31:*.deb=01;31:*.rpm=01;31:*.jar=01;31:*.war=01;31:*.ear=01;31:*.sar=01;31:*.rar=01;31:*.alz=01;31:*.ace=01;31:*.zoo=01;31:*.cpio=01;31:*.7z=01;31:*.rz=01;31:*.cab=01;31:*.wim=01;31:*.swm=01;31:*.dwm=01;31:*.esd=01;31:*.avif=01;35:*.jpg=01;35:*.jpeg=01;35:*.mjpg=01;35:*.mjpeg=01;35:*.gif=01;35:*.bmp=01;35:*.pbm=01;35:*.pgm=01;35:*.ppm=01;35:*.tga=01;35:*.xbm=01;35:*.xpm=01;35:*.tif=01;35:*.tiff=01;35:*.png=01;35:*.svg=01;35:*.svgz=01;35:*.mng=01;35:*.pcx=01;35:*.mov=01;35:*.mpg=01;35:*.mpeg=01;35:*.m2v=01;35:*.mkv=01;35:*.webm=01;35:*.webp=01;35:*.ogm=01;35:*.mp4=01;35:*.m4v=01;35:*.mp4v=01;35:*.vob=01;35:*.qt=01;35:*.nuv=01;35:*.wmv=01;35:*.asf=01;35:*.rm=01;35:*.rmvb=01;35:*.flc=01;35:*.avi=01;35:*.fli=01;35:*.flv=01;35:*.gl=01;35:*.dl=01;35:*.xcf=01;35:*.xwd=01;35:*.yuv=01;35:*.cgm=01;35:*.emf=01;35:*.ogv=01;35:*.ogx=01;35:*.aac=00;36:*.au=00;36:*.flac=00;36:*.m4a=00;36:*.mid=00;36:*.midi=00;36:*.mka=00;36:*.mp3=00;36:*.mpc=00;36:*.ogg=00;36:*.ra=00;36:*.wav=00;36:*.oga=00;36:*.opus=00;36:*.spx=00;36:*.xspf=00;36:*~=00;90:*#=00;90:*.bak=00;90:*.crdownload=00;90:*.dpkg-dist=00;90:*.dpkg-new=00;90:*.dpkg-old=00;90:*.dpkg-tmp=00;90:*.old=00;90:*.orig=00;90:*.part=00;90:*.rej=00;90:*.rpmnew=00;90:*.rpmorig=00;90:*.rpmsave=00;90:*.swp=00;90:*.tmp=00;90:*.ucf-dist=00;90:*.ucf-new=00;90:*.ucf-old=00;90:', 'GNOME_TERMINAL_SERVICE': ':1.95', 'SSH_AUTH_SOCK': '/run/user/1000/keyring/ssh', 'ROS_DOMAIN_ID': '100', 'AMENT_PREFIX_PATH': '/home/sachin/rosbot-wifi-heatmap-sim/install/rssi_heatmap_generator_package:/home/sachin/rosbot-wifi-heatmap-sim/install/nav2_read_rssi_at_waypoint:/home/sachin/rosbot-wifi-heatmap-sim/install/waypoint_publisher_package:/home/sachin/rosbot-wifi-heatmap-sim/install/rosbot_interfaces:/opt/ros/jazzy', 'SHELL': '/bin/bash', 'QT_ACCESSIBILITY': '1', 'GDMSESSION': 'ubuntu', 'LESSCLOSE': '/usr/bin/lesspipe %s %s', 'GPG_AGENT_INFO': '/run/user/1000/gnupg/S.gpg-agent:0:1', 'VIRTUAL_ENV': '/home/sachin/.ros2_venv', 'ROS_AUTOMATIC_DISCOVERY_RANGE': 'SUBNET', 'QT_IM_MODULE': 'ibus', 'PWD': '/home/sachin/rosbot-wifi-heatmap-sim/build/mappers_bringup', 'LC_ALL': 'en_US.UTF-8', 'XDG_CONFIG_DIRS': '/etc/xdg/xdg-ubuntu:/etc/xdg', 'XDG_DATA_DIRS': '/usr/share/ubuntu:/usr/share/gnome:/usr/local/share/:/usr/share/:/var/lib/snapd/desktop', 'PYTHONPATH': '/home/sachin/rosbot-wifi-heatmap-sim/install/rssi_heatmap_generator_package/lib/python3.12/site-packages:/home/sachin/rosbot-wifi-heatmap-sim/install/waypoint_publisher_package/lib/python3.12/site-packages:/home/sachin/rosbot-wifi-heatmap-sim/install/rosbot_interfaces/lib/python3.12/site-packages:/opt/ros/jazzy/lib/python3.12/site-packages', 'COLCON': '1', 'MEMORY_PRESSURE_WRITE': 'c29tZSAyMDAwMDAgMjAwMDAwMAA=', 'VTE_VERSION': '7600', 'CMAKE_PREFIX_PATH': '/home/sachin/rosbot-wifi-heatmap-sim/install/nav2_read_rssi_at_waypoint:/home/sachin/rosbot-wifi-heatmap-sim/install/rosbot_interfaces:/opt/ros/jazzy/opt/gz_sim_vendor:/opt/ros/jazzy/opt/gz_sensors_vendor:/opt/ros/jazzy/opt/gz_physics_vendor:/opt/ros/jazzy/opt/sdformat_vendor:/opt/ros/jazzy/opt/gz_gui_vendor:/opt/ros/jazzy/opt/gz_transport_vendor:/opt/ros/jazzy/opt/gz_rendering_vendor:/opt/ros/jazzy/opt/gz_plugin_vendor:/opt/ros/jazzy/opt/gz_fuel_tools_vendor:/opt/ros/jazzy/opt/gz_msgs_vendor:/opt/ros/jazzy/opt/gz_common_vendor:/opt/ros/jazzy/opt/gz_math_vendor:/opt/ros/jazzy/opt/gz_utils_vendor:/opt/ros/jazzy/opt/gz_tools_vendor:/opt/ros/jazzy/opt/gz_ogre_next_vendor:/opt/ros/jazzy/opt/gz_dartsim_vendor:/opt/ros/jazzy/opt/gz_cmake_vendor:/opt/ros/jazzy'}), 'shell': False}
[2.469415] (mappers_bringup) StdoutLine: {'line': b'-- Install configuration: ""\n'}
[2.469739] (mappers_bringup) StdoutLine: {'line': b'-- Up-to-date: /home/sachin/rosbot-wifi-heatmap-sim/install/mappers_bringup/share/mappers_bringup/launch\n'}
[2.469938] (mappers_bringup) StdoutLine: {'line': b'-- Up-to-date: /home/sachin/rosbot-wifi-heatmap-sim/install/mappers_bringup/share/mappers_bringup/launch/mappers.launch.py\n'}
[2.470065] (mappers_bringup) StdoutLine: {'line': b'-- Up-to-date: /home/sachin/rosbot-wifi-heatmap-sim/install/mappers_bringup/share/mappers_bringup/launch/sim_nav2_slam.launch.py\n'}
[2.470151] (mappers_bringup) StdoutLine: {'line': b'-- Up-to-date: /home/sachin/rosbot-wifi-heatmap-sim/install/mappers_bringup/share/mappers_bringup/launch/sim_nav2_localization.launch.py\n'}
[2.470419] (mappers_bringup) StdoutLine: {'line': b'-- Up-to-date: /home/sachin/rosbot-wifi-heatmap-sim/install/mappers_bringup/share/mappers_bringup/config\n'}
[2.470643] (mappers_bringup) StdoutLine: {'line': b'-- Up-to-date: /home/sachin/rosbot-wifi-heatmap-sim/install/mappers_bringup/share/mappers_bringup/config/slam_params.yaml\n'}
[2.470740] (mappers_bringup) StdoutLine: {'line': b'-- Up-to-date: /home/sachin/rosbot-wifi-heatmap-sim/install/mappers_bringup/share/mappers_bringup/config/nav2_params.yaml\n'}
[2.470826] (mappers_bringup) StdoutLine: {'line': b'-- Up-to-date: /home/sachin/rosbot-wifi-heatmap-sim/install/mappers_bringup/share/ament_index/resource_index/package_run_dependencies/mappers_bringup\n'}
[2.471002] (mappers_bringup) StdoutLine: {'line': b'-- Up-to-date: /home/sachin/rosbot-wifi-heatmap-sim/install/mappers_bringup/share/ament_index/resource_index/parent_prefix_path/mappers_bringup\n'}
[2.471150] (mappers_bringup) StdoutLine: {'line': b'-- Up-to-date: /home/sachin/rosbot-wifi-heatmap-sim/install/mappers_bringup/share/mappers_bringup/environment/ament_prefix_path.sh\n'}
[2.471232] (mappers_bringup) StdoutLine: {'line': b'-- Up-to-date: /home/sachin/rosbot-wifi-heatmap-sim/install/mappers_bringup/share/mappers_bringup/environment/ament_prefix_path.dsv\n'}
[2.471312] (mappers_bringup) StdoutLine: {'line': b'-- Up-to-date: /home/sachin/rosbot-wifi-heatmap-sim/install/mappers_bringup/share/mappers_bringup/environment/path.sh\n'}
[2.471396] (mappers_bringup) StdoutLine: {'line': b'-- Up-to-date: /home/sachin/rosbot-wifi-heatmap-sim/install/mappers_bringup/share/mappers_bringup/environment/path.dsv\n'}
[2.471479] (mappers_bringup) StdoutLine: {'line': b'-- Up-to-date: /home/sachin/rosbot-wifi-heatmap-sim/install/mappers_bringup/share/mappers_bringup/local_setup.bash\n'}
[2.471559] (mappers_bringup) StdoutLine: {'line': b'-- Up-to-date: /home/sachin/rosbot-wifi-heatmap-sim/install/mappers_bringup/share/mappers_bringup/local_setup.sh\n'}
[2.471637] (mappers_bringup) StdoutLine: {'line': b'-- Up-to-date: /home/sachin/rosbot-wifi-heatmap-sim/install/mappers_bringup/share/mappers_bringup/local_setup.zsh\n'}
[2.471713] (mappers_bringup) StdoutLine: {'line': b'-- Up-to-date: /home/sachin/rosbot-wifi-heatmap-sim/install/mappers_bringup/share/mappers_bringup/local_setup.dsv\n'}
[2.471839] (mappers_bringup) StdoutLine: {'line': b'-- Installing: /home/sachin/rosbot-wifi-heatmap-sim/install/mappers_bringup/share/mappers_bringup/package.dsv\n'}
[2.471916] (mappers_bringup) StdoutLine: {'line': b'-- Up-to-date: /home/sachin/rosbot-wifi-heatmap-sim/install/mappers_bringup/share/ament_index/resource_index/packages/mappers_bringup\n'}
[2.471994] (mappers_bringup) StdoutLine: {'line': b'-- Up-to-date: /home/sachin/rosbot-wifi-heatmap-sim/install/mappers_bringup/share/mappers_bringup/cmake/mappers_bringupConfig.cmake\n'}
[2.472071] (mappers_bringup) StdoutLine: {'line': b'-- Up-to-date: /home/sachin/rosbot-wifi-heatmap-sim/install/mappers_bringup/share/mappers_bringup/cmake/mappers_bringupConfig-version.cmake\n'}
[2.472145] (mappers_bringup) StdoutLine: {'line': b'-- Up-to-date: /home/sachin/rosbot-wifi-heatmap-sim/install/mappers_bringup/share/mappers_bringup/package.xml\n'}
[2.473846] (mappers_bringup) CommandEnded: {'returncode': 0}
[2.489886] (mappers_bringup) JobEnded: {'identifier': 'mappers_bringup', 'rc': 0}
[2.490494] (-) EventReactorShutdown: {}
