[0.000000] (-) TimerEvent: {}
[0.000738] (rosbot_interfaces) JobQueued: {'identifier': 'rosbot_interfaces', 'dependencies': OrderedDict()}
[0.000884] (waypoint_publisher_package) JobQueued: {'identifier': 'waypoint_publisher_package', 'dependencies': OrderedDict()}
[0.000924] (nav2_read_rssi_at_waypoint) JobQueued: {'identifier': 'nav2_read_rssi_at_waypoint', 'dependencies': OrderedDict({'rosbot_interfaces': '/home/sachin/rosbot-wifi-heatmap-sim/install/rosbot_interfaces'})}
[0.001411] (rssi_heatmap_generator_package) JobQueued: {'identifier': 'rssi_heatmap_generator_package', 'dependencies': OrderedDict({'rosbot_interfaces': '/home/sachin/rosbot-wifi-heatmap-sim/install/rosbot_interfaces'})}
[0.002274] (mappers_bringup) JobQueued: {'identifier': 'mappers_bringup', 'dependencies': OrderedDict({'rosbot_interfaces': '/home/sachin/rosbot-wifi-heatmap-sim/install/rosbot_interfaces', 'waypoint_publisher_package': '/home/sachin/rosbot-wifi-heatmap-sim/install/waypoint_publisher_package', 'nav2_read_rssi_at_waypoint': '/home/sachin/rosbot-wifi-heatmap-sim/install/nav2_read_rssi_at_waypoint', 'rssi_heatmap_generator_package': '/home/sachin/rosbot-wifi-heatmap-sim/install/rssi_heatmap_generator_package'})}
[0.002465] (rosbot_interfaces) JobStarted: {'identifier': 'rosbot_interfaces'}
[0.016323] (waypoint_publisher_package) JobStarted: {'identifier': 'waypoint_publisher_package'}
[0.032442] (rosbot_interfaces) JobProgress: {'identifier': 'rosbot_interfaces', 'progress': 'cmake'}
[0.034107] (rosbot_interfaces) JobProgress: {'identifier': 'rosbot_interfaces', 'progress': 'build'}
[0.034229] (rosbot_interfaces) Command: {'cmd': ['/usr/bin/cmake', '--build', '/home/sachin/rosbot-wifi-heatmap-sim/build/rosbot_interfaces', '--', '-j12', '-l12'], 'cwd': '/home/sachin/rosbot-wifi-heatmap-sim/build/rosbot_interfaces', 'env': OrderedDict({'LESSOPEN': '| /usr/bin/lesspipe %s', 'GZ_SIM_RESOURCE_PATH': '/opt/ros/jazzy/share:/home/sachin/gazebo_models', 'USER': 'sachin', 'GZ_CONFIG_PATH': '/opt/ros/jazzy/opt/gz_sim_vendor/share/gz:/opt/ros/jazzy/opt/sdformat_vendor/share/gz:/opt/ros/jazzy/opt/gz_gui_vendor/share/gz:/opt/ros/jazzy/opt/gz_transport_vendor/share/gz:/opt/ros/jazzy/opt/gz_rendering_vendor/share/gz:/opt/ros/jazzy/opt/gz_plugin_vendor/share/gz:/opt/ros/jazzy/opt/gz_fuel_tools_vendor/share/gz:/opt/ros/jazzy/opt/gz_msgs_vendor/share/gz:/opt/ros/jazzy/opt/gz_common_vendor/share/gz', 'XDG_SESSION_TYPE': 'x11', 'CLUTTER_DISABLE_MIPMAPPED_TEXT': '1', 'SHLVL': '1', 'LD_LIBRARY_PATH': '/home/sachin/rosbot-wifi-heatmap-sim/install/nav2_read_rssi_at_waypoint/lib:/home/sachin/rosbot-wifi-heatmap-sim/install/rosbot_interfaces/lib:/opt/ros/jazzy/opt/gz_sim_vendor/lib:/opt/ros/jazzy/opt/gz_sensors_vendor/lib:/opt/ros/jazzy/opt/gz_physics_vendor/lib:/opt/ros/jazzy/opt/sdformat_vendor/lib:/opt/ros/jazzy/opt/rviz_ogre_vendor/lib:/opt/ros/jazzy/lib/x86_64-linux-gnu:/opt/ros/jazzy/opt/gz_gui_vendor/lib:/opt/ros/jazzy/opt/gz_transport_vendor/lib:/opt/ros/jazzy/opt/gz_rendering_vendor/lib:/opt/ros/jazzy/opt/gz_plugin_vendor/lib:/opt/ros/jazzy/opt/gz_fuel_tools_vendor/lib:/opt/ros/jazzy/opt/gz_msgs_vendor/lib:/opt/ros/jazzy/opt/gz_common_vendor/lib:/opt/ros/jazzy/opt/gz_math_vendor/lib:/opt/ros/jazzy/opt/gz_utils_vendor/lib:/opt/ros/jazzy/opt/gz_tools_vendor/lib:/opt/ros/jazzy/opt/gz_ogre_next_vendor/lib:/opt/ros/jazzy/opt/gz_dartsim_vendor/lib:/opt/ros/jazzy/opt/gz_cmake_vendor/lib:/opt/ros/jazzy/lib', 'HOME': '/home/sachin', 'OLDPWD': '/home/sachin', 'DESKTOP_SESSION': 'ubuntu', 'ROS_PYTHON_VERSION': '3', 'GNOME_SHELL_SESSION_MODE': 'ubuntu', 'GTK_MODULES': 'gail:atk-bridge', 'PS1': '(.ros2_venv) \\[\\e]0;\\u@\\h: \\w\\a\\]${debian_chroot:+($debian_chroot)}\\[\\033[01;32m\\]\\u@\\h\\[\\033[00m\\]:\\[\\033[01;34m\\]\\w\\[\\033[00m\\]\\$', 'SYSTEMD_EXEC_PID': '2572', 'GSM_SKIP_SSH_AGENT_WORKAROUND': 'true', 'DBUS_SESSION_BUS_ADDRESS': 'unix:path=/run/user/1000/bus', 'COLORTERM': 'truecolor', 'DEBUGINFOD_URLS': 'https://debuginfod.ubuntu.com', 'COLCON_PREFIX_PATH': '/home/sachin/rosbot-wifi-heatmap-sim/install:/home/sachin/turtlebot3_ws/install', 'ROS_DISTRO': 'jazzy', 'LOGNAME': 'sachin', '_': '/usr/bin/colcon', 'ROS_VERSION': '2', 'PIP_BREAK_SYSTEM_PACKAGES': '1', 'MEMORY_PRESSURE_WATCH': '/sys/fs/cgroup/user.slice/user-1000.slice/user@1000.service/session.slice/org.gnome.Shell@x11.service/memory.pressure', 'XDG_SESSION_CLASS': 'user', 'USERNAME': 'sachin', 'TERM': 'xterm-256color', 'GNOME_DESKTOP_SESSION_ID': 'this-is-deprecated', 'WINDOWPATH': '2', 'PATH': '/home/sachin/.ros2_venv/bin:/opt/ros/jazzy/opt/gz_msgs_vendor/bin:/opt/ros/jazzy/opt/gz_tools_vendor/bin:/opt/ros/jazzy/opt/gz_ogre_next_vendor/bin:/opt/ros/jazzy/bin:/usr/local/sbin:/usr/local/bin:/usr/sbin:/usr/bin:/sbin:/bin:/usr/games:/usr/local/games:/snap/bin:/snap/bin', 'SESSION_MANAGER': 'local/SK:@/tmp/.ICE-unix/2540,unix/SK:/tmp/.ICE-unix/2540', 'XDG_MENU_PREFIX': 'gnome-', 'GNOME_TERMINAL_SCREEN': '/org/gnome/Terminal/screen/fdb5864d_c3f7_49fd_a0c4_41147260431a', 'XDG_RUNTIME_DIR': '/run/user/1000', 'DISPLAY': ':1', 'LANG': 'en_US.UTF-8', 'XDG_CURRENT_DESKTOP': 'ubuntu:GNOME', 'VIRTUAL_ENV_PROMPT': '(.ros2_venv)', 'XMODIFIERS': '@im=ibus', 'XDG_SESSION_DESKTOP': 'ubuntu', 'XAUTHORITY': '/run/user/1000/gdm/Xauthority', 'LS_COLORS': 'rs=0:di=01;34:ln=01;36:mh=00:pi=40;33:so=01;35:do=01;35:bd=40;33;01:cd=40;33;01:or=40;31;01:mi=00:su=37;41:sg=30;43:ca=00:tw=30;42:ow=34;42:st=37;44:ex=01;32:*.tar=01;31:*.tgz=01;31:*.arc=01;31:*.arj=01;31:*.taz=01;31:*.lha=01;31:*.lz4=01;31:*.lzh=01;31:*.lzma=01;31:*.tlz=01;31:*.txz=01;31:*.tzo=01;31:*.t7z=01;31:*.zip=01;31:*.z=01;31:*.dz=01;31:*.gz=01;31:*.lrz=01;31:*.lz=01;31:*.lzo=01;31:*.xz=01;31:*.zst=01;31:*.tzst=01;31:*.bz2=01;31:*.bz=01;31:*.tbz=01;31:*.tbz2=01;31:*.tz=01;31:*.deb=01;31:*.rpm=01;31:*.jar=01;31:*.war=01;31:*.ear=01;31:*.sar=01;31:*.rar=01;31:*.alz=01;31:*.ace=01;31:*.zoo=01;31:*.cpio=01;31:*.7z=01;31:*.rz=01;31:*.cab=01;31:*.wim=01;31:*.swm=01;31:*.dwm=01;31:*.esd=01;31:*.avif=01;35:*.jpg=01;35:*.jpeg=01;35:*.mjpg=01;35:*.mjpeg=01;35:*.gif=01;35:*.bmp=01;35:*.pbm=01;35:*.pgm=01;35:*.ppm=01;35:*.tga=01;35:*.xbm=01;35:*.xpm=01;35:*.tif=01;35:*.tiff=01;35:*.png=01;35:*.svg=01;35:*.svgz=01;35:*.mng=01;35:*.pcx=01;35:*.mov=01;35:*.mpg=01;35:*.mpeg=01;35:*.m2v=01;35:*.mkv=01;35:*.webm=01;35:*.webp=01;35:*.ogm=01;35:*.mp4=01;35:*.m4v=01;35:*.mp4v=01;35:*.vob=01;35:*.qt=01;35:*.nuv=01;35:*.wmv=01;35:*.asf=01;35:*.rm=01;35:*.rmvb=01;35:*.flc=01;35:*.avi=01;35:*.fli=01;35:*.flv=01;35:*.gl=01;35:*.dl=01;35:*.xcf=01;35:*.xwd=01;35:*.yuv=01;35:*.cgm=01;35:*.emf=01;35:*.ogv=01;35:*.ogx=01;35:*.aac=00;36:*.au=00;36:*.flac=00;36:*.m4a=00;36:*.mid=00;36:*.midi=00;36:*.mka=00;36:*.mp3=00;36:*.mpc=00;36:*.ogg=00;36:*.ra=00;36:*.wav=00;36:*.oga=00;36:*.opus=00;36:*.spx=00;36:*.xspf=00;36:*~=00;90:*#=00;90:*.bak=00;90:*.crdownload=00;90:*.dpkg-dist=00;90:*.dpkg-new=00;90:*.dpkg-old=00;90:*.dpkg-tmp=00;90:*.old=00;90:*.orig=00;90:*.part=00;90:*.rej=00;90:*.rpmnew=00;90:*.rpmorig=00;90:*.rpmsave=00;90:*.swp=00;90:*.tmp=00;90:*.ucf-dist=00;90:*.ucf-new=00;90:*.ucf-old=00;90:', 'GNOME_TERMINAL_SERVICE': ':1.149', 'SSH_AUTH_SOCK': '/run/user/1000/keyring/ssh', 'ROS_DOMAIN_ID': '100', 'AMENT_PREFIX_PATH': '/home/sachin/rosbot-wifi-heatmap-sim/install/mappers_bringup:/home/sachin/rosbot-wifi-heatmap-sim/install/waypoint_publisher_package:/home/sachin/rosbot-wifi-heatmap-sim/install/rssi_heatmap_generator_package:/home/sachin/rosbot-wifi-heatmap-sim/install/nav2_read_rssi_at_waypoint:/home/sachin/rosbot-wifi-heatmap-sim/install/rosbot_interfaces:/home/sachin/turtlebot3_ws/install/turtlebot3_simulations:/home/sachin/turtlebot3_ws/install/turtlebot3_gazebo:/home/sachin/turtlebot3_ws/install/turtlebot3_fake_node:/opt/ros/jazzy', 'SHELL': '/bin/bash', 'QT_ACCESSIBILITY': '1', 'GDMSESSION': 'ubuntu', 'LESSCLOSE': '/usr/bin/lesspipe %s %s', 'GPG_AGENT_INFO': '/run/user/1000/gnupg/S.gpg-agent:0:1', 'VIRTUAL_ENV': '/home/sachin/.ros2_venv', 'ROS_AUTOMATIC_DISCOVERY_RANGE': 'SUBNET', 'QT_IM_MODULE': 'ibus', 'PWD': '/home/sachin/rosbot-wifi-heatmap-sim/build/rosbot_interfaces', 'TURTLEBOT3_MODEL': 'waffle', 'LC_ALL': 'en_US.UTF-8', 'XDG_CONFIG_DIRS': '/etc/xdg/xdg-ubuntu:/etc/xdg', 'XDG_DATA_DIRS': '/usr/share/ubuntu:/usr/share/gnome:/usr/local/share/:/usr/share/:/var/lib/snapd/desktop', 'PYTHONPATH': '/home/sachin/rosbot-wifi-heatmap-sim/install/waypoint_publisher_package/lib/python3.12/site-packages:/home/sachin/rosbot-wifi-heatmap-sim/install/rssi_heatmap_generator_package/lib/python3.12/site-packages:/home/sachin/rosbot-wifi-heatmap-sim/install/rosbot_interfaces/lib/python3.12/site-packages:/opt/ros/jazzy/lib/python3.12/site-packages', 'COLCON': '1', 'MEMORY_PRESSURE_WRITE': 'c29tZSAyMDAwMDAgMjAwMDAwMAA=', 'VTE_VERSION': '7600', 'CMAKE_PREFIX_PATH': '/home/sachin/rosbot-wifi-heatmap-sim/install/mappers_bringup:/home/sachin/rosbot-wifi-heatmap-sim/install/nav2_read_rssi_at_waypoint:/home/sachin/rosbot-wifi-heatmap-sim/install/rosbot_interfaces:/home/sachin/turtlebot3_ws/install/turtlebot3_simulations:/home/sachin/turtlebot3_ws/install/turtlebot3_gazebo:/home/sachin/turtlebot3_ws/install/turtlebot3_fake_node:/opt/ros/jazzy/opt/gz_sim_vendor:/opt/ros/jazzy/opt/gz_sensors_vendor:/opt/ros/jazzy/opt/gz_physics_vendor:/opt/ros/jazzy/opt/sdformat_vendor:/opt/ros/jazzy/opt/gz_gui_vendor:/opt/ros/jazzy/opt/gz_transport_vendor:/opt/ros/jazzy/opt/gz_rendering_vendor:/opt/ros/jazzy/opt/gz_plugin_vendor:/opt/ros/jazzy/opt/gz_fuel_tools_vendor:/opt/ros/jazzy/opt/gz_msgs_vendor:/opt/ros/jazzy/opt/gz_common_vendor:/opt/ros/jazzy/opt/gz_math_vendor:/opt/ros/jazzy/opt/gz_utils_vendor:/opt/ros/jazzy/opt/gz_tools_vendor:/opt/ros/jazzy/opt/gz_ogre_next_vendor:/opt/ros/jazzy/opt/gz_dartsim_vendor:/opt/ros/jazzy/opt/gz_cmake_vendor:/home/sachin/rosbot-wifi-heatmap-sim/install/waypoint_publisher_package:/home/sachin/rosbot-wifi-heatmap-sim/install/rssi_heatmap_generator_package:/opt/ros/jazzy'}), 'shell': False}
[0.099367] (-) TimerEvent: {}
[0.165085] (rosbot_interfaces) StdoutLine: {'line': b'[  2%] Built target rosbot_interfaces__rs\n'}
[0.169864] (rosbot_interfaces) StdoutLine: {'line': b'[  5%] Built target rosbot_interfaces__rosidl_generator_type_description\n'}
[0.191312] (rosbot_interfaces) StdoutLine: {'line': b'[  5%] Built target ament_cmake_python_copy_rosbot_interfaces\n'}
[0.199573] (-) TimerEvent: {}
[0.228315] (rosbot_interfaces) StdoutLine: {'line': b'[ 20%] Built target rosbot_interfaces__rosidl_generator_c\n'}
[0.230566] (rosbot_interfaces) StdoutLine: {'line': b'[ 22%] Built target rosbot_interfaces__cpp\n'}
[0.288976] (rosbot_interfaces) StdoutLine: {'line': b'[ 45%] Built target rosbot_interfaces__rosidl_typesupport_introspection_c\n'}
[0.289781] (rosbot_interfaces) StdoutLine: {'line': b'[ 45%] Built target rosbot_interfaces__rosidl_typesupport_c\n'}
[0.290011] (rosbot_interfaces) StdoutLine: {'line': b'[ 48%] Built target rosbot_interfaces__rosidl_typesupport_fastrtps_c\n'}
[0.290211] (rosbot_interfaces) StdoutLine: {'line': b'[ 65%] Built target rosbot_interfaces__rosidl_typesupport_introspection_cpp\n'}
[0.290325] (rosbot_interfaces) StdoutLine: {'line': b'[ 65%] Built target rosbot_interfaces__rosidl_typesupport_cpp\n'}
[0.299809] (-) TimerEvent: {}
[0.306200] (rosbot_interfaces) StdoutLine: {'line': b'[ 74%] Built target rosbot_interfaces__rosidl_typesupport_fastrtps_cpp\n'}
[0.362473] (rosbot_interfaces) StdoutLine: {'line': b'[ 74%] Built target rosbot_interfaces\n'}
[0.399991] (-) TimerEvent: {}
[0.421302] (rosbot_interfaces) StdoutLine: {'line': b'[ 77%] Built target rosbot_interfaces__py\n'}
[0.477473] (rosbot_interfaces) StdoutLine: {'line': b'[ 82%] Built target rosbot_interfaces__rosidl_generator_py\n'}
[0.500338] (-) TimerEvent: {}
[0.547706] (rosbot_interfaces) StdoutLine: {'line': b'[ 91%] Built target rosbot_interfaces_s__rosidl_typesupport_fastrtps_c\n'}
[0.549186] (rosbot_interfaces) StdoutLine: {'line': b'[ 94%] Built target rosbot_interfaces_s__rosidl_typesupport_introspection_c\n'}
[0.554466] (rosbot_interfaces) StdoutLine: {'line': b'[100%] Built target rosbot_interfaces_s__rosidl_typesupport_c\n'}
[0.600780] (-) TimerEvent: {}
[0.688005] (rosbot_interfaces) StdoutLine: {'line': b'running egg_info\n'}
[0.700907] (-) TimerEvent: {}
[0.718701] (rosbot_interfaces) StdoutLine: {'line': b'writing rosbot_interfaces.egg-info/PKG-INFO\n'}
[0.720412] (rosbot_interfaces) StdoutLine: {'line': b'writing dependency_links to rosbot_interfaces.egg-info/dependency_links.txt\n'}
[0.721415] (rosbot_interfaces) StdoutLine: {'line': b'writing top-level names to rosbot_interfaces.egg-info/top_level.txt\n'}
[0.793495] (rosbot_interfaces) StdoutLine: {'line': b"reading manifest file 'rosbot_interfaces.egg-info/SOURCES.txt'\n"}
[0.796124] (rosbot_interfaces) StdoutLine: {'line': b"writing manifest file 'rosbot_interfaces.egg-info/SOURCES.txt'\n"}
[0.801064] (-) TimerEvent: {}
[0.901700] (-) TimerEvent: {}
[0.939631] (rosbot_interfaces) StdoutLine: {'line': b'[100%] Built target ament_cmake_python_build_rosbot_interfaces_egg\n'}
[0.974212] (rosbot_interfaces) CommandEnded: {'returncode': 0}
[0.975360] (rosbot_interfaces) JobProgress: {'identifier': 'rosbot_interfaces', 'progress': 'install'}
[0.995302] (rosbot_interfaces) Command: {'cmd': ['/usr/bin/cmake', '--install', '/home/sachin/rosbot-wifi-heatmap-sim/build/rosbot_interfaces'], 'cwd': '/home/sachin/rosbot-wifi-heatmap-sim/build/rosbot_interfaces', 'env': OrderedDict({'LESSOPEN': '| /usr/bin/lesspipe %s', 'GZ_SIM_RESOURCE_PATH': '/opt/ros/jazzy/share:/home/sachin/gazebo_models', 'USER': 'sachin', 'GZ_CONFIG_PATH': '/opt/ros/jazzy/opt/gz_sim_vendor/share/gz:/opt/ros/jazzy/opt/sdformat_vendor/share/gz:/opt/ros/jazzy/opt/gz_gui_vendor/share/gz:/opt/ros/jazzy/opt/gz_transport_vendor/share/gz:/opt/ros/jazzy/opt/gz_rendering_vendor/share/gz:/opt/ros/jazzy/opt/gz_plugin_vendor/share/gz:/opt/ros/jazzy/opt/gz_fuel_tools_vendor/share/gz:/opt/ros/jazzy/opt/gz_msgs_vendor/share/gz:/opt/ros/jazzy/opt/gz_common_vendor/share/gz', 'XDG_SESSION_TYPE': 'x11', 'CLUTTER_DISABLE_MIPMAPPED_TEXT': '1', 'SHLVL': '1', 'LD_LIBRARY_PATH': '/home/sachin/rosbot-wifi-heatmap-sim/install/nav2_read_rssi_at_waypoint/lib:/home/sachin/rosbot-wifi-heatmap-sim/install/rosbot_interfaces/lib:/opt/ros/jazzy/opt/gz_sim_vendor/lib:/opt/ros/jazzy/opt/gz_sensors_vendor/lib:/opt/ros/jazzy/opt/gz_physics_vendor/lib:/opt/ros/jazzy/opt/sdformat_vendor/lib:/opt/ros/jazzy/opt/rviz_ogre_vendor/lib:/opt/ros/jazzy/lib/x86_64-linux-gnu:/opt/ros/jazzy/opt/gz_gui_vendor/lib:/opt/ros/jazzy/opt/gz_transport_vendor/lib:/opt/ros/jazzy/opt/gz_rendering_vendor/lib:/opt/ros/jazzy/opt/gz_plugin_vendor/lib:/opt/ros/jazzy/opt/gz_fuel_tools_vendor/lib:/opt/ros/jazzy/opt/gz_msgs_vendor/lib:/opt/ros/jazzy/opt/gz_common_vendor/lib:/opt/ros/jazzy/opt/gz_math_vendor/lib:/opt/ros/jazzy/opt/gz_utils_vendor/lib:/opt/ros/jazzy/opt/gz_tools_vendor/lib:/opt/ros/jazzy/opt/gz_ogre_next_vendor/lib:/opt/ros/jazzy/opt/gz_dartsim_vendor/lib:/opt/ros/jazzy/opt/gz_cmake_vendor/lib:/opt/ros/jazzy/lib', 'HOME': '/home/sachin', 'OLDPWD': '/home/sachin', 'DESKTOP_SESSION': 'ubuntu', 'ROS_PYTHON_VERSION': '3', 'GNOME_SHELL_SESSION_MODE': 'ubuntu', 'GTK_MODULES': 'gail:atk-bridge', 'PS1': '(.ros2_venv) \\[\\e]0;\\u@\\h: \\w\\a\\]${debian_chroot:+($debian_chroot)}\\[\\033[01;32m\\]\\u@\\h\\[\\033[00m\\]:\\[\\033[01;34m\\]\\w\\[\\033[00m\\]\\$', 'SYSTEMD_EXEC_PID': '2572', 'GSM_SKIP_SSH_AGENT_WORKAROUND': 'true', 'DBUS_SESSION_BUS_ADDRESS': 'unix:path=/run/user/1000/bus', 'COLORTERM': 'truecolor', 'DEBUGINFOD_URLS': 'https://debuginfod.ubuntu.com', 'COLCON_PREFIX_PATH': '/home/sachin/rosbot-wifi-heatmap-sim/install:/home/sachin/turtlebot3_ws/install', 'ROS_DISTRO': 'jazzy', 'LOGNAME': 'sachin', '_': '/usr/bin/colcon', 'ROS_VERSION': '2', 'PIP_BREAK_SYSTEM_PACKAGES': '1', 'MEMORY_PRESSURE_WATCH': '/sys/fs/cgroup/user.slice/user-1000.slice/user@1000.service/session.slice/org.gnome.Shell@x11.service/memory.pressure', 'XDG_SESSION_CLASS': 'user', 'USERNAME': 'sachin', 'TERM': 'xterm-256color', 'GNOME_DESKTOP_SESSION_ID': 'this-is-deprecated', 'WINDOWPATH': '2', 'PATH': '/home/sachin/.ros2_venv/bin:/opt/ros/jazzy/opt/gz_msgs_vendor/bin:/opt/ros/jazzy/opt/gz_tools_vendor/bin:/opt/ros/jazzy/opt/gz_ogre_next_vendor/bin:/opt/ros/jazzy/bin:/usr/local/sbin:/usr/local/bin:/usr/sbin:/usr/bin:/sbin:/bin:/usr/games:/usr/local/games:/snap/bin:/snap/bin', 'SESSION_MANAGER': 'local/SK:@/tmp/.ICE-unix/2540,unix/SK:/tmp/.ICE-unix/2540', 'XDG_MENU_PREFIX': 'gnome-', 'GNOME_TERMINAL_SCREEN': '/org/gnome/Terminal/screen/fdb5864d_c3f7_49fd_a0c4_41147260431a', 'XDG_RUNTIME_DIR': '/run/user/1000', 'DISPLAY': ':1', 'LANG': 'en_US.UTF-8', 'XDG_CURRENT_DESKTOP': 'ubuntu:GNOME', 'VIRTUAL_ENV_PROMPT': '(.ros2_venv)', 'XMODIFIERS': '@im=ibus', 'XDG_SESSION_DESKTOP': 'ubuntu', 'XAUTHORITY': '/run/user/1000/gdm/Xauthority', 'LS_COLORS': 'rs=0:di=01;34:ln=01;36:mh=00:pi=40;33:so=01;35:do=01;35:bd=40;33;01:cd=40;33;01:or=40;31;01:mi=00:su=37;41:sg=30;43:ca=00:tw=30;42:ow=34;42:st=37;44:ex=01;32:*.tar=01;31:*.tgz=01;31:*.arc=01;31:*.arj=01;31:*.taz=01;31:*.lha=01;31:*.lz4=01;31:*.lzh=01;31:*.lzma=01;31:*.tlz=01;31:*.txz=01;31:*.tzo=01;31:*.t7z=01;31:*.zip=01;31:*.z=01;31:*.dz=01;31:*.gz=01;31:*.lrz=01;31:*.lz=01;31:*.lzo=01;31:*.xz=01;31:*.zst=01;31:*.tzst=01;31:*.bz2=01;31:*.bz=01;31:*.tbz=01;31:*.tbz2=01;31:*.tz=01;31:*.deb=01;31:*.rpm=01;31:*.jar=01;31:*.war=01;31:*.ear=01;31:*.sar=01;31:*.rar=01;31:*.alz=01;31:*.ace=01;31:*.zoo=01;31:*.cpio=01;31:*.7z=01;31:*.rz=01;31:*.cab=01;31:*.wim=01;31:*.swm=01;31:*.dwm=01;31:*.esd=01;31:*.avif=01;35:*.jpg=01;35:*.jpeg=01;35:*.mjpg=01;35:*.mjpeg=01;35:*.gif=01;35:*.bmp=01;35:*.pbm=01;35:*.pgm=01;35:*.ppm=01;35:*.tga=01;35:*.xbm=01;35:*.xpm=01;35:*.tif=01;35:*.tiff=01;35:*.png=01;35:*.svg=01;35:*.svgz=01;35:*.mng=01;35:*.pcx=01;35:*.mov=01;35:*.mpg=01;35:*.mpeg=01;35:*.m2v=01;35:*.mkv=01;35:*.webm=01;35:*.webp=01;35:*.ogm=01;35:*.mp4=01;35:*.m4v=01;35:*.mp4v=01;35:*.vob=01;35:*.qt=01;35:*.nuv=01;35:*.wmv=01;35:*.asf=01;35:*.rm=01;35:*.rmvb=01;35:*.flc=01;35:*.avi=01;35:*.fli=01;35:*.flv=01;35:*.gl=01;35:*.dl=01;35:*.xcf=01;35:*.xwd=01;35:*.yuv=01;35:*.cgm=01;35:*.emf=01;35:*.ogv=01;35:*.ogx=01;35:*.aac=00;36:*.au=00;36:*.flac=00;36:*.m4a=00;36:*.mid=00;36:*.midi=00;36:*.mka=00;36:*.mp3=00;36:*.mpc=00;36:*.ogg=00;36:*.ra=00;36:*.wav=00;36:*.oga=00;36:*.opus=00;36:*.spx=00;36:*.xspf=00;36:*~=00;90:*#=00;90:*.bak=00;90:*.crdownload=00;90:*.dpkg-dist=00;90:*.dpkg-new=00;90:*.dpkg-old=00;90:*.dpkg-tmp=00;90:*.old=00;90:*.orig=00;90:*.part=00;90:*.rej=00;90:*.rpmnew=00;90:*.rpmorig=00;90:*.rpmsave=00;90:*.swp=00;90:*.tmp=00;90:*.ucf-dist=00;90:*.ucf-new=00;90:*.ucf-old=00;90:', 'GNOME_TERMINAL_SERVICE': ':1.149', 'SSH_AUTH_SOCK': '/run/user/1000/keyring/ssh', 'ROS_DOMAIN_ID': '100', 'AMENT_PREFIX_PATH': '/home/sachin/rosbot-wifi-heatmap-sim/install/mappers_bringup:/home/sachin/rosbot-wifi-heatmap-sim/install/waypoint_publisher_package:/home/sachin/rosbot-wifi-heatmap-sim/install/rssi_heatmap_generator_package:/home/sachin/rosbot-wifi-heatmap-sim/install/nav2_read_rssi_at_waypoint:/home/sachin/rosbot-wifi-heatmap-sim/install/rosbot_interfaces:/home/sachin/turtlebot3_ws/install/turtlebot3_simulations:/home/sachin/turtlebot3_ws/install/turtlebot3_gazebo:/home/sachin/turtlebot3_ws/install/turtlebot3_fake_node:/opt/ros/jazzy', 'SHELL': '/bin/bash', 'QT_ACCESSIBILITY': '1', 'GDMSESSION': 'ubuntu', 'LESSCLOSE': '/usr/bin/lesspipe %s %s', 'GPG_AGENT_INFO': '/run/user/1000/gnupg/S.gpg-agent:0:1', 'VIRTUAL_ENV': '/home/sachin/.ros2_venv', 'ROS_AUTOMATIC_DISCOVERY_RANGE': 'SUBNET', 'QT_IM_MODULE': 'ibus', 'PWD': '/home/sachin/rosbot-wifi-heatmap-sim/build/rosbot_interfaces', 'TURTLEBOT3_MODEL': 'waffle', 'LC_ALL': 'en_US.UTF-8', 'XDG_CONFIG_DIRS': '/etc/xdg/xdg-ubuntu:/etc/xdg', 'XDG_DATA_DIRS': '/usr/share/ubuntu:/usr/share/gnome:/usr/local/share/:/usr/share/:/var/lib/snapd/desktop', 'PYTHONPATH': '/home/sachin/rosbot-wifi-heatmap-sim/install/waypoint_publisher_package/lib/python3.12/site-packages:/home/sachin/rosbot-wifi-heatmap-sim/install/rssi_heatmap_generator_package/lib/python3.12/site-packages:/home/sachin/rosbot-wifi-heatmap-sim/install/rosbot_interfaces/lib/python3.12/site-packages:/opt/ros/jazzy/lib/python3.12/site-packages', 'COLCON': '1', 'MEMORY_PRESSURE_WRITE': 'c29tZSAyMDAwMDAgMjAwMDAwMAA=', 'VTE_VERSION': '7600', 'CMAKE_PREFIX_PATH': '/home/sachin/rosbot-wifi-heatmap-sim/install/mappers_bringup:/home/sachin/rosbot-wifi-heatmap-sim/install/nav2_read_rssi_at_waypoint:/home/sachin/rosbot-wifi-heatmap-sim/install/rosbot_interfaces:/home/sachin/turtlebot3_ws/install/turtlebot3_simulations:/home/sachin/turtlebot3_ws/install/turtlebot3_gazebo:/home/sachin/turtlebot3_ws/install/turtlebot3_fake_node:/opt/ros/jazzy/opt/gz_sim_vendor:/opt/ros/jazzy/opt/gz_sensors_vendor:/opt/ros/jazzy/opt/gz_physics_vendor:/opt/ros/jazzy/opt/sdformat_vendor:/opt/ros/jazzy/opt/gz_gui_vendor:/opt/ros/jazzy/opt/gz_transport_vendor:/opt/ros/jazzy/opt/gz_rendering_vendor:/opt/ros/jazzy/opt/gz_plugin_vendor:/opt/ros/jazzy/opt/gz_fuel_tools_vendor:/opt/ros/jazzy/opt/gz_msgs_vendor:/opt/ros/jazzy/opt/gz_common_vendor:/opt/ros/jazzy/opt/gz_math_vendor:/opt/ros/jazzy/opt/gz_utils_vendor:/opt/ros/jazzy/opt/gz_tools_vendor:/opt/ros/jazzy/opt/gz_ogre_next_vendor:/opt/ros/jazzy/opt/gz_dartsim_vendor:/opt/ros/jazzy/opt/gz_cmake_vendor:/home/sachin/rosbot-wifi-heatmap-sim/install/waypoint_publisher_package:/home/sachin/rosbot-wifi-heatmap-sim/install/rssi_heatmap_generator_package:/opt/ros/jazzy'}), 'shell': False}
[1.001845] (-) TimerEvent: {}
[1.016417] (rosbot_interfaces) StdoutLine: {'line': b'-- Install configuration: ""\n'}
[1.017266] (rosbot_interfaces) StdoutLine: {'line': b'-- Up-to-date: /home/sachin/rosbot-wifi-heatmap-sim/install/rosbot_interfaces/share/ament_index/resource_index/rosidl_interfaces/rosbot_interfaces\n'}
[1.017444] (rosbot_interfaces) StdoutLine: {'line': b'-- Up-to-date: /home/sachin/rosbot-wifi-heatmap-sim/install/rosbot_interfaces/share/rosbot_interfaces/msg/RssiAtWaypoint.json\n'}
[1.017547] (rosbot_interfaces) StdoutLine: {'line': b'-- Up-to-date: /home/sachin/rosbot-wifi-heatmap-sim/install/rosbot_interfaces/include/rosbot_interfaces/rosbot_interfaces\n'}
[1.017640] (rosbot_interfaces) StdoutLine: {'line': b'-- Up-to-date: /home/sachin/rosbot-wifi-heatmap-sim/install/rosbot_interfaces/include/rosbot_interfaces/rosbot_interfaces/msg\n'}
[1.017728] (rosbot_interfaces) StdoutLine: {'line': b'-- Up-to-date: /home/sachin/rosbot-wifi-heatmap-sim/install/rosbot_interfaces/include/rosbot_interfaces/rosbot_interfaces/msg/detail\n'}
[1.017891] (rosbot_interfaces) StdoutLine: {'line': b'-- Up-to-date: /home/sachin/rosbot-wifi-heatmap-sim/install/rosbot_interfaces/include/rosbot_interfaces/rosbot_interfaces/msg/detail/rssi_at_waypoint__struct.h\n'}
[1.018033] (rosbot_interfaces) StdoutLine: {'line': b'-- Up-to-date: /home/sachin/rosbot-wifi-heatmap-sim/install/rosbot_interfaces/include/rosbot_interfaces/rosbot_interfaces/msg/detail/rssi_at_waypoint__type_support.c\n'}
[1.018197] (rosbot_interfaces) StdoutLine: {'line': b'-- Up-to-date: /home/sachin/rosbot-wifi-heatmap-sim/install/rosbot_interfaces/include/rosbot_interfaces/rosbot_interfaces/msg/detail/rssi_at_waypoint__description.c\n'}
[1.018365] (rosbot_interfaces) StdoutLine: {'line': b'-- Up-to-date: /home/sachin/rosbot-wifi-heatmap-sim/install/rosbot_interfaces/include/rosbot_interfaces/rosbot_interfaces/msg/detail/rssi_at_waypoint__functions.h\n'}
[1.018433] (rosbot_interfaces) StdoutLine: {'line': b'-- Up-to-date: /home/sachin/rosbot-wifi-heatmap-sim/install/rosbot_interfaces/include/rosbot_interfaces/rosbot_interfaces/msg/detail/rssi_at_waypoint__functions.c\n'}
[1.018683] (rosbot_interfaces) StdoutLine: {'line': b'-- Up-to-date: /home/sachin/rosbot-wifi-heatmap-sim/install/rosbot_interfaces/include/rosbot_interfaces/rosbot_interfaces/msg/detail/rssi_at_waypoint__type_support.h\n'}
[1.018848] (rosbot_interfaces) StdoutLine: {'line': b'-- Up-to-date: /home/sachin/rosbot-wifi-heatmap-sim/install/rosbot_interfaces/include/rosbot_interfaces/rosbot_interfaces/msg/rssi_at_waypoint.h\n'}
[1.018944] (rosbot_interfaces) StdoutLine: {'line': b'-- Up-to-date: /home/sachin/rosbot-wifi-heatmap-sim/install/rosbot_interfaces/include/rosbot_interfaces/rosbot_interfaces/msg/rosidl_generator_c__visibility_control.h\n'}
[1.019304] (rosbot_interfaces) StdoutLine: {'line': b'-- Up-to-date: /home/sachin/rosbot-wifi-heatmap-sim/install/rosbot_interfaces/share/rosbot_interfaces/environment/library_path.sh\n'}
[1.019693] (rosbot_interfaces) StdoutLine: {'line': b'-- Up-to-date: /home/sachin/rosbot-wifi-heatmap-sim/install/rosbot_interfaces/share/rosbot_interfaces/environment/library_path.dsv\n'}
[1.019909] (rosbot_interfaces) StdoutLine: {'line': b'-- Up-to-date: /home/sachin/rosbot-wifi-heatmap-sim/install/rosbot_interfaces/lib/librosbot_interfaces__rosidl_generator_c.so\n'}
[1.020066] (rosbot_interfaces) StdoutLine: {'line': b'-- Up-to-date: /home/sachin/rosbot-wifi-heatmap-sim/install/rosbot_interfaces/include/rosbot_interfaces/rosbot_interfaces\n'}
[1.020478] (rosbot_interfaces) StdoutLine: {'line': b'-- Up-to-date: /home/sachin/rosbot-wifi-heatmap-sim/install/rosbot_interfaces/include/rosbot_interfaces/rosbot_interfaces/msg\n'}
[1.020622] (rosbot_interfaces) StdoutLine: {'line': b'-- Up-to-date: /home/sachin/rosbot-wifi-heatmap-sim/install/rosbot_interfaces/include/rosbot_interfaces/rosbot_interfaces/msg/detail\n'}
[1.020838] (rosbot_interfaces) StdoutLine: {'line': b'-- Up-to-date: /home/sachin/rosbot-wifi-heatmap-sim/install/rosbot_interfaces/include/rosbot_interfaces/rosbot_interfaces/msg/detail/rssi_at_waypoint__rosidl_typesupport_fastrtps_c.h\n'}
[1.021124] (rosbot_interfaces) StdoutLine: {'line': b'-- Up-to-date: /home/sachin/rosbot-wifi-heatmap-sim/install/rosbot_interfaces/include/rosbot_interfaces/rosbot_interfaces/msg/rosidl_typesupport_fastrtps_c__visibility_control.h\n'}
[1.021477] (rosbot_interfaces) StdoutLine: {'line': b'-- Up-to-date: /home/sachin/rosbot-wifi-heatmap-sim/install/rosbot_interfaces/lib/librosbot_interfaces__rosidl_typesupport_fastrtps_c.so\n'}
[1.021703] (rosbot_interfaces) StdoutLine: {'line': b'-- Up-to-date: /home/sachin/rosbot-wifi-heatmap-sim/install/rosbot_interfaces/include/rosbot_interfaces/rosbot_interfaces\n'}
[1.021990] (rosbot_interfaces) StdoutLine: {'line': b'-- Up-to-date: /home/sachin/rosbot-wifi-heatmap-sim/install/rosbot_interfaces/include/rosbot_interfaces/rosbot_interfaces/msg\n'}
[1.022143] (rosbot_interfaces) StdoutLine: {'line': b'-- Up-to-date: /home/sachin/rosbot-wifi-heatmap-sim/install/rosbot_interfaces/include/rosbot_interfaces/rosbot_interfaces/msg/detail\n'}
[1.022223] (rosbot_interfaces) StdoutLine: {'line': b'-- Up-to-date: /home/sachin/rosbot-wifi-heatmap-sim/install/rosbot_interfaces/include/rosbot_interfaces/rosbot_interfaces/msg/detail/rssi_at_waypoint__struct.hpp\n'}
[1.022309] (rosbot_interfaces) StdoutLine: {'line': b'-- Up-to-date: /home/sachin/rosbot-wifi-heatmap-sim/install/rosbot_interfaces/include/rosbot_interfaces/rosbot_interfaces/msg/detail/rssi_at_waypoint__traits.hpp\n'}
[1.022425] (rosbot_interfaces) StdoutLine: {'line': b'-- Up-to-date: /home/sachin/rosbot-wifi-heatmap-sim/install/rosbot_interfaces/include/rosbot_interfaces/rosbot_interfaces/msg/detail/rssi_at_waypoint__builder.hpp\n'}
[1.022532] (rosbot_interfaces) StdoutLine: {'line': b'-- Up-to-date: /home/sachin/rosbot-wifi-heatmap-sim/install/rosbot_interfaces/include/rosbot_interfaces/rosbot_interfaces/msg/detail/rssi_at_waypoint__type_support.hpp\n'}
[1.022658] (rosbot_interfaces) StdoutLine: {'line': b'-- Up-to-date: /home/sachin/rosbot-wifi-heatmap-sim/install/rosbot_interfaces/include/rosbot_interfaces/rosbot_interfaces/msg/rssi_at_waypoint.hpp\n'}
[1.022837] (rosbot_interfaces) StdoutLine: {'line': b'-- Up-to-date: /home/sachin/rosbot-wifi-heatmap-sim/install/rosbot_interfaces/include/rosbot_interfaces/rosbot_interfaces/msg/rosidl_generator_cpp__visibility_control.hpp\n'}
[1.023341] (rosbot_interfaces) StdoutLine: {'line': b'-- Up-to-date: /home/sachin/rosbot-wifi-heatmap-sim/install/rosbot_interfaces/include/rosbot_interfaces/rosbot_interfaces\n'}
[1.023591] (rosbot_interfaces) StdoutLine: {'line': b'-- Up-to-date: /home/sachin/rosbot-wifi-heatmap-sim/install/rosbot_interfaces/include/rosbot_interfaces/rosbot_interfaces/msg\n'}
[1.023697] (rosbot_interfaces) StdoutLine: {'line': b'-- Up-to-date: /home/sachin/rosbot-wifi-heatmap-sim/install/rosbot_interfaces/include/rosbot_interfaces/rosbot_interfaces/msg/detail\n'}
[1.023824] (rosbot_interfaces) StdoutLine: {'line': b'-- Up-to-date: /home/sachin/rosbot-wifi-heatmap-sim/install/rosbot_interfaces/include/rosbot_interfaces/rosbot_interfaces/msg/detail/dds_fastrtps\n'}
[1.024018] (rosbot_interfaces) StdoutLine: {'line': b'-- Up-to-date: /home/sachin/rosbot-wifi-heatmap-sim/install/rosbot_interfaces/include/rosbot_interfaces/rosbot_interfaces/msg/detail/rssi_at_waypoint__rosidl_typesupport_fastrtps_cpp.hpp\n'}
[1.024616] (rosbot_interfaces) StdoutLine: {'line': b'-- Up-to-date: /home/sachin/rosbot-wifi-heatmap-sim/install/rosbot_interfaces/include/rosbot_interfaces/rosbot_interfaces/msg/rosidl_typesupport_fastrtps_cpp__visibility_control.h\n'}
[1.024910] (rosbot_interfaces) StdoutLine: {'line': b'-- Up-to-date: /home/sachin/rosbot-wifi-heatmap-sim/install/rosbot_interfaces/lib/librosbot_interfaces__rosidl_typesupport_fastrtps_cpp.so\n'}
[1.025184] (rosbot_interfaces) StdoutLine: {'line': b'-- Up-to-date: /home/sachin/rosbot-wifi-heatmap-sim/install/rosbot_interfaces/include/rosbot_interfaces/rosbot_interfaces\n'}
[1.025370] (rosbot_interfaces) StdoutLine: {'line': b'-- Up-to-date: /home/sachin/rosbot-wifi-heatmap-sim/install/rosbot_interfaces/include/rosbot_interfaces/rosbot_interfaces/msg\n'}
[1.025524] (rosbot_interfaces) StdoutLine: {'line': b'-- Up-to-date: /home/sachin/rosbot-wifi-heatmap-sim/install/rosbot_interfaces/include/rosbot_interfaces/rosbot_interfaces/msg/rosidl_typesupport_introspection_c__visibility_control.h\n'}
[1.025657] (rosbot_interfaces) StdoutLine: {'line': b'-- Up-to-date: /home/sachin/rosbot-wifi-heatmap-sim/install/rosbot_interfaces/include/rosbot_interfaces/rosbot_interfaces/msg/detail\n'}
[1.025777] (rosbot_interfaces) StdoutLine: {'line': b'-- Up-to-date: /home/sachin/rosbot-wifi-heatmap-sim/install/rosbot_interfaces/include/rosbot_interfaces/rosbot_interfaces/msg/detail/rssi_at_waypoint__type_support.c\n'}
[1.025891] (rosbot_interfaces) StdoutLine: {'line': b'-- Up-to-date: /home/sachin/rosbot-wifi-heatmap-sim/install/rosbot_interfaces/include/rosbot_interfaces/rosbot_interfaces/msg/detail/rssi_at_waypoint__rosidl_typesupport_introspection_c.h\n'}
[1.025992] (rosbot_interfaces) StdoutLine: {'line': b'-- Up-to-date: /home/sachin/rosbot-wifi-heatmap-sim/install/rosbot_interfaces/lib/librosbot_interfaces__rosidl_typesupport_introspection_c.so\n'}
[1.026101] (rosbot_interfaces) StdoutLine: {'line': b'-- Up-to-date: /home/sachin/rosbot-wifi-heatmap-sim/install/rosbot_interfaces/lib/librosbot_interfaces__rosidl_typesupport_c.so\n'}
[1.026254] (rosbot_interfaces) StdoutLine: {'line': b'-- Up-to-date: /home/sachin/rosbot-wifi-heatmap-sim/install/rosbot_interfaces/include/rosbot_interfaces/rosbot_interfaces\n'}
[1.026336] (rosbot_interfaces) StdoutLine: {'line': b'-- Up-to-date: /home/sachin/rosbot-wifi-heatmap-sim/install/rosbot_interfaces/include/rosbot_interfaces/rosbot_interfaces/msg\n'}
[1.026417] (rosbot_interfaces) StdoutLine: {'line': b'-- Up-to-date: /home/sachin/rosbot-wifi-heatmap-sim/install/rosbot_interfaces/include/rosbot_interfaces/rosbot_interfaces/msg/detail\n'}
[1.026496] (rosbot_interfaces) StdoutLine: {'line': b'-- Up-to-date: /home/sachin/rosbot-wifi-heatmap-sim/install/rosbot_interfaces/include/rosbot_interfaces/rosbot_interfaces/msg/detail/rssi_at_waypoint__type_support.cpp\n'}
[1.026584] (rosbot_interfaces) StdoutLine: {'line': b'-- Up-to-date: /home/sachin/rosbot-wifi-heatmap-sim/install/rosbot_interfaces/include/rosbot_interfaces/rosbot_interfaces/msg/detail/rssi_at_waypoint__rosidl_typesupport_introspection_cpp.hpp\n'}
[1.026665] (rosbot_interfaces) StdoutLine: {'line': b'-- Up-to-date: /home/sachin/rosbot-wifi-heatmap-sim/install/rosbot_interfaces/lib/librosbot_interfaces__rosidl_typesupport_introspection_cpp.so\n'}
[1.026743] (rosbot_interfaces) StdoutLine: {'line': b'-- Up-to-date: /home/sachin/rosbot-wifi-heatmap-sim/install/rosbot_interfaces/lib/librosbot_interfaces__rosidl_typesupport_cpp.so\n'}
[1.026825] (rosbot_interfaces) StdoutLine: {'line': b'-- Up-to-date: /home/sachin/rosbot-wifi-heatmap-sim/install/rosbot_interfaces/share/rosbot_interfaces/environment/pythonpath.sh\n'}
[1.026899] (rosbot_interfaces) StdoutLine: {'line': b'-- Up-to-date: /home/sachin/rosbot-wifi-heatmap-sim/install/rosbot_interfaces/share/rosbot_interfaces/environment/pythonpath.dsv\n'}
[1.026988] (rosbot_interfaces) StdoutLine: {'line': b'-- Up-to-date: /home/sachin/rosbot-wifi-heatmap-sim/install/rosbot_interfaces/lib/python3.12/site-packages/rosbot_interfaces-1.0.0-py3.12.egg-info\n'}
[1.027065] (rosbot_interfaces) StdoutLine: {'line': b'-- Installing: /home/sachin/rosbot-wifi-heatmap-sim/install/rosbot_interfaces/lib/python3.12/site-packages/rosbot_interfaces-1.0.0-py3.12.egg-info/PKG-INFO\n'}
[1.027169] (rosbot_interfaces) StdoutLine: {'line': b'-- Installing: /home/sachin/rosbot-wifi-heatmap-sim/install/rosbot_interfaces/lib/python3.12/site-packages/rosbot_interfaces-1.0.0-py3.12.egg-info/dependency_links.txt\n'}
[1.027248] (rosbot_interfaces) StdoutLine: {'line': b'-- Installing: /home/sachin/rosbot-wifi-heatmap-sim/install/rosbot_interfaces/lib/python3.12/site-packages/rosbot_interfaces-1.0.0-py3.12.egg-info/SOURCES.txt\n'}
[1.027323] (rosbot_interfaces) StdoutLine: {'line': b'-- Installing: /home/sachin/rosbot-wifi-heatmap-sim/install/rosbot_interfaces/lib/python3.12/site-packages/rosbot_interfaces-1.0.0-py3.12.egg-info/top_level.txt\n'}
[1.027393] (rosbot_interfaces) StdoutLine: {'line': b'-- Up-to-date: /home/sachin/rosbot-wifi-heatmap-sim/install/rosbot_interfaces/lib/python3.12/site-packages/rosbot_interfaces\n'}
[1.027466] (rosbot_interfaces) StdoutLine: {'line': b'-- Up-to-date: /home/sachin/rosbot-wifi-heatmap-sim/install/rosbot_interfaces/lib/python3.12/site-packages/rosbot_interfaces/rosbot_interfaces_s__rosidl_typesupport_fastrtps_c.so\n'}
[1.027541] (rosbot_interfaces) StdoutLine: {'line': b'-- Up-to-date: /home/sachin/rosbot-wifi-heatmap-sim/install/rosbot_interfaces/lib/python3.12/site-packages/rosbot_interfaces/rosbot_interfaces_s__rosidl_typesupport_introspection_c.so\n'}
[1.027632] (rosbot_interfaces) StdoutLine: {'line': b'-- Up-to-date: /home/sachin/rosbot-wifi-heatmap-sim/install/rosbot_interfaces/lib/python3.12/site-packages/rosbot_interfaces/_rosbot_interfaces_s.ep.rosidl_typesupport_c.c\n'}
[1.027712] (rosbot_interfaces) StdoutLine: {'line': b'-- Up-to-date: /home/sachin/rosbot-wifi-heatmap-sim/install/rosbot_interfaces/lib/python3.12/site-packages/rosbot_interfaces/__init__.py\n'}
[1.027790] (rosbot_interfaces) StdoutLine: {'line': b'-- Up-to-date: /home/sachin/rosbot-wifi-heatmap-sim/install/rosbot_interfaces/lib/python3.12/site-packages/rosbot_interfaces/rosbot_interfaces_s__rosidl_typesupport_c.so\n'}
[1.027865] (rosbot_interfaces) StdoutLine: {'line': b'-- Up-to-date: /home/sachin/rosbot-wifi-heatmap-sim/install/rosbot_interfaces/lib/python3.12/site-packages/rosbot_interfaces/_rosbot_interfaces_s.ep.rosidl_typesupport_fastrtps_c.c\n'}
[1.027955] (rosbot_interfaces) StdoutLine: {'line': b'-- Up-to-date: /home/sachin/rosbot-wifi-heatmap-sim/install/rosbot_interfaces/lib/python3.12/site-packages/rosbot_interfaces/msg\n'}
[1.028037] (rosbot_interfaces) StdoutLine: {'line': b'-- Up-to-date: /home/sachin/rosbot-wifi-heatmap-sim/install/rosbot_interfaces/lib/python3.12/site-packages/rosbot_interfaces/msg/_rssi_at_waypoint.py\n'}
[1.028141] (rosbot_interfaces) StdoutLine: {'line': b'-- Up-to-date: /home/sachin/rosbot-wifi-heatmap-sim/install/rosbot_interfaces/lib/python3.12/site-packages/rosbot_interfaces/msg/_rssi_at_waypoint_s.c\n'}
[1.028218] (rosbot_interfaces) StdoutLine: {'line': b'-- Up-to-date: /home/sachin/rosbot-wifi-heatmap-sim/install/rosbot_interfaces/lib/python3.12/site-packages/rosbot_interfaces/msg/__init__.py\n'}
[1.028296] (rosbot_interfaces) StdoutLine: {'line': b'-- Up-to-date: /home/sachin/rosbot-wifi-heatmap-sim/install/rosbot_interfaces/lib/python3.12/site-packages/rosbot_interfaces/_rosbot_interfaces_s.ep.rosidl_typesupport_introspection_c.c\n'}
[1.097968] (rosbot_interfaces) StdoutLine: {'line': b"Listing '/home/sachin/rosbot-wifi-heatmap-sim/install/rosbot_interfaces/lib/python3.12/site-packages/rosbot_interfaces'...\n"}
[1.098284] (rosbot_interfaces) StdoutLine: {'line': b"Listing '/home/sachin/rosbot-wifi-heatmap-sim/install/rosbot_interfaces/lib/python3.12/site-packages/rosbot_interfaces/msg'...\n"}
[1.101957] (-) TimerEvent: {}
[1.110530] (rosbot_interfaces) StdoutLine: {'line': b'-- Up-to-date: /home/sachin/rosbot-wifi-heatmap-sim/install/rosbot_interfaces/lib/python3.12/site-packages/rosbot_interfaces/rosbot_interfaces_s__rosidl_typesupport_fastrtps_c.so\n'}
[1.110988] (rosbot_interfaces) StdoutLine: {'line': b'-- Up-to-date: /home/sachin/rosbot-wifi-heatmap-sim/install/rosbot_interfaces/lib/python3.12/site-packages/rosbot_interfaces/rosbot_interfaces_s__rosidl_typesupport_introspection_c.so\n'}
[1.111123] (rosbot_interfaces) StdoutLine: {'line': b'-- Up-to-date: /home/sachin/rosbot-wifi-heatmap-sim/install/rosbot_interfaces/lib/python3.12/site-packages/rosbot_interfaces/rosbot_interfaces_s__rosidl_typesupport_c.so\n'}
[1.111446] (rosbot_interfaces) StdoutLine: {'line': b'-- Up-to-date: /home/sachin/rosbot-wifi-heatmap-sim/install/rosbot_interfaces/lib/librosbot_interfaces__rosidl_generator_py.so\n'}
[1.111577] (rosbot_interfaces) StdoutLine: {'line': b'-- Up-to-date: /home/sachin/rosbot-wifi-heatmap-sim/install/rosbot_interfaces/share/ament_index/resource_index/rust_packages/rosbot_interfaces\n'}
[1.112224] (rosbot_interfaces) StdoutLine: {'line': b'-- Up-to-date: /home/sachin/rosbot-wifi-heatmap-sim/install/rosbot_interfaces/share/rosbot_interfaces/rust\n'}
[1.112378] (rosbot_interfaces) StdoutLine: {'line': b'-- Up-to-date: /home/sachin/rosbot-wifi-heatmap-sim/install/rosbot_interfaces/share/rosbot_interfaces/rust/Cargo.toml\n'}
[1.112528] (rosbot_interfaces) StdoutLine: {'line': b'-- Up-to-date: /home/sachin/rosbot-wifi-heatmap-sim/install/rosbot_interfaces/share/rosbot_interfaces/rust/src\n'}
[1.112672] (rosbot_interfaces) StdoutLine: {'line': b'-- Up-to-date: /home/sachin/rosbot-wifi-heatmap-sim/install/rosbot_interfaces/share/rosbot_interfaces/rust/src/lib.rs\n'}
[1.112773] (rosbot_interfaces) StdoutLine: {'line': b'-- Up-to-date: /home/sachin/rosbot-wifi-heatmap-sim/install/rosbot_interfaces/share/rosbot_interfaces/rust/src/msg\n'}
[1.112903] (rosbot_interfaces) StdoutLine: {'line': b'-- Up-to-date: /home/sachin/rosbot-wifi-heatmap-sim/install/rosbot_interfaces/share/rosbot_interfaces/rust/src/msg/rmw.rs\n'}
[1.113032] (rosbot_interfaces) StdoutLine: {'line': b'-- Up-to-date: /home/sachin/rosbot-wifi-heatmap-sim/install/rosbot_interfaces/share/rosbot_interfaces/rust/src/msg.rs\n'}
[1.113268] (rosbot_interfaces) StdoutLine: {'line': b'-- Up-to-date: /home/sachin/rosbot-wifi-heatmap-sim/install/rosbot_interfaces/share/rosbot_interfaces/rust/build.rs\n'}
[1.113525] (rosbot_interfaces) StdoutLine: {'line': b'-- Up-to-date: /home/sachin/rosbot-wifi-heatmap-sim/install/rosbot_interfaces/share/rosbot_interfaces/msg/RssiAtWaypoint.idl\n'}
[1.113799] (rosbot_interfaces) StdoutLine: {'line': b'-- Up-to-date: /home/sachin/rosbot-wifi-heatmap-sim/install/rosbot_interfaces/share/rosbot_interfaces/msg/RssiAtWaypoint.msg\n'}
[1.114196] (rosbot_interfaces) StdoutLine: {'line': b'-- Up-to-date: /home/sachin/rosbot-wifi-heatmap-sim/install/rosbot_interfaces/share/ament_index/resource_index/package_run_dependencies/rosbot_interfaces\n'}
[1.114393] (rosbot_interfaces) StdoutLine: {'line': b'-- Up-to-date: /home/sachin/rosbot-wifi-heatmap-sim/install/rosbot_interfaces/share/ament_index/resource_index/parent_prefix_path/rosbot_interfaces\n'}
[1.114541] (rosbot_interfaces) StdoutLine: {'line': b'-- Up-to-date: /home/sachin/rosbot-wifi-heatmap-sim/install/rosbot_interfaces/share/rosbot_interfaces/environment/ament_prefix_path.sh\n'}
[1.114634] (rosbot_interfaces) StdoutLine: {'line': b'-- Up-to-date: /home/sachin/rosbot-wifi-heatmap-sim/install/rosbot_interfaces/share/rosbot_interfaces/environment/ament_prefix_path.dsv\n'}
[1.114732] (rosbot_interfaces) StdoutLine: {'line': b'-- Up-to-date: /home/sachin/rosbot-wifi-heatmap-sim/install/rosbot_interfaces/share/rosbot_interfaces/environment/path.sh\n'}
[1.114836] (rosbot_interfaces) StdoutLine: {'line': b'-- Up-to-date: /home/sachin/rosbot-wifi-heatmap-sim/install/rosbot_interfaces/share/rosbot_interfaces/environment/path.dsv\n'}
[1.115048] (rosbot_interfaces) StdoutLine: {'line': b'-- Up-to-date: /home/sachin/rosbot-wifi-heatmap-sim/install/rosbot_interfaces/share/rosbot_interfaces/local_setup.bash\n'}
[1.115184] (rosbot_interfaces) StdoutLine: {'line': b'-- Up-to-date: /home/sachin/rosbot-wifi-heatmap-sim/install/rosbot_interfaces/share/rosbot_interfaces/local_setup.sh\n'}
[1.115264] (rosbot_interfaces) StdoutLine: {'line': b'-- Up-to-date: /home/sachin/rosbot-wifi-heatmap-sim/install/rosbot_interfaces/share/rosbot_interfaces/local_setup.zsh\n'}
[1.115310] (rosbot_interfaces) StdoutLine: {'line': b'-- Up-to-date: /home/sachin/rosbot-wifi-heatmap-sim/install/rosbot_interfaces/share/rosbot_interfaces/local_setup.dsv\n'}
[1.115352] (rosbot_interfaces) StdoutLine: {'line': b'-- Installing: /home/sachin/rosbot-wifi-heatmap-sim/install/rosbot_interfaces/share/rosbot_interfaces/package.dsv\n'}
[1.115413] (rosbot_interfaces) StdoutLine: {'line': b'-- Up-to-date: /home/sachin/rosbot-wifi-heatmap-sim/install/rosbot_interfaces/share/ament_index/resource_index/packages/rosbot_interfaces\n'}
[1.115546] (rosbot_interfaces) StdoutLine: {'line': b'-- Up-to-date: /home/sachin/rosbot-wifi-heatmap-sim/install/rosbot_interfaces/share/rosbot_interfaces/cmake/export_rosbot_interfaces__rosidl_generator_cExport.cmake\n'}
[1.115752] (rosbot_interfaces) StdoutLine: {'line': b'-- Up-to-date: /home/sachin/rosbot-wifi-heatmap-sim/install/rosbot_interfaces/share/rosbot_interfaces/cmake/export_rosbot_interfaces__rosidl_generator_cExport-noconfig.cmake\n'}
[1.115888] (rosbot_interfaces) StdoutLine: {'line': b'-- Up-to-date: /home/sachin/rosbot-wifi-heatmap-sim/install/rosbot_interfaces/share/rosbot_interfaces/cmake/export_rosbot_interfaces__rosidl_typesupport_fastrtps_cExport.cmake\n'}
[1.115979] (rosbot_interfaces) StdoutLine: {'line': b'-- Up-to-date: /home/sachin/rosbot-wifi-heatmap-sim/install/rosbot_interfaces/share/rosbot_interfaces/cmake/export_rosbot_interfaces__rosidl_typesupport_fastrtps_cExport-noconfig.cmake\n'}
[1.116039] (rosbot_interfaces) StdoutLine: {'line': b'-- Up-to-date: /home/sachin/rosbot-wifi-heatmap-sim/install/rosbot_interfaces/share/rosbot_interfaces/cmake/export_rosbot_interfaces__rosidl_generator_cppExport.cmake\n'}
[1.116329] (rosbot_interfaces) StdoutLine: {'line': b'-- Up-to-date: /home/sachin/rosbot-wifi-heatmap-sim/install/rosbot_interfaces/share/rosbot_interfaces/cmake/export_rosbot_interfaces__rosidl_typesupport_fastrtps_cppExport.cmake\n'}
[1.116430] (rosbot_interfaces) StdoutLine: {'line': b'-- Up-to-date: /home/sachin/rosbot-wifi-heatmap-sim/install/rosbot_interfaces/share/rosbot_interfaces/cmake/export_rosbot_interfaces__rosidl_typesupport_fastrtps_cppExport-noconfig.cmake\n'}
[1.116528] (rosbot_interfaces) StdoutLine: {'line': b'-- Up-to-date: /home/sachin/rosbot-wifi-heatmap-sim/install/rosbot_interfaces/share/rosbot_interfaces/cmake/rosbot_interfaces__rosidl_typesupport_introspection_cExport.cmake\n'}
[1.116578] (rosbot_interfaces) StdoutLine: {'line': b'-- Up-to-date: /home/sachin/rosbot-wifi-heatmap-sim/install/rosbot_interfaces/share/rosbot_interfaces/cmake/rosbot_interfaces__rosidl_typesupport_introspection_cExport-noconfig.cmake\n'}
[1.116623] (rosbot_interfaces) StdoutLine: {'line': b'-- Up-to-date: /home/sachin/rosbot-wifi-heatmap-sim/install/rosbot_interfaces/share/rosbot_interfaces/cmake/rosbot_interfaces__rosidl_typesupport_cExport.cmake\n'}
[1.116663] (rosbot_interfaces) StdoutLine: {'line': b'-- Up-to-date: /home/sachin/rosbot-wifi-heatmap-sim/install/rosbot_interfaces/share/rosbot_interfaces/cmake/rosbot_interfaces__rosidl_typesupport_cExport-noconfig.cmake\n'}
[1.116772] (rosbot_interfaces) StdoutLine: {'line': b'-- Up-to-date: /home/sachin/rosbot-wifi-heatmap-sim/install/rosbot_interfaces/share/rosbot_interfaces/cmake/rosbot_interfaces__rosidl_typesupport_introspection_cppExport.cmake\n'}
[1.116827] (rosbot_interfaces) StdoutLine: {'line': b'-- Up-to-date: /home/sachin/rosbot-wifi-heatmap-sim/install/rosbot_interfaces/share/rosbot_interfaces/cmake/rosbot_interfaces__rosidl_typesupport_introspection_cppExport-noconfig.cmake\n'}
[1.117240] (rosbot_interfaces) StdoutLine: {'line': b'-- Up-to-date: /home/sachin/rosbot-wifi-heatmap-sim/install/rosbot_interfaces/share/rosbot_interfaces/cmake/rosbot_interfaces__rosidl_typesupport_cppExport.cmake\n'}
[1.117453] (rosbot_interfaces) StdoutLine: {'line': b'-- Up-to-date: /home/sachin/rosbot-wifi-heatmap-sim/install/rosbot_interfaces/share/rosbot_interfaces/cmake/rosbot_interfaces__rosidl_typesupport_cppExport-noconfig.cmake\n'}
[1.117673] (rosbot_interfaces) StdoutLine: {'line': b'-- Up-to-date: /home/sachin/rosbot-wifi-heatmap-sim/install/rosbot_interfaces/share/rosbot_interfaces/cmake/export_rosbot_interfaces__rosidl_generator_pyExport.cmake\n'}
[1.117751] (rosbot_interfaces) StdoutLine: {'line': b'-- Up-to-date: /home/sachin/rosbot-wifi-heatmap-sim/install/rosbot_interfaces/share/rosbot_interfaces/cmake/export_rosbot_interfaces__rosidl_generator_pyExport-noconfig.cmake\n'}
[1.117876] (rosbot_interfaces) StdoutLine: {'line': b'-- Up-to-date: /home/sachin/rosbot-wifi-heatmap-sim/install/rosbot_interfaces/share/rosbot_interfaces/cmake/rosidl_cmake-extras.cmake\n'}
[1.117999] (rosbot_interfaces) StdoutLine: {'line': b'-- Up-to-date: /home/sachin/rosbot-wifi-heatmap-sim/install/rosbot_interfaces/share/rosbot_interfaces/cmake/ament_cmake_export_dependencies-extras.cmake\n'}
[1.118159] (rosbot_interfaces) StdoutLine: {'line': b'-- Up-to-date: /home/sachin/rosbot-wifi-heatmap-sim/install/rosbot_interfaces/share/rosbot_interfaces/cmake/ament_cmake_export_include_directories-extras.cmake\n'}
[1.118331] (rosbot_interfaces) StdoutLine: {'line': b'-- Up-to-date: /home/sachin/rosbot-wifi-heatmap-sim/install/rosbot_interfaces/share/rosbot_interfaces/cmake/ament_cmake_export_libraries-extras.cmake\n'}
[1.118452] (rosbot_interfaces) StdoutLine: {'line': b'-- Up-to-date: /home/sachin/rosbot-wifi-heatmap-sim/install/rosbot_interfaces/share/rosbot_interfaces/cmake/ament_cmake_export_targets-extras.cmake\n'}
[1.118536] (rosbot_interfaces) StdoutLine: {'line': b'-- Up-to-date: /home/sachin/rosbot-wifi-heatmap-sim/install/rosbot_interfaces/share/rosbot_interfaces/cmake/rosidl_cmake_export_typesupport_targets-extras.cmake\n'}
[1.118692] (rosbot_interfaces) StdoutLine: {'line': b'-- Up-to-date: /home/sachin/rosbot-wifi-heatmap-sim/install/rosbot_interfaces/share/rosbot_interfaces/cmake/rosidl_cmake_export_typesupport_libraries-extras.cmake\n'}
[1.118962] (rosbot_interfaces) StdoutLine: {'line': b'-- Up-to-date: /home/sachin/rosbot-wifi-heatmap-sim/install/rosbot_interfaces/share/rosbot_interfaces/cmake/rosbot_interfacesConfig.cmake\n'}
[1.119264] (rosbot_interfaces) StdoutLine: {'line': b'-- Up-to-date: /home/sachin/rosbot-wifi-heatmap-sim/install/rosbot_interfaces/share/rosbot_interfaces/cmake/rosbot_interfacesConfig-version.cmake\n'}
[1.119571] (rosbot_interfaces) StdoutLine: {'line': b'-- Up-to-date: /home/sachin/rosbot-wifi-heatmap-sim/install/rosbot_interfaces/share/rosbot_interfaces/package.xml\n'}
[1.125985] (rosbot_interfaces) CommandEnded: {'returncode': 0}
[1.174711] (rosbot_interfaces) JobEnded: {'identifier': 'rosbot_interfaces', 'rc': 0}
[1.176257] (nav2_read_rssi_at_waypoint) JobStarted: {'identifier': 'nav2_read_rssi_at_waypoint'}
[1.183683] (rssi_heatmap_generator_package) JobStarted: {'identifier': 'rssi_heatmap_generator_package'}
[1.197698] (nav2_read_rssi_at_waypoint) JobProgress: {'identifier': 'nav2_read_rssi_at_waypoint', 'progress': 'cmake'}
[1.198929] (nav2_read_rssi_at_waypoint) JobProgress: {'identifier': 'nav2_read_rssi_at_waypoint', 'progress': 'build'}
[1.199212] (nav2_read_rssi_at_waypoint) Command: {'cmd': ['/usr/bin/cmake', '--build', '/home/sachin/rosbot-wifi-heatmap-sim/build/nav2_read_rssi_at_waypoint', '--', '-j12', '-l12'], 'cwd': '/home/sachin/rosbot-wifi-heatmap-sim/build/nav2_read_rssi_at_waypoint', 'env': OrderedDict({'LESSOPEN': '| /usr/bin/lesspipe %s', 'GZ_SIM_RESOURCE_PATH': '/opt/ros/jazzy/share:/home/sachin/gazebo_models', 'USER': 'sachin', 'GZ_CONFIG_PATH': '/opt/ros/jazzy/opt/gz_sim_vendor/share/gz:/opt/ros/jazzy/opt/sdformat_vendor/share/gz:/opt/ros/jazzy/opt/gz_gui_vendor/share/gz:/opt/ros/jazzy/opt/gz_transport_vendor/share/gz:/opt/ros/jazzy/opt/gz_rendering_vendor/share/gz:/opt/ros/jazzy/opt/gz_plugin_vendor/share/gz:/opt/ros/jazzy/opt/gz_fuel_tools_vendor/share/gz:/opt/ros/jazzy/opt/gz_msgs_vendor/share/gz:/opt/ros/jazzy/opt/gz_common_vendor/share/gz', 'XDG_SESSION_TYPE': 'x11', 'CLUTTER_DISABLE_MIPMAPPED_TEXT': '1', 'SHLVL': '1', 'LD_LIBRARY_PATH': '/home/sachin/rosbot-wifi-heatmap-sim/install/rosbot_interfaces/lib:/home/sachin/rosbot-wifi-heatmap-sim/install/nav2_read_rssi_at_waypoint/lib:/opt/ros/jazzy/opt/gz_sim_vendor/lib:/opt/ros/jazzy/opt/gz_sensors_vendor/lib:/opt/ros/jazzy/opt/gz_physics_vendor/lib:/opt/ros/jazzy/opt/sdformat_vendor/lib:/opt/ros/jazzy/opt/rviz_ogre_vendor/lib:/opt/ros/jazzy/lib/x86_64-linux-gnu:/opt/ros/jazzy/opt/gz_gui_vendor/lib:/opt/ros/jazzy/opt/gz_transport_vendor/lib:/opt/ros/jazzy/opt/gz_rendering_vendor/lib:/opt/ros/jazzy/opt/gz_plugin_vendor/lib:/opt/ros/jazzy/opt/gz_fuel_tools_vendor/lib:/opt/ros/jazzy/opt/gz_msgs_vendor/lib:/opt/ros/jazzy/opt/gz_common_vendor/lib:/opt/ros/jazzy/opt/gz_math_vendor/lib:/opt/ros/jazzy/opt/gz_utils_vendor/lib:/opt/ros/jazzy/opt/gz_tools_vendor/lib:/opt/ros/jazzy/opt/gz_ogre_next_vendor/lib:/opt/ros/jazzy/opt/gz_dartsim_vendor/lib:/opt/ros/jazzy/opt/gz_cmake_vendor/lib:/opt/ros/jazzy/lib', 'HOME': '/home/sachin', 'OLDPWD': '/home/sachin', 'DESKTOP_SESSION': 'ubuntu', 'ROS_PYTHON_VERSION': '3', 'GNOME_SHELL_SESSION_MODE': 'ubuntu', 'GTK_MODULES': 'gail:atk-bridge', 'PS1': '(.ros2_venv) \\[\\e]0;\\u@\\h: \\w\\a\\]${debian_chroot:+($debian_chroot)}\\[\\033[01;32m\\]\\u@\\h\\[\\033[00m\\]:\\[\\033[01;34m\\]\\w\\[\\033[00m\\]\\$', 'SYSTEMD_EXEC_PID': '2572', 'GSM_SKIP_SSH_AGENT_WORKAROUND': 'true', 'DBUS_SESSION_BUS_ADDRESS': 'unix:path=/run/user/1000/bus', 'COLORTERM': 'truecolor', 'DEBUGINFOD_URLS': 'https://debuginfod.ubuntu.com', 'COLCON_PREFIX_PATH': '/home/sachin/rosbot-wifi-heatmap-sim/install:/home/sachin/turtlebot3_ws/install', 'ROS_DISTRO': 'jazzy', 'LOGNAME': 'sachin', '_': '/usr/bin/colcon', 'ROS_VERSION': '2', 'PIP_BREAK_SYSTEM_PACKAGES': '1', 'MEMORY_PRESSURE_WATCH': '/sys/fs/cgroup/user.slice/user-1000.slice/user@1000.service/session.slice/org.gnome.Shell@x11.service/memory.pressure', 'XDG_SESSION_CLASS': 'user', 'USERNAME': 'sachin', 'TERM': 'xterm-256color', 'GNOME_DESKTOP_SESSION_ID': 'this-is-deprecated', 'WINDOWPATH': '2', 'PATH': '/home/sachin/.ros2_venv/bin:/opt/ros/jazzy/opt/gz_msgs_vendor/bin:/opt/ros/jazzy/opt/gz_tools_vendor/bin:/opt/ros/jazzy/opt/gz_ogre_next_vendor/bin:/opt/ros/jazzy/bin:/usr/local/sbin:/usr/local/bin:/usr/sbin:/usr/bin:/sbin:/bin:/usr/games:/usr/local/games:/snap/bin:/snap/bin', 'SESSION_MANAGER': 'local/SK:@/tmp/.ICE-unix/2540,unix/SK:/tmp/.ICE-unix/2540', 'XDG_MENU_PREFIX': 'gnome-', 'GNOME_TERMINAL_SCREEN': '/org/gnome/Terminal/screen/fdb5864d_c3f7_49fd_a0c4_41147260431a', 'XDG_RUNTIME_DIR': '/run/user/1000', 'DISPLAY': ':1', 'LANG': 'en_US.UTF-8', 'XDG_CURRENT_DESKTOP': 'ubuntu:GNOME', 'VIRTUAL_ENV_PROMPT': '(.ros2_venv)', 'XMODIFIERS': '@im=ibus', 'XDG_SESSION_DESKTOP': 'ubuntu', 'XAUTHORITY': '/run/user/1000/gdm/Xauthority', 'LS_COLORS': 'rs=0:di=01;34:ln=01;36:mh=00:pi=40;33:so=01;35:do=01;35:bd=40;33;01:cd=40;33;01:or=40;31;01:mi=00:su=37;41:sg=30;43:ca=00:tw=30;42:ow=34;42:st=37;44:ex=01;32:*.tar=01;31:*.tgz=01;31:*.arc=01;31:*.arj=01;31:*.taz=01;31:*.lha=01;31:*.lz4=01;31:*.lzh=01;31:*.lzma=01;31:*.tlz=01;31:*.txz=01;31:*.tzo=01;31:*.t7z=01;31:*.zip=01;31:*.z=01;31:*.dz=01;31:*.gz=01;31:*.lrz=01;31:*.lz=01;31:*.lzo=01;31:*.xz=01;31:*.zst=01;31:*.tzst=01;31:*.bz2=01;31:*.bz=01;31:*.tbz=01;31:*.tbz2=01;31:*.tz=01;31:*.deb=01;31:*.rpm=01;31:*.jar=01;31:*.war=01;31:*.ear=01;31:*.sar=01;31:*.rar=01;31:*.alz=01;31:*.ace=01;31:*.zoo=01;31:*.cpio=01;31:*.7z=01;31:*.rz=01;31:*.cab=01;31:*.wim=01;31:*.swm=01;31:*.dwm=01;31:*.esd=01;31:*.avif=01;35:*.jpg=01;35:*.jpeg=01;35:*.mjpg=01;35:*.mjpeg=01;35:*.gif=01;35:*.bmp=01;35:*.pbm=01;35:*.pgm=01;35:*.ppm=01;35:*.tga=01;35:*.xbm=01;35:*.xpm=01;35:*.tif=01;35:*.tiff=01;35:*.png=01;35:*.svg=01;35:*.svgz=01;35:*.mng=01;35:*.pcx=01;35:*.mov=01;35:*.mpg=01;35:*.mpeg=01;35:*.m2v=01;35:*.mkv=01;35:*.webm=01;35:*.webp=01;35:*.ogm=01;35:*.mp4=01;35:*.m4v=01;35:*.mp4v=01;35:*.vob=01;35:*.qt=01;35:*.nuv=01;35:*.wmv=01;35:*.asf=01;35:*.rm=01;35:*.rmvb=01;35:*.flc=01;35:*.avi=01;35:*.fli=01;35:*.flv=01;35:*.gl=01;35:*.dl=01;35:*.xcf=01;35:*.xwd=01;35:*.yuv=01;35:*.cgm=01;35:*.emf=01;35:*.ogv=01;35:*.ogx=01;35:*.aac=00;36:*.au=00;36:*.flac=00;36:*.m4a=00;36:*.mid=00;36:*.midi=00;36:*.mka=00;36:*.mp3=00;36:*.mpc=00;36:*.ogg=00;36:*.ra=00;36:*.wav=00;36:*.oga=00;36:*.opus=00;36:*.spx=00;36:*.xspf=00;36:*~=00;90:*#=00;90:*.bak=00;90:*.crdownload=00;90:*.dpkg-dist=00;90:*.dpkg-new=00;90:*.dpkg-old=00;90:*.dpkg-tmp=00;90:*.old=00;90:*.orig=00;90:*.part=00;90:*.rej=00;90:*.rpmnew=00;90:*.rpmorig=00;90:*.rpmsave=00;90:*.swp=00;90:*.tmp=00;90:*.ucf-dist=00;90:*.ucf-new=00;90:*.ucf-old=00;90:', 'GNOME_TERMINAL_SERVICE': ':1.149', 'SSH_AUTH_SOCK': '/run/user/1000/keyring/ssh', 'ROS_DOMAIN_ID': '100', 'AMENT_PREFIX_PATH': '/home/sachin/rosbot-wifi-heatmap-sim/install/mappers_bringup:/home/sachin/rosbot-wifi-heatmap-sim/install/waypoint_publisher_package:/home/sachin/rosbot-wifi-heatmap-sim/install/rssi_heatmap_generator_package:/home/sachin/rosbot-wifi-heatmap-sim/install/nav2_read_rssi_at_waypoint:/home/sachin/rosbot-wifi-heatmap-sim/install/rosbot_interfaces:/home/sachin/turtlebot3_ws/install/turtlebot3_simulations:/home/sachin/turtlebot3_ws/install/turtlebot3_gazebo:/home/sachin/turtlebot3_ws/install/turtlebot3_fake_node:/opt/ros/jazzy', 'SHELL': '/bin/bash', 'QT_ACCESSIBILITY': '1', 'GDMSESSION': 'ubuntu', 'LESSCLOSE': '/usr/bin/lesspipe %s %s', 'GPG_AGENT_INFO': '/run/user/1000/gnupg/S.gpg-agent:0:1', 'VIRTUAL_ENV': '/home/sachin/.ros2_venv', 'ROS_AUTOMATIC_DISCOVERY_RANGE': 'SUBNET', 'QT_IM_MODULE': 'ibus', 'PWD': '/home/sachin/rosbot-wifi-heatmap-sim/build/nav2_read_rssi_at_waypoint', 'TURTLEBOT3_MODEL': 'waffle', 'LC_ALL': 'en_US.UTF-8', 'XDG_CONFIG_DIRS': '/etc/xdg/xdg-ubuntu:/etc/xdg', 'XDG_DATA_DIRS': '/usr/share/ubuntu:/usr/share/gnome:/usr/local/share/:/usr/share/:/var/lib/snapd/desktop', 'PYTHONPATH': '/home/sachin/rosbot-wifi-heatmap-sim/install/rosbot_interfaces/lib/python3.12/site-packages:/home/sachin/rosbot-wifi-heatmap-sim/install/waypoint_publisher_package/lib/python3.12/site-packages:/home/sachin/rosbot-wifi-heatmap-sim/install/rssi_heatmap_generator_package/lib/python3.12/site-packages:/opt/ros/jazzy/lib/python3.12/site-packages', 'COLCON': '1', 'MEMORY_PRESSURE_WRITE': 'c29tZSAyMDAwMDAgMjAwMDAwMAA=', 'VTE_VERSION': '7600', 'CMAKE_PREFIX_PATH': '/home/sachin/rosbot-wifi-heatmap-sim/install/rosbot_interfaces:/home/sachin/rosbot-wifi-heatmap-sim/install/mappers_bringup:/home/sachin/rosbot-wifi-heatmap-sim/install/nav2_read_rssi_at_waypoint:/home/sachin/turtlebot3_ws/install/turtlebot3_simulations:/home/sachin/turtlebot3_ws/install/turtlebot3_gazebo:/home/sachin/turtlebot3_ws/install/turtlebot3_fake_node:/opt/ros/jazzy/opt/gz_sim_vendor:/opt/ros/jazzy/opt/gz_sensors_vendor:/opt/ros/jazzy/opt/gz_physics_vendor:/opt/ros/jazzy/opt/sdformat_vendor:/opt/ros/jazzy/opt/gz_gui_vendor:/opt/ros/jazzy/opt/gz_transport_vendor:/opt/ros/jazzy/opt/gz_rendering_vendor:/opt/ros/jazzy/opt/gz_plugin_vendor:/opt/ros/jazzy/opt/gz_fuel_tools_vendor:/opt/ros/jazzy/opt/gz_msgs_vendor:/opt/ros/jazzy/opt/gz_common_vendor:/opt/ros/jazzy/opt/gz_math_vendor:/opt/ros/jazzy/opt/gz_utils_vendor:/opt/ros/jazzy/opt/gz_tools_vendor:/opt/ros/jazzy/opt/gz_ogre_next_vendor:/opt/ros/jazzy/opt/gz_dartsim_vendor:/opt/ros/jazzy/opt/gz_cmake_vendor:/home/sachin/rosbot-wifi-heatmap-sim/install/waypoint_publisher_package:/home/sachin/rosbot-wifi-heatmap-sim/install/rssi_heatmap_generator_package:/opt/ros/jazzy'}), 'shell': False}
[1.202062] (-) TimerEvent: {}
[1.302571] (-) TimerEvent: {}
[1.348635] (nav2_read_rssi_at_waypoint) StdoutLine: {'line': b'[100%] Built target nav2_read_rssi_at_waypoint\n'}
[1.402757] (-) TimerEvent: {}
[1.503574] (-) TimerEvent: {}
[1.604406] (-) TimerEvent: {}
[1.659263] (nav2_read_rssi_at_waypoint) CommandEnded: {'returncode': 0}
[1.661766] (nav2_read_rssi_at_waypoint) JobProgress: {'identifier': 'nav2_read_rssi_at_waypoint', 'progress': 'install'}
[1.663586] (nav2_read_rssi_at_waypoint) Command: {'cmd': ['/usr/bin/cmake', '--install', '/home/sachin/rosbot-wifi-heatmap-sim/build/nav2_read_rssi_at_waypoint'], 'cwd': '/home/sachin/rosbot-wifi-heatmap-sim/build/nav2_read_rssi_at_waypoint', 'env': OrderedDict({'LESSOPEN': '| /usr/bin/lesspipe %s', 'GZ_SIM_RESOURCE_PATH': '/opt/ros/jazzy/share:/home/sachin/gazebo_models', 'USER': 'sachin', 'GZ_CONFIG_PATH': '/opt/ros/jazzy/opt/gz_sim_vendor/share/gz:/opt/ros/jazzy/opt/sdformat_vendor/share/gz:/opt/ros/jazzy/opt/gz_gui_vendor/share/gz:/opt/ros/jazzy/opt/gz_transport_vendor/share/gz:/opt/ros/jazzy/opt/gz_rendering_vendor/share/gz:/opt/ros/jazzy/opt/gz_plugin_vendor/share/gz:/opt/ros/jazzy/opt/gz_fuel_tools_vendor/share/gz:/opt/ros/jazzy/opt/gz_msgs_vendor/share/gz:/opt/ros/jazzy/opt/gz_common_vendor/share/gz', 'XDG_SESSION_TYPE': 'x11', 'CLUTTER_DISABLE_MIPMAPPED_TEXT': '1', 'SHLVL': '1', 'LD_LIBRARY_PATH': '/home/sachin/rosbot-wifi-heatmap-sim/install/rosbot_interfaces/lib:/home/sachin/rosbot-wifi-heatmap-sim/install/nav2_read_rssi_at_waypoint/lib:/opt/ros/jazzy/opt/gz_sim_vendor/lib:/opt/ros/jazzy/opt/gz_sensors_vendor/lib:/opt/ros/jazzy/opt/gz_physics_vendor/lib:/opt/ros/jazzy/opt/sdformat_vendor/lib:/opt/ros/jazzy/opt/rviz_ogre_vendor/lib:/opt/ros/jazzy/lib/x86_64-linux-gnu:/opt/ros/jazzy/opt/gz_gui_vendor/lib:/opt/ros/jazzy/opt/gz_transport_vendor/lib:/opt/ros/jazzy/opt/gz_rendering_vendor/lib:/opt/ros/jazzy/opt/gz_plugin_vendor/lib:/opt/ros/jazzy/opt/gz_fuel_tools_vendor/lib:/opt/ros/jazzy/opt/gz_msgs_vendor/lib:/opt/ros/jazzy/opt/gz_common_vendor/lib:/opt/ros/jazzy/opt/gz_math_vendor/lib:/opt/ros/jazzy/opt/gz_utils_vendor/lib:/opt/ros/jazzy/opt/gz_tools_vendor/lib:/opt/ros/jazzy/opt/gz_ogre_next_vendor/lib:/opt/ros/jazzy/opt/gz_dartsim_vendor/lib:/opt/ros/jazzy/opt/gz_cmake_vendor/lib:/opt/ros/jazzy/lib', 'HOME': '/home/sachin', 'OLDPWD': '/home/sachin', 'DESKTOP_SESSION': 'ubuntu', 'ROS_PYTHON_VERSION': '3', 'GNOME_SHELL_SESSION_MODE': 'ubuntu', 'GTK_MODULES': 'gail:atk-bridge', 'PS1': '(.ros2_venv) \\[\\e]0;\\u@\\h: \\w\\a\\]${debian_chroot:+($debian_chroot)}\\[\\033[01;32m\\]\\u@\\h\\[\\033[00m\\]:\\[\\033[01;34m\\]\\w\\[\\033[00m\\]\\$', 'SYSTEMD_EXEC_PID': '2572', 'GSM_SKIP_SSH_AGENT_WORKAROUND': 'true', 'DBUS_SESSION_BUS_ADDRESS': 'unix:path=/run/user/1000/bus', 'COLORTERM': 'truecolor', 'DEBUGINFOD_URLS': 'https://debuginfod.ubuntu.com', 'COLCON_PREFIX_PATH': '/home/sachin/rosbot-wifi-heatmap-sim/install:/home/sachin/turtlebot3_ws/install', 'ROS_DISTRO': 'jazzy', 'LOGNAME': 'sachin', '_': '/usr/bin/colcon', 'ROS_VERSION': '2', 'PIP_BREAK_SYSTEM_PACKAGES': '1', 'MEMORY_PRESSURE_WATCH': '/sys/fs/cgroup/user.slice/user-1000.slice/user@1000.service/session.slice/org.gnome.Shell@x11.service/memory.pressure', 'XDG_SESSION_CLASS': 'user', 'USERNAME': 'sachin', 'TERM': 'xterm-256color', 'GNOME_DESKTOP_SESSION_ID': 'this-is-deprecated', 'WINDOWPATH': '2', 'PATH': '/home/sachin/.ros2_venv/bin:/opt/ros/jazzy/opt/gz_msgs_vendor/bin:/opt/ros/jazzy/opt/gz_tools_vendor/bin:/opt/ros/jazzy/opt/gz_ogre_next_vendor/bin:/opt/ros/jazzy/bin:/usr/local/sbin:/usr/local/bin:/usr/sbin:/usr/bin:/sbin:/bin:/usr/games:/usr/local/games:/snap/bin:/snap/bin', 'SESSION_MANAGER': 'local/SK:@/tmp/.ICE-unix/2540,unix/SK:/tmp/.ICE-unix/2540', 'XDG_MENU_PREFIX': 'gnome-', 'GNOME_TERMINAL_SCREEN': '/org/gnome/Terminal/screen/fdb5864d_c3f7_49fd_a0c4_41147260431a', 'XDG_RUNTIME_DIR': '/run/user/1000', 'DISPLAY': ':1', 'LANG': 'en_US.UTF-8', 'XDG_CURRENT_DESKTOP': 'ubuntu:GNOME', 'VIRTUAL_ENV_PROMPT': '(.ros2_venv)', 'XMODIFIERS': '@im=ibus', 'XDG_SESSION_DESKTOP': 'ubuntu', 'XAUTHORITY': '/run/user/1000/gdm/Xauthority', 'LS_COLORS': 'rs=0:di=01;34:ln=01;36:mh=00:pi=40;33:so=01;35:do=01;35:bd=40;33;01:cd=40;33;01:or=40;31;01:mi=00:su=37;41:sg=30;43:ca=00:tw=30;42:ow=34;42:st=37;44:ex=01;32:*.tar=01;31:*.tgz=01;31:*.arc=01;31:*.arj=01;31:*.taz=01;31:*.lha=01;31:*.lz4=01;31:*.lzh=01;31:*.lzma=01;31:*.tlz=01;31:*.txz=01;31:*.tzo=01;31:*.t7z=01;31:*.zip=01;31:*.z=01;31:*.dz=01;31:*.gz=01;31:*.lrz=01;31:*.lz=01;31:*.lzo=01;31:*.xz=01;31:*.zst=01;31:*.tzst=01;31:*.bz2=01;31:*.bz=01;31:*.tbz=01;31:*.tbz2=01;31:*.tz=01;31:*.deb=01;31:*.rpm=01;31:*.jar=01;31:*.war=01;31:*.ear=01;31:*.sar=01;31:*.rar=01;31:*.alz=01;31:*.ace=01;31:*.zoo=01;31:*.cpio=01;31:*.7z=01;31:*.rz=01;31:*.cab=01;31:*.wim=01;31:*.swm=01;31:*.dwm=01;31:*.esd=01;31:*.avif=01;35:*.jpg=01;35:*.jpeg=01;35:*.mjpg=01;35:*.mjpeg=01;35:*.gif=01;35:*.bmp=01;35:*.pbm=01;35:*.pgm=01;35:*.ppm=01;35:*.tga=01;35:*.xbm=01;35:*.xpm=01;35:*.tif=01;35:*.tiff=01;35:*.png=01;35:*.svg=01;35:*.svgz=01;35:*.mng=01;35:*.pcx=01;35:*.mov=01;35:*.mpg=01;35:*.mpeg=01;35:*.m2v=01;35:*.mkv=01;35:*.webm=01;35:*.webp=01;35:*.ogm=01;35:*.mp4=01;35:*.m4v=01;35:*.mp4v=01;35:*.vob=01;35:*.qt=01;35:*.nuv=01;35:*.wmv=01;35:*.asf=01;35:*.rm=01;35:*.rmvb=01;35:*.flc=01;35:*.avi=01;35:*.fli=01;35:*.flv=01;35:*.gl=01;35:*.dl=01;35:*.xcf=01;35:*.xwd=01;35:*.yuv=01;35:*.cgm=01;35:*.emf=01;35:*.ogv=01;35:*.ogx=01;35:*.aac=00;36:*.au=00;36:*.flac=00;36:*.m4a=00;36:*.mid=00;36:*.midi=00;36:*.mka=00;36:*.mp3=00;36:*.mpc=00;36:*.ogg=00;36:*.ra=00;36:*.wav=00;36:*.oga=00;36:*.opus=00;36:*.spx=00;36:*.xspf=00;36:*~=00;90:*#=00;90:*.bak=00;90:*.crdownload=00;90:*.dpkg-dist=00;90:*.dpkg-new=00;90:*.dpkg-old=00;90:*.dpkg-tmp=00;90:*.old=00;90:*.orig=00;90:*.part=00;90:*.rej=00;90:*.rpmnew=00;90:*.rpmorig=00;90:*.rpmsave=00;90:*.swp=00;90:*.tmp=00;90:*.ucf-dist=00;90:*.ucf-new=00;90:*.ucf-old=00;90:', 'GNOME_TERMINAL_SERVICE': ':1.149', 'SSH_AUTH_SOCK': '/run/user/1000/keyring/ssh', 'ROS_DOMAIN_ID': '100', 'AMENT_PREFIX_PATH': '/home/sachin/rosbot-wifi-heatmap-sim/install/mappers_bringup:/home/sachin/rosbot-wifi-heatmap-sim/install/waypoint_publisher_package:/home/sachin/rosbot-wifi-heatmap-sim/install/rssi_heatmap_generator_package:/home/sachin/rosbot-wifi-heatmap-sim/install/nav2_read_rssi_at_waypoint:/home/sachin/rosbot-wifi-heatmap-sim/install/rosbot_interfaces:/home/sachin/turtlebot3_ws/install/turtlebot3_simulations:/home/sachin/turtlebot3_ws/install/turtlebot3_gazebo:/home/sachin/turtlebot3_ws/install/turtlebot3_fake_node:/opt/ros/jazzy', 'SHELL': '/bin/bash', 'QT_ACCESSIBILITY': '1', 'GDMSESSION': 'ubuntu', 'LESSCLOSE': '/usr/bin/lesspipe %s %s', 'GPG_AGENT_INFO': '/run/user/1000/gnupg/S.gpg-agent:0:1', 'VIRTUAL_ENV': '/home/sachin/.ros2_venv', 'ROS_AUTOMATIC_DISCOVERY_RANGE': 'SUBNET', 'QT_IM_MODULE': 'ibus', 'PWD': '/home/sachin/rosbot-wifi-heatmap-sim/build/nav2_read_rssi_at_waypoint', 'TURTLEBOT3_MODEL': 'waffle', 'LC_ALL': 'en_US.UTF-8', 'XDG_CONFIG_DIRS': '/etc/xdg/xdg-ubuntu:/etc/xdg', 'XDG_DATA_DIRS': '/usr/share/ubuntu:/usr/share/gnome:/usr/local/share/:/usr/share/:/var/lib/snapd/desktop', 'PYTHONPATH': '/home/sachin/rosbot-wifi-heatmap-sim/install/rosbot_interfaces/lib/python3.12/site-packages:/home/sachin/rosbot-wifi-heatmap-sim/install/waypoint_publisher_package/lib/python3.12/site-packages:/home/sachin/rosbot-wifi-heatmap-sim/install/rssi_heatmap_generator_package/lib/python3.12/site-packages:/opt/ros/jazzy/lib/python3.12/site-packages', 'COLCON': '1', 'MEMORY_PRESSURE_WRITE': 'c29tZSAyMDAwMDAgMjAwMDAwMAA=', 'VTE_VERSION': '7600', 'CMAKE_PREFIX_PATH': '/home/sachin/rosbot-wifi-heatmap-sim/install/rosbot_interfaces:/home/sachin/rosbot-wifi-heatmap-sim/install/mappers_bringup:/home/sachin/rosbot-wifi-heatmap-sim/install/nav2_read_rssi_at_waypoint:/home/sachin/turtlebot3_ws/install/turtlebot3_simulations:/home/sachin/turtlebot3_ws/install/turtlebot3_gazebo:/home/sachin/turtlebot3_ws/install/turtlebot3_fake_node:/opt/ros/jazzy/opt/gz_sim_vendor:/opt/ros/jazzy/opt/gz_sensors_vendor:/opt/ros/jazzy/opt/gz_physics_vendor:/opt/ros/jazzy/opt/sdformat_vendor:/opt/ros/jazzy/opt/gz_gui_vendor:/opt/ros/jazzy/opt/gz_transport_vendor:/opt/ros/jazzy/opt/gz_rendering_vendor:/opt/ros/jazzy/opt/gz_plugin_vendor:/opt/ros/jazzy/opt/gz_fuel_tools_vendor:/opt/ros/jazzy/opt/gz_msgs_vendor:/opt/ros/jazzy/opt/gz_common_vendor:/opt/ros/jazzy/opt/gz_math_vendor:/opt/ros/jazzy/opt/gz_utils_vendor:/opt/ros/jazzy/opt/gz_tools_vendor:/opt/ros/jazzy/opt/gz_ogre_next_vendor:/opt/ros/jazzy/opt/gz_dartsim_vendor:/opt/ros/jazzy/opt/gz_cmake_vendor:/home/sachin/rosbot-wifi-heatmap-sim/install/waypoint_publisher_package:/home/sachin/rosbot-wifi-heatmap-sim/install/rssi_heatmap_generator_package:/opt/ros/jazzy'}), 'shell': False}
[1.684413] (nav2_read_rssi_at_waypoint) StdoutLine: {'line': b'-- Install configuration: ""\n'}
[1.685209] (nav2_read_rssi_at_waypoint) StdoutLine: {'line': b'-- Up-to-date: /home/sachin/rosbot-wifi-heatmap-sim/install/nav2_read_rssi_at_waypoint/share/nav2_read_rssi_at_waypoint/nav2_read_rssi_at_waypoint.xml\n'}
[1.685418] (nav2_read_rssi_at_waypoint) StdoutLine: {'line': b'-- Up-to-date: /home/sachin/rosbot-wifi-heatmap-sim/install/nav2_read_rssi_at_waypoint/lib/libnav2_read_rssi_at_waypoint.so\n'}
[1.685546] (nav2_read_rssi_at_waypoint) StdoutLine: {'line': b'-- Up-to-date: /home/sachin/rosbot-wifi-heatmap-sim/install/nav2_read_rssi_at_waypoint/include/\n'}
[1.685644] (nav2_read_rssi_at_waypoint) StdoutLine: {'line': b'-- Up-to-date: /home/sachin/rosbot-wifi-heatmap-sim/install/nav2_read_rssi_at_waypoint/include//nav2_read_rssi_at_waypoint\n'}
[1.685734] (nav2_read_rssi_at_waypoint) StdoutLine: {'line': b'-- Up-to-date: /home/sachin/rosbot-wifi-heatmap-sim/install/nav2_read_rssi_at_waypoint/include//nav2_read_rssi_at_waypoint/read_rssi_at_waypoint.hpp\n'}
[1.685828] (nav2_read_rssi_at_waypoint) StdoutLine: {'line': b'-- Up-to-date: /home/sachin/rosbot-wifi-heatmap-sim/install/nav2_read_rssi_at_waypoint/include//nav2_read_rssi_at_waypoint/simulated_rssi.hpp\n'}
[1.686000] (nav2_read_rssi_at_waypoint) StdoutLine: {'line': b'-- Up-to-date: /home/sachin/rosbot-wifi-heatmap-sim/install/nav2_read_rssi_at_waypoint/share/nav2_read_rssi_at_waypoint/nav2_read_rssi_at_waypoint.xml\n'}
[1.686132] (nav2_read_rssi_at_waypoint) StdoutLine: {'line': b'-- Up-to-date: /home/sachin/rosbot-wifi-heatmap-sim/install/nav2_read_rssi_at_waypoint/share/nav2_read_rssi_at_waypoint/environment/library_path.sh\n'}
[1.686247] (nav2_read_rssi_at_waypoint) StdoutLine: {'line': b'-- Up-to-date: /home/sachin/rosbot-wifi-heatmap-sim/install/nav2_read_rssi_at_waypoint/share/nav2_read_rssi_at_waypoint/environment/library_path.dsv\n'}
[1.686383] (nav2_read_rssi_at_waypoint) StdoutLine: {'line': b'-- Up-to-date: /home/sachin/rosbot-wifi-heatmap-sim/install/nav2_read_rssi_at_waypoint/share/ament_index/resource_index/package_run_dependencies/nav2_read_rssi_at_waypoint\n'}
[1.686516] (nav2_read_rssi_at_waypoint) StdoutLine: {'line': b'-- Up-to-date: /home/sachin/rosbot-wifi-heatmap-sim/install/nav2_read_rssi_at_waypoint/share/ament_index/resource_index/parent_prefix_path/nav2_read_rssi_at_waypoint\n'}
[1.686661] (nav2_read_rssi_at_waypoint) StdoutLine: {'line': b'-- Up-to-date: /home/sachin/rosbot-wifi-heatmap-sim/install/nav2_read_rssi_at_waypoint/share/nav2_read_rssi_at_waypoint/environment/ament_prefix_path.sh\n'}
[1.686793] (nav2_read_rssi_at_waypoint) StdoutLine: {'line': b'-- Up-to-date: /home/sachin/rosbot-wifi-heatmap-sim/install/nav2_read_rssi_at_waypoint/share/nav2_read_rssi_at_waypoint/environment/ament_prefix_path.dsv\n'}
[1.686918] (nav2_read_rssi_at_waypoint) StdoutLine: {'line': b'-- Up-to-date: /home/sachin/rosbot-wifi-heatmap-sim/install/nav2_read_rssi_at_waypoint/share/nav2_read_rssi_at_waypoint/environment/path.sh\n'}
[1.687078] (nav2_read_rssi_at_waypoint) StdoutLine: {'line': b'-- Up-to-date: /home/sachin/rosbot-wifi-heatmap-sim/install/nav2_read_rssi_at_waypoint/share/nav2_read_rssi_at_waypoint/environment/path.dsv\n'}
[1.687288] (nav2_read_rssi_at_waypoint) StdoutLine: {'line': b'-- Up-to-date: /home/sachin/rosbot-wifi-heatmap-sim/install/nav2_read_rssi_at_waypoint/share/nav2_read_rssi_at_waypoint/local_setup.bash\n'}
[1.687432] (nav2_read_rssi_at_waypoint) StdoutLine: {'line': b'-- Up-to-date: /home/sachin/rosbot-wifi-heatmap-sim/install/nav2_read_rssi_at_waypoint/share/nav2_read_rssi_at_waypoint/local_setup.sh\n'}
[1.687547] (nav2_read_rssi_at_waypoint) StdoutLine: {'line': b'-- Up-to-date: /home/sachin/rosbot-wifi-heatmap-sim/install/nav2_read_rssi_at_waypoint/share/nav2_read_rssi_at_waypoint/local_setup.zsh\n'}
[1.687690] (nav2_read_rssi_at_waypoint) StdoutLine: {'line': b'-- Up-to-date: /home/sachin/rosbot-wifi-heatmap-sim/install/nav2_read_rssi_at_waypoint/share/nav2_read_rssi_at_waypoint/local_setup.dsv\n'}
[1.687810] (nav2_read_rssi_at_waypoint) StdoutLine: {'line': b'-- Installing: /home/sachin/rosbot-wifi-heatmap-sim/install/nav2_read_rssi_at_waypoint/share/nav2_read_rssi_at_waypoint/package.dsv\n'}
[1.687926] (nav2_read_rssi_at_waypoint) StdoutLine: {'line': b'-- Up-to-date: /home/sachin/rosbot-wifi-heatmap-sim/install/nav2_read_rssi_at_waypoint/share/ament_index/resource_index/packages/nav2_read_rssi_at_waypoint\n'}
[1.688040] (nav2_read_rssi_at_waypoint) StdoutLine: {'line': b'-- Up-to-date: /home/sachin/rosbot-wifi-heatmap-sim/install/nav2_read_rssi_at_waypoint/share/ament_index/resource_index/nav2_waypoint_follower__pluginlib__plugin/nav2_read_rssi_at_waypoint\n'}
[1.688188] (nav2_read_rssi_at_waypoint) StdoutLine: {'line': b'-- Up-to-date: /home/sachin/rosbot-wifi-heatmap-sim/install/nav2_read_rssi_at_waypoint/share/nav2_read_rssi_at_waypoint/cmake/ament_cmake_export_include_directories-extras.cmake\n'}
[1.688294] (nav2_read_rssi_at_waypoint) StdoutLine: {'line': b'-- Up-to-date: /home/sachin/rosbot-wifi-heatmap-sim/install/nav2_read_rssi_at_waypoint/share/nav2_read_rssi_at_waypoint/cmake/ament_cmake_export_libraries-extras.cmake\n'}
[1.688433] (nav2_read_rssi_at_waypoint) StdoutLine: {'line': b'-- Up-to-date: /home/sachin/rosbot-wifi-heatmap-sim/install/nav2_read_rssi_at_waypoint/share/nav2_read_rssi_at_waypoint/cmake/ament_cmake_export_dependencies-extras.cmake\n'}
[1.688524] (nav2_read_rssi_at_waypoint) StdoutLine: {'line': b'-- Up-to-date: /home/sachin/rosbot-wifi-heatmap-sim/install/nav2_read_rssi_at_waypoint/share/nav2_read_rssi_at_waypoint/cmake/nav2_read_rssi_at_waypointConfig.cmake\n'}
[1.688623] (nav2_read_rssi_at_waypoint) StdoutLine: {'line': b'-- Up-to-date: /home/sachin/rosbot-wifi-heatmap-sim/install/nav2_read_rssi_at_waypoint/share/nav2_read_rssi_at_waypoint/cmake/nav2_read_rssi_at_waypointConfig-version.cmake\n'}
[1.688915] (nav2_read_rssi_at_waypoint) StdoutLine: {'line': b'-- Up-to-date: /home/sachin/rosbot-wifi-heatmap-sim/install/nav2_read_rssi_at_waypoint/share/nav2_read_rssi_at_waypoint/package.xml\n'}
[1.689838] (nav2_read_rssi_at_waypoint) CommandEnded: {'returncode': 0}
[1.705036] (-) TimerEvent: {}
[1.722732] (nav2_read_rssi_at_waypoint) JobEnded: {'identifier': 'nav2_read_rssi_at_waypoint', 'rc': 0}
[1.726717] (waypoint_publisher_package) Command: {'cmd': ['/usr/bin/python3', '-W', 'ignore:setup.py install is deprecated', '-W', 'ignore:easy_install command is deprecated', 'setup.py', 'egg_info', '--egg-base', '../../build/waypoint_publisher_package', 'build', '--build-base', '/home/sachin/rosbot-wifi-heatmap-sim/build/waypoint_publisher_package/build', 'install', '--record', '/home/sachin/rosbot-wifi-heatmap-sim/build/waypoint_publisher_package/install.log', '--single-version-externally-managed', 'install_data'], 'cwd': '/home/sachin/rosbot-wifi-heatmap-sim/src/waypoint_publisher_package', 'env': {'LESSOPEN': '| /usr/bin/lesspipe %s', 'GZ_SIM_RESOURCE_PATH': '/opt/ros/jazzy/share:/home/sachin/gazebo_models', 'USER': 'sachin', 'GZ_CONFIG_PATH': '/opt/ros/jazzy/opt/gz_sim_vendor/share/gz:/opt/ros/jazzy/opt/sdformat_vendor/share/gz:/opt/ros/jazzy/opt/gz_gui_vendor/share/gz:/opt/ros/jazzy/opt/gz_transport_vendor/share/gz:/opt/ros/jazzy/opt/gz_rendering_vendor/share/gz:/opt/ros/jazzy/opt/gz_plugin_vendor/share/gz:/opt/ros/jazzy/opt/gz_fuel_tools_vendor/share/gz:/opt/ros/jazzy/opt/gz_msgs_vendor/share/gz:/opt/ros/jazzy/opt/gz_common_vendor/share/gz', 'XDG_SESSION_TYPE': 'x11', 'CLUTTER_DISABLE_MIPMAPPED_TEXT': '1', 'SHLVL': '1', 'LD_LIBRARY_PATH': '/home/sachin/rosbot-wifi-heatmap-sim/install/nav2_read_rssi_at_waypoint/lib:/home/sachin/rosbot-wifi-heatmap-sim/install/rosbot_interfaces/lib:/opt/ros/jazzy/opt/gz_sim_vendor/lib:/opt/ros/jazzy/opt/gz_sensors_vendor/lib:/opt/ros/jazzy/opt/gz_physics_vendor/lib:/opt/ros/jazzy/opt/sdformat_vendor/lib:/opt/ros/jazzy/opt/rviz_ogre_vendor/lib:/opt/ros/jazzy/lib/x86_64-linux-gnu:/opt/ros/jazzy/opt/gz_gui_vendor/lib:/opt/ros/jazzy/opt/gz_transport_vendor/lib:/opt/ros/jazzy/opt/gz_rendering_vendor/lib:/opt/ros/jazzy/opt/gz_plugin_vendor/lib:/opt/ros/jazzy/opt/gz_fuel_tools_vendor/lib:/opt/ros/jazzy/opt/gz_msgs_vendor/lib:/opt/ros/jazzy/opt/gz_common_vendor/lib:/opt/ros/jazzy/opt/gz_math_vendor/lib:/opt/ros/jazzy/opt/gz_utils_vendor/lib:/opt/ros/jazzy/opt/gz_tools_vendor/lib:/opt/ros/jazzy/opt/gz_ogre_next_vendor/lib:/opt/ros/jazzy/opt/gz_dartsim_vendor/lib:/opt/ros/jazzy/opt/gz_cmake_vendor/lib:/opt/ros/jazzy/lib', 'HOME': '/home/sachin', 'OLDPWD': '/home/sachin', 'DESKTOP_SESSION': 'ubuntu', 'ROS_PYTHON_VERSION': '3', 'GNOME_SHELL_SESSION_MODE': 'ubuntu', 'GTK_MODULES': 'gail:atk-bridge', 'PS1': '(.ros2_venv) \\[\\e]0;\\u@\\h: \\w\\a\\]${debian_chroot:+($debian_chroot)}\\[\\033[01;32m\\]\\u@\\h\\[\\033[00m\\]:\\[\\033[01;34m\\]\\w\\[\\033[00m\\]\\$', 'SYSTEMD_EXEC_PID': '2572', 'GSM_SKIP_SSH_AGENT_WORKAROUND': 'true', 'DBUS_SESSION_BUS_ADDRESS': 'unix:path=/run/user/1000/bus', 'COLORTERM': 'truecolor', 'DEBUGINFOD_URLS': 'https://debuginfod.ubuntu.com', 'COLCON_PREFIX_PATH': '/home/sachin/rosbot-wifi-heatmap-sim/install:/home/sachin/turtlebot3_ws/install', 'ROS_DISTRO': 'jazzy', 'LOGNAME': 'sachin', '_': '/usr/bin/colcon', 'ROS_VERSION': '2', 'PIP_BREAK_SYSTEM_PACKAGES': '1', 'MEMORY_PRESSURE_WATCH': '/sys/fs/cgroup/user.slice/user-1000.slice/user@1000.service/session.slice/org.gnome.Shell@x11.service/memory.pressure', 'XDG_SESSION_CLASS': 'user', 'USERNAME': 'sachin', 'TERM': 'xterm-256color', 'GNOME_DESKTOP_SESSION_ID': 'this-is-deprecated', 'WINDOWPATH': '2', 'PATH': '/home/sachin/.ros2_venv/bin:/opt/ros/jazzy/opt/gz_msgs_vendor/bin:/opt/ros/jazzy/opt/gz_tools_vendor/bin:/opt/ros/jazzy/opt/gz_ogre_next_vendor/bin:/opt/ros/jazzy/bin:/usr/local/sbin:/usr/local/bin:/usr/sbin:/usr/bin:/sbin:/bin:/usr/games:/usr/local/games:/snap/bin:/snap/bin', 'SESSION_MANAGER': 'local/SK:@/tmp/.ICE-unix/2540,unix/SK:/tmp/.ICE-unix/2540', 'XDG_MENU_PREFIX': 'gnome-', 'GNOME_TERMINAL_SCREEN': '/org/gnome/Terminal/screen/fdb5864d_c3f7_49fd_a0c4_41147260431a', 'XDG_RUNTIME_DIR': '/run/user/1000', 'DISPLAY': ':1', 'LANG': 'en_US.UTF-8', 'XDG_CURRENT_DESKTOP': 'ubuntu:GNOME', 'VIRTUAL_ENV_PROMPT': '(.ros2_venv)', 'XMODIFIERS': '@im=ibus', 'XDG_SESSION_DESKTOP': 'ubuntu', 'XAUTHORITY': '/run/user/1000/gdm/Xauthority', 'LS_COLORS': 'rs=0:di=01;34:ln=01;36:mh=00:pi=40;33:so=01;35:do=01;35:bd=40;33;01:cd=40;33;01:or=40;31;01:mi=00:su=37;41:sg=30;43:ca=00:tw=30;42:ow=34;42:st=37;44:ex=01;32:*.tar=01;31:*.tgz=01;31:*.arc=01;31:*.arj=01;31:*.taz=01;31:*.lha=01;31:*.lz4=01;31:*.lzh=01;31:*.lzma=01;31:*.tlz=01;31:*.txz=01;31:*.tzo=01;31:*.t7z=01;31:*.zip=01;31:*.z=01;31:*.dz=01;31:*.gz=01;31:*.lrz=01;31:*.lz=01;31:*.lzo=01;31:*.xz=01;31:*.zst=01;31:*.tzst=01;31:*.bz2=01;31:*.bz=01;31:*.tbz=01;31:*.tbz2=01;31:*.tz=01;31:*.deb=01;31:*.rpm=01;31:*.jar=01;31:*.war=01;31:*.ear=01;31:*.sar=01;31:*.rar=01;31:*.alz=01;31:*.ace=01;31:*.zoo=01;31:*.cpio=01;31:*.7z=01;31:*.rz=01;31:*.cab=01;31:*.wim=01;31:*.swm=01;31:*.dwm=01;31:*.esd=01;31:*.avif=01;35:*.jpg=01;35:*.jpeg=01;35:*.mjpg=01;35:*.mjpeg=01;35:*.gif=01;35:*.bmp=01;35:*.pbm=01;35:*.pgm=01;35:*.ppm=01;35:*.tga=01;35:*.xbm=01;35:*.xpm=01;35:*.tif=01;35:*.tiff=01;35:*.png=01;35:*.svg=01;35:*.svgz=01;35:*.mng=01;35:*.pcx=01;35:*.mov=01;35:*.mpg=01;35:*.mpeg=01;35:*.m2v=01;35:*.mkv=01;35:*.webm=01;35:*.webp=01;35:*.ogm=01;35:*.mp4=01;35:*.m4v=01;35:*.mp4v=01;35:*.vob=01;35:*.qt=01;35:*.nuv=01;35:*.wmv=01;35:*.asf=01;35:*.rm=01;35:*.rmvb=01;35:*.flc=01;35:*.avi=01;35:*.fli=01;35:*.flv=01;35:*.gl=01;35:*.dl=01;35:*.xcf=01;35:*.xwd=01;35:*.yuv=01;35:*.cgm=01;35:*.emf=01;35:*.ogv=01;35:*.ogx=01;35:*.aac=00;36:*.au=00;36:*.flac=00;36:*.m4a=00;36:*.mid=00;36:*.midi=00;36:*.mka=00;36:*.mp3=00;36:*.mpc=00;36:*.ogg=00;36:*.ra=00;36:*.wav=00;36:*.oga=00;36:*.opus=00;36:*.spx=00;36:*.xspf=00;36:*~=00;90:*#=00;90:*.bak=00;90:*.crdownload=00;90:*.dpkg-dist=00;90:*.dpkg-new=00;90:*.dpkg-old=00;90:*.dpkg-tmp=00;90:*.old=00;90:*.orig=00;90:*.part=00;90:*.rej=00;90:*.rpmnew=00;90:*.rpmorig=00;90:*.rpmsave=00;90:*.swp=00;90:*.tmp=00;90:*.ucf-dist=00;90:*.ucf-new=00;90:*.ucf-old=00;90:', 'GNOME_TERMINAL_SERVICE': ':1.149', 'SSH_AUTH_SOCK': '/run/user/1000/keyring/ssh', 'ROS_DOMAIN_ID': '100', 'AMENT_PREFIX_PATH': '/home/sachin/rosbot-wifi-heatmap-sim/install/mappers_bringup:/home/sachin/rosbot-wifi-heatmap-sim/install/waypoint_publisher_package:/home/sachin/rosbot-wifi-heatmap-sim/install/rssi_heatmap_generator_package:/home/sachin/rosbot-wifi-heatmap-sim/install/nav2_read_rssi_at_waypoint:/home/sachin/rosbot-wifi-heatmap-sim/install/rosbot_interfaces:/home/sachin/turtlebot3_ws/install/turtlebot3_simulations:/home/sachin/turtlebot3_ws/install/turtlebot3_gazebo:/home/sachin/turtlebot3_ws/install/turtlebot3_fake_node:/opt/ros/jazzy', 'SHELL': '/bin/bash', 'QT_ACCESSIBILITY': '1', 'GDMSESSION': 'ubuntu', 'LESSCLOSE': '/usr/bin/lesspipe %s %s', 'GPG_AGENT_INFO': '/run/user/1000/gnupg/S.gpg-agent:0:1', 'VIRTUAL_ENV': '/home/sachin/.ros2_venv', 'ROS_AUTOMATIC_DISCOVERY_RANGE': 'SUBNET', 'QT_IM_MODULE': 'ibus', 'PWD': '/home/sachin/rosbot-wifi-heatmap-sim/build/waypoint_publisher_package', 'TURTLEBOT3_MODEL': 'waffle', 'LC_ALL': 'en_US.UTF-8', 'XDG_CONFIG_DIRS': '/etc/xdg/xdg-ubuntu:/etc/xdg', 'XDG_DATA_DIRS': '/usr/share/ubuntu:/usr/share/gnome:/usr/local/share/:/usr/share/:/var/lib/snapd/desktop', 'PYTHONPATH': '/home/sachin/rosbot-wifi-heatmap-sim/build/waypoint_publisher_package/prefix_override:/usr/lib/python3/dist-packages/colcon_core/task/python/colcon_distutils_commands:/home/sachin/rosbot-wifi-heatmap-sim/install/waypoint_publisher_package/lib/python3.12/site-packages:/home/sachin/rosbot-wifi-heatmap-sim/install/waypoint_publisher_package/lib/python3.12/site-packages:/home/sachin/rosbot-wifi-heatmap-sim/install/rssi_heatmap_generator_package/lib/python3.12/site-packages:/home/sachin/rosbot-wifi-heatmap-sim/install/rosbot_interfaces/lib/python3.12/site-packages:/opt/ros/jazzy/lib/python3.12/site-packages', 'COLCON': '1', 'MEMORY_PRESSURE_WRITE': 'c29tZSAyMDAwMDAgMjAwMDAwMAA=', 'VTE_VERSION': '7600', 'CMAKE_PREFIX_PATH': '/home/sachin/rosbot-wifi-heatmap-sim/install/mappers_bringup:/home/sachin/rosbot-wifi-heatmap-sim/install/nav2_read_rssi_at_waypoint:/home/sachin/rosbot-wifi-heatmap-sim/install/rosbot_interfaces:/home/sachin/turtlebot3_ws/install/turtlebot3_simulations:/home/sachin/turtlebot3_ws/install/turtlebot3_gazebo:/home/sachin/turtlebot3_ws/install/turtlebot3_fake_node:/opt/ros/jazzy/opt/gz_sim_vendor:/opt/ros/jazzy/opt/gz_sensors_vendor:/opt/ros/jazzy/opt/gz_physics_vendor:/opt/ros/jazzy/opt/sdformat_vendor:/opt/ros/jazzy/opt/gz_gui_vendor:/opt/ros/jazzy/opt/gz_transport_vendor:/opt/ros/jazzy/opt/gz_rendering_vendor:/opt/ros/jazzy/opt/gz_plugin_vendor:/opt/ros/jazzy/opt/gz_fuel_tools_vendor:/opt/ros/jazzy/opt/gz_msgs_vendor:/opt/ros/jazzy/opt/gz_common_vendor:/opt/ros/jazzy/opt/gz_math_vendor:/opt/ros/jazzy/opt/gz_utils_vendor:/opt/ros/jazzy/opt/gz_tools_vendor:/opt/ros/jazzy/opt/gz_ogre_next_vendor:/opt/ros/jazzy/opt/gz_dartsim_vendor:/opt/ros/jazzy/opt/gz_cmake_vendor'}, 'shell': False}
[1.805260] (-) TimerEvent: {}
[1.906008] (-) TimerEvent: {}
[2.006819] (-) TimerEvent: {}
[2.107676] (-) TimerEvent: {}
[2.171565] (waypoint_publisher_package) StdoutLine: {'line': b'running egg_info\n'}
[2.197311] (waypoint_publisher_package) StdoutLine: {'line': b'writing ../../build/waypoint_publisher_package/waypoint_publisher_package.egg-info/PKG-INFO\n'}
[2.198444] (waypoint_publisher_package) StdoutLine: {'line': b'writing dependency_links to ../../build/waypoint_publisher_package/waypoint_publisher_package.egg-info/dependency_links.txt\n'}
[2.198780] (waypoint_publisher_package) StdoutLine: {'line': b'writing entry points to ../../build/waypoint_publisher_package/waypoint_publisher_package.egg-info/entry_points.txt\n'}
[2.199014] (waypoint_publisher_package) StdoutLine: {'line': b'writing requirements to ../../build/waypoint_publisher_package/waypoint_publisher_package.egg-info/requires.txt\n'}
[2.199445] (waypoint_publisher_package) StdoutLine: {'line': b'writing top-level names to ../../build/waypoint_publisher_package/waypoint_publisher_package.egg-info/top_level.txt\n'}
[2.207806] (-) TimerEvent: {}
[2.261612] (waypoint_publisher_package) StdoutLine: {'line': b"reading manifest file '../../build/waypoint_publisher_package/waypoint_publisher_package.egg-info/SOURCES.txt'\n"}
[2.263659] (waypoint_publisher_package) StdoutLine: {'line': b"writing manifest file '../../build/waypoint_publisher_package/waypoint_publisher_package.egg-info/SOURCES.txt'\n"}
[2.264280] (waypoint_publisher_package) StdoutLine: {'line': b'running build\n'}
[2.264436] (waypoint_publisher_package) StdoutLine: {'line': b'running build_py\n'}
[2.264669] (waypoint_publisher_package) StdoutLine: {'line': b'running install\n'}
[2.271525] (waypoint_publisher_package) StdoutLine: {'line': b'running install_lib\n'}
[2.300763] (waypoint_publisher_package) StdoutLine: {'line': b'running install_data\n'}
[2.301132] (waypoint_publisher_package) StdoutLine: {'line': b'running install_egg_info\n'}
[2.307991] (-) TimerEvent: {}
[2.333175] (waypoint_publisher_package) StdoutLine: {'line': b"removing '/home/sachin/rosbot-wifi-heatmap-sim/install/waypoint_publisher_package/lib/python3.12/site-packages/waypoint_publisher_package-1.0.0-py3.12.egg-info' (and everything under it)\n"}
[2.333722] (waypoint_publisher_package) StdoutLine: {'line': b'Copying ../../build/waypoint_publisher_package/waypoint_publisher_package.egg-info to /home/sachin/rosbot-wifi-heatmap-sim/install/waypoint_publisher_package/lib/python3.12/site-packages/waypoint_publisher_package-1.0.0-py3.12.egg-info\n'}
[2.336230] (waypoint_publisher_package) StdoutLine: {'line': b'running install_scripts\n'}
[2.408176] (-) TimerEvent: {}
[2.508639] (-) TimerEvent: {}
[2.544381] (waypoint_publisher_package) StdoutLine: {'line': b'Installing node script to /home/sachin/rosbot-wifi-heatmap-sim/install/waypoint_publisher_package/lib/waypoint_publisher_package\n'}
[2.545699] (waypoint_publisher_package) StdoutLine: {'line': b"writing list of installed files to '/home/sachin/rosbot-wifi-heatmap-sim/build/waypoint_publisher_package/install.log'\n"}
[2.608818] (-) TimerEvent: {}
[2.709400] (-) TimerEvent: {}
[2.735857] (waypoint_publisher_package) CommandEnded: {'returncode': 0}
[2.747177] (waypoint_publisher_package) JobEnded: {'identifier': 'waypoint_publisher_package', 'rc': 0}
[2.792292] (rssi_heatmap_generator_package) Command: {'cmd': ['/usr/bin/python3', '-W', 'ignore:setup.py install is deprecated', '-W', 'ignore:easy_install command is deprecated', 'setup.py', 'egg_info', '--egg-base', '../../build/rssi_heatmap_generator_package', 'build', '--build-base', '/home/sachin/rosbot-wifi-heatmap-sim/build/rssi_heatmap_generator_package/build', 'install', '--record', '/home/sachin/rosbot-wifi-heatmap-sim/build/rssi_heatmap_generator_package/install.log', '--single-version-externally-managed', 'install_data'], 'cwd': '/home/sachin/rosbot-wifi-heatmap-sim/src/rssi_heatmap_generator_package', 'env': {'LESSOPEN': '| /usr/bin/lesspipe %s', 'GZ_SIM_RESOURCE_PATH': '/opt/ros/jazzy/share:/home/sachin/gazebo_models', 'USER': 'sachin', 'GZ_CONFIG_PATH': '/opt/ros/jazzy/opt/gz_sim_vendor/share/gz:/opt/ros/jazzy/opt/sdformat_vendor/share/gz:/opt/ros/jazzy/opt/gz_gui_vendor/share/gz:/opt/ros/jazzy/opt/gz_transport_vendor/share/gz:/opt/ros/jazzy/opt/gz_rendering_vendor/share/gz:/opt/ros/jazzy/opt/gz_plugin_vendor/share/gz:/opt/ros/jazzy/opt/gz_fuel_tools_vendor/share/gz:/opt/ros/jazzy/opt/gz_msgs_vendor/share/gz:/opt/ros/jazzy/opt/gz_common_vendor/share/gz', 'XDG_SESSION_TYPE': 'x11', 'CLUTTER_DISABLE_MIPMAPPED_TEXT': '1', 'SHLVL': '1', 'LD_LIBRARY_PATH': '/home/sachin/rosbot-wifi-heatmap-sim/install/rosbot_interfaces/lib:/home/sachin/rosbot-wifi-heatmap-sim/install/nav2_read_rssi_at_waypoint/lib:/opt/ros/jazzy/opt/gz_sim_vendor/lib:/opt/ros/jazzy/opt/gz_sensors_vendor/lib:/opt/ros/jazzy/opt/gz_physics_vendor/lib:/opt/ros/jazzy/opt/sdformat_vendor/lib:/opt/ros/jazzy/opt/rviz_ogre_vendor/lib:/opt/ros/jazzy/lib/x86_64-linux-gnu:/opt/ros/jazzy/opt/gz_gui_vendor/lib:/opt/ros/jazzy/opt/gz_transport_vendor/lib:/opt/ros/jazzy/opt/gz_rendering_vendor/lib:/opt/ros/jazzy/opt/gz_plugin_vendor/lib:/opt/ros/jazzy/opt/gz_fuel_tools_vendor/lib:/opt/ros/jazzy/opt/gz_msgs_vendor/lib:/opt/ros/jazzy/opt/gz_common_vendor/lib:/opt/ros/jazzy/opt/gz_math_vendor/lib:/opt/ros/jazzy/opt/gz_utils_vendor/lib:/opt/ros/jazzy/opt/gz_tools_vendor/lib:/opt/ros/jazzy/opt/gz_ogre_next_vendor/lib:/opt/ros/jazzy/opt/gz_dartsim_vendor/lib:/opt/ros/jazzy/opt/gz_cmake_vendor/lib:/opt/ros/jazzy/lib', 'HOME': '/home/sachin', 'OLDPWD': '/home/sachin', 'DESKTOP_SESSION': 'ubuntu', 'ROS_PYTHON_VERSION': '3', 'GNOME_SHELL_SESSION_MODE': 'ubuntu', 'GTK_MODULES': 'gail:atk-bridge', 'PS1': '(.ros2_venv) \\[\\e]0;\\u@\\h: \\w\\a\\]${debian_chroot:+($debian_chroot)}\\[\\033[01;32m\\]\\u@\\h\\[\\033[00m\\]:\\[\\033[01;34m\\]\\w\\[\\033[00m\\]\\$', 'SYSTEMD_EXEC_PID': '2572', 'GSM_SKIP_SSH_AGENT_WORKAROUND': 'true', 'DBUS_SESSION_BUS_ADDRESS': 'unix:path=/run/user/1000/bus', 'COLORTERM': 'truecolor', 'DEBUGINFOD_URLS': 'https://debuginfod.ubuntu.com', 'COLCON_PREFIX_PATH': '/home/sachin/rosbot-wifi-heatmap-sim/install:/home/sachin/turtlebot3_ws/install', 'ROS_DISTRO': 'jazzy', 'LOGNAME': 'sachin', '_': '/usr/bin/colcon', 'ROS_VERSION': '2', 'PIP_BREAK_SYSTEM_PACKAGES': '1', 'MEMORY_PRESSURE_WATCH': '/sys/fs/cgroup/user.slice/user-1000.slice/user@1000.service/session.slice/org.gnome.Shell@x11.service/memory.pressure', 'XDG_SESSION_CLASS': 'user', 'USERNAME': 'sachin', 'TERM': 'xterm-256color', 'GNOME_DESKTOP_SESSION_ID': 'this-is-deprecated', 'WINDOWPATH': '2', 'PATH': '/home/sachin/.ros2_venv/bin:/opt/ros/jazzy/opt/gz_msgs_vendor/bin:/opt/ros/jazzy/opt/gz_tools_vendor/bin:/opt/ros/jazzy/opt/gz_ogre_next_vendor/bin:/opt/ros/jazzy/bin:/usr/local/sbin:/usr/local/bin:/usr/sbin:/usr/bin:/sbin:/bin:/usr/games:/usr/local/games:/snap/bin:/snap/bin', 'SESSION_MANAGER': 'local/SK:@/tmp/.ICE-unix/2540,unix/SK:/tmp/.ICE-unix/2540', 'XDG_MENU_PREFIX': 'gnome-', 'GNOME_TERMINAL_SCREEN': '/org/gnome/Terminal/screen/fdb5864d_c3f7_49fd_a0c4_41147260431a', 'XDG_RUNTIME_DIR': '/run/user/1000', 'DISPLAY': ':1', 'LANG': 'en_US.UTF-8', 'XDG_CURRENT_DESKTOP': 'ubuntu:GNOME', 'VIRTUAL_ENV_PROMPT': '(.ros2_venv)', 'XMODIFIERS': '@im=ibus', 'XDG_SESSION_DESKTOP': 'ubuntu', 'XAUTHORITY': '/run/user/1000/gdm/Xauthority', 'LS_COLORS': 'rs=0:di=01;34:ln=01;36:mh=00:pi=40;33:so=01;35:do=01;35:bd=40;33;01:cd=40;33;01:or=40;31;01:mi=00:su=37;41:sg=30;43:ca=00:tw=30;42:ow=34;42:st=37;44:ex=01;32:*.tar=01;31:*.tgz=01;31:*.arc=01;31:*.arj=01;31:*.taz=01;31:*.lha=01;31:*.lz4=01;31:*.lzh=01;31:*.lzma=01;31:*.tlz=01;31:*.txz=01;31:*.tzo=01;31:*.t7z=01;31:*.zip=01;31:*.z=01;31:*.dz=01;31:*.gz=01;31:*.lrz=01;31:*.lz=01;31:*.lzo=01;31:*.xz=01;31:*.zst=01;31:*.tzst=01;31:*.bz2=01;31:*.bz=01;31:*.tbz=01;31:*.tbz2=01;31:*.tz=01;31:*.deb=01;31:*.rpm=01;31:*.jar=01;31:*.war=01;31:*.ear=01;31:*.sar=01;31:*.rar=01;31:*.alz=01;31:*.ace=01;31:*.zoo=01;31:*.cpio=01;31:*.7z=01;31:*.rz=01;31:*.cab=01;31:*.wim=01;31:*.swm=01;31:*.dwm=01;31:*.esd=01;31:*.avif=01;35:*.jpg=01;35:*.jpeg=01;35:*.mjpg=01;35:*.mjpeg=01;35:*.gif=01;35:*.bmp=01;35:*.pbm=01;35:*.pgm=01;35:*.ppm=01;35:*.tga=01;35:*.xbm=01;35:*.xpm=01;35:*.tif=01;35:*.tiff=01;35:*.png=01;35:*.svg=01;35:*.svgz=01;35:*.mng=01;35:*.pcx=01;35:*.mov=01;35:*.mpg=01;35:*.mpeg=01;35:*.m2v=01;35:*.mkv=01;35:*.webm=01;35:*.webp=01;35:*.ogm=01;35:*.mp4=01;35:*.m4v=01;35:*.mp4v=01;35:*.vob=01;35:*.qt=01;35:*.nuv=01;35:*.wmv=01;35:*.asf=01;35:*.rm=01;35:*.rmvb=01;35:*.flc=01;35:*.avi=01;35:*.fli=01;35:*.flv=01;35:*.gl=01;35:*.dl=01;35:*.xcf=01;35:*.xwd=01;35:*.yuv=01;35:*.cgm=01;35:*.emf=01;35:*.ogv=01;35:*.ogx=01;35:*.aac=00;36:*.au=00;36:*.flac=00;36:*.m4a=00;36:*.mid=00;36:*.midi=00;36:*.mka=00;36:*.mp3=00;36:*.mpc=00;36:*.ogg=00;36:*.ra=00;36:*.wav=00;36:*.oga=00;36:*.opus=00;36:*.spx=00;36:*.xspf=00;36:*~=00;90:*#=00;90:*.bak=00;90:*.crdownload=00;90:*.dpkg-dist=00;90:*.dpkg-new=00;90:*.dpkg-old=00;90:*.dpkg-tmp=00;90:*.old=00;90:*.orig=00;90:*.part=00;90:*.rej=00;90:*.rpmnew=00;90:*.rpmorig=00;90:*.rpmsave=00;90:*.swp=00;90:*.tmp=00;90:*.ucf-dist=00;90:*.ucf-new=00;90:*.ucf-old=00;90:', 'GNOME_TERMINAL_SERVICE': ':1.149', 'SSH_AUTH_SOCK': '/run/user/1000/keyring/ssh', 'ROS_DOMAIN_ID': '100', 'AMENT_PREFIX_PATH': '/home/sachin/rosbot-wifi-heatmap-sim/install/mappers_bringup:/home/sachin/rosbot-wifi-heatmap-sim/install/waypoint_publisher_package:/home/sachin/rosbot-wifi-heatmap-sim/install/rssi_heatmap_generator_package:/home/sachin/rosbot-wifi-heatmap-sim/install/nav2_read_rssi_at_waypoint:/home/sachin/rosbot-wifi-heatmap-sim/install/rosbot_interfaces:/home/sachin/turtlebot3_ws/install/turtlebot3_simulations:/home/sachin/turtlebot3_ws/install/turtlebot3_gazebo:/home/sachin/turtlebot3_ws/install/turtlebot3_fake_node:/opt/ros/jazzy', 'SHELL': '/bin/bash', 'QT_ACCESSIBILITY': '1', 'GDMSESSION': 'ubuntu', 'LESSCLOSE': '/usr/bin/lesspipe %s %s', 'GPG_AGENT_INFO': '/run/user/1000/gnupg/S.gpg-agent:0:1', 'VIRTUAL_ENV': '/home/sachin/.ros2_venv', 'ROS_AUTOMATIC_DISCOVERY_RANGE': 'SUBNET', 'QT_IM_MODULE': 'ibus', 'PWD': '/home/sachin/rosbot-wifi-heatmap-sim/build/rssi_heatmap_generator_package', 'TURTLEBOT3_MODEL': 'waffle', 'LC_ALL': 'en_US.UTF-8', 'XDG_CONFIG_DIRS': '/etc/xdg/xdg-ubuntu:/etc/xdg', 'XDG_DATA_DIRS': '/usr/share/ubuntu:/usr/share/gnome:/usr/local/share/:/usr/share/:/var/lib/snapd/desktop', 'PYTHONPATH': '/home/sachin/rosbot-wifi-heatmap-sim/build/rssi_heatmap_generator_package/prefix_override:/usr/lib/python3/dist-packages/colcon_core/task/python/colcon_distutils_commands:/home/sachin/rosbot-wifi-heatmap-sim/install/rssi_heatmap_generator_package/lib/python3.12/site-packages:/home/sachin/rosbot-wifi-heatmap-sim/install/rosbot_interfaces/lib/python3.12/site-packages:/home/sachin/rosbot-wifi-heatmap-sim/install/waypoint_publisher_package/lib/python3.12/site-packages:/home/sachin/rosbot-wifi-heatmap-sim/install/rssi_heatmap_generator_package/lib/python3.12/site-packages:/opt/ros/jazzy/lib/python3.12/site-packages', 'COLCON': '1', 'MEMORY_PRESSURE_WRITE': 'c29tZSAyMDAwMDAgMjAwMDAwMAA=', 'VTE_VERSION': '7600', 'CMAKE_PREFIX_PATH': '/home/sachin/rosbot-wifi-heatmap-sim/install/rosbot_interfaces:/home/sachin/rosbot-wifi-heatmap-sim/install/mappers_bringup:/home/sachin/rosbot-wifi-heatmap-sim/install/nav2_read_rssi_at_waypoint:/home/sachin/turtlebot3_ws/install/turtlebot3_simulations:/home/sachin/turtlebot3_ws/install/turtlebot3_gazebo:/home/sachin/turtlebot3_ws/install/turtlebot3_fake_node:/opt/ros/jazzy/opt/gz_sim_vendor:/opt/ros/jazzy/opt/gz_sensors_vendor:/opt/ros/jazzy/opt/gz_physics_vendor:/opt/ros/jazzy/opt/sdformat_vendor:/opt/ros/jazzy/opt/gz_gui_vendor:/opt/ros/jazzy/opt/gz_transport_vendor:/opt/ros/jazzy/opt/gz_rendering_vendor:/opt/ros/jazzy/opt/gz_plugin_vendor:/opt/ros/jazzy/opt/gz_fuel_tools_vendor:/opt/ros/jazzy/opt/gz_msgs_vendor:/opt/ros/jazzy/opt/gz_common_vendor:/opt/ros/jazzy/opt/gz_math_vendor:/opt/ros/jazzy/opt/gz_utils_vendor:/opt/ros/jazzy/opt/gz_tools_vendor:/opt/ros/jazzy/opt/gz_ogre_next_vendor:/opt/ros/jazzy/opt/gz_dartsim_vendor:/opt/ros/jazzy/opt/gz_cmake_vendor'}, 'shell': False}
[2.809632] (-) TimerEvent: {}
[2.910472] (-) TimerEvent: {}
[3.010915] (-) TimerEvent: {}
[3.111669] (-) TimerEvent: {}
[3.156497] (rssi_heatmap_generator_package) StdoutLine: {'line': b'running egg_info\n'}
[3.175131] (rssi_heatmap_generator_package) StdoutLine: {'line': b'writing ../../build/rssi_heatmap_generator_package/rssi_heatmap_generator_package.egg-info/PKG-INFO\n'}
[3.176565] (rssi_heatmap_generator_package) StdoutLine: {'line': b'writing dependency_links to ../../build/rssi_heatmap_generator_package/rssi_heatmap_generator_package.egg-info/dependency_links.txt\n'}
[3.176863] (rssi_heatmap_generator_package) StdoutLine: {'line': b'writing entry points to ../../build/rssi_heatmap_generator_package/rssi_heatmap_generator_package.egg-info/entry_points.txt\n'}
[3.176915] (rssi_heatmap_generator_package) StdoutLine: {'line': b'writing requirements to ../../build/rssi_heatmap_generator_package/rssi_heatmap_generator_package.egg-info/requires.txt\n'}
[3.177008] (rssi_heatmap_generator_package) StdoutLine: {'line': b'writing top-level names to ../../build/rssi_heatmap_generator_package/rssi_heatmap_generator_package.egg-info/top_level.txt\n'}
[3.211966] (-) TimerEvent: {}
[3.220824] (rssi_heatmap_generator_package) StdoutLine: {'line': b"reading manifest file '../../build/rssi_heatmap_generator_package/rssi_heatmap_generator_package.egg-info/SOURCES.txt'\n"}
[3.222502] (rssi_heatmap_generator_package) StdoutLine: {'line': b"writing manifest file '../../build/rssi_heatmap_generator_package/rssi_heatmap_generator_package.egg-info/SOURCES.txt'\n"}
[3.223102] (rssi_heatmap_generator_package) StdoutLine: {'line': b'running build\n'}
[3.223245] (rssi_heatmap_generator_package) StdoutLine: {'line': b'running build_py\n'}
[3.223802] (rssi_heatmap_generator_package) StdoutLine: {'line': b'running install\n'}
[3.231770] (rssi_heatmap_generator_package) StdoutLine: {'line': b'running install_lib\n'}
[3.252406] (rssi_heatmap_generator_package) StdoutLine: {'line': b'running install_data\n'}
[3.252850] (rssi_heatmap_generator_package) StdoutLine: {'line': b'running install_egg_info\n'}
[3.274235] (rssi_heatmap_generator_package) StdoutLine: {'line': b"removing '/home/sachin/rosbot-wifi-heatmap-sim/install/rssi_heatmap_generator_package/lib/python3.12/site-packages/rssi_heatmap_generator_package-1.0.0-py3.12.egg-info' (and everything under it)\n"}
[3.274641] (rssi_heatmap_generator_package) StdoutLine: {'line': b'Copying ../../build/rssi_heatmap_generator_package/rssi_heatmap_generator_package.egg-info to /home/sachin/rosbot-wifi-heatmap-sim/install/rssi_heatmap_generator_package/lib/python3.12/site-packages/rssi_heatmap_generator_package-1.0.0-py3.12.egg-info\n'}
[3.275747] (rssi_heatmap_generator_package) StdoutLine: {'line': b'running install_scripts\n'}
[3.312189] (-) TimerEvent: {}
[3.413007] (-) TimerEvent: {}
[3.452962] (rssi_heatmap_generator_package) StdoutLine: {'line': b'Installing node script to /home/sachin/rosbot-wifi-heatmap-sim/install/rssi_heatmap_generator_package/lib/rssi_heatmap_generator_package\n'}
[3.457668] (rssi_heatmap_generator_package) StdoutLine: {'line': b"writing list of installed files to '/home/sachin/rosbot-wifi-heatmap-sim/build/rssi_heatmap_generator_package/install.log'\n"}
[3.513219] (-) TimerEvent: {}
[3.613914] (-) TimerEvent: {}
[3.620744] (rssi_heatmap_generator_package) CommandEnded: {'returncode': 0}
[3.634481] (rssi_heatmap_generator_package) JobEnded: {'identifier': 'rssi_heatmap_generator_package', 'rc': 0}
[3.635695] (mappers_bringup) JobStarted: {'identifier': 'mappers_bringup'}
[3.660404] (mappers_bringup) JobProgress: {'identifier': 'mappers_bringup', 'progress': 'cmake'}
[3.662028] (mappers_bringup) JobProgress: {'identifier': 'mappers_bringup', 'progress': 'build'}
[3.662768] (mappers_bringup) Command: {'cmd': ['/usr/bin/cmake', '--build', '/home/sachin/rosbot-wifi-heatmap-sim/build/mappers_bringup', '--', '-j12', '-l12'], 'cwd': '/home/sachin/rosbot-wifi-heatmap-sim/build/mappers_bringup', 'env': OrderedDict({'LESSOPEN': '| /usr/bin/lesspipe %s', 'GZ_SIM_RESOURCE_PATH': '/opt/ros/jazzy/share:/home/sachin/gazebo_models', 'USER': 'sachin', 'GZ_CONFIG_PATH': '/opt/ros/jazzy/opt/gz_sim_vendor/share/gz:/opt/ros/jazzy/opt/sdformat_vendor/share/gz:/opt/ros/jazzy/opt/gz_gui_vendor/share/gz:/opt/ros/jazzy/opt/gz_transport_vendor/share/gz:/opt/ros/jazzy/opt/gz_rendering_vendor/share/gz:/opt/ros/jazzy/opt/gz_plugin_vendor/share/gz:/opt/ros/jazzy/opt/gz_fuel_tools_vendor/share/gz:/opt/ros/jazzy/opt/gz_msgs_vendor/share/gz:/opt/ros/jazzy/opt/gz_common_vendor/share/gz', 'XDG_SESSION_TYPE': 'x11', 'CLUTTER_DISABLE_MIPMAPPED_TEXT': '1', 'SHLVL': '1', 'LD_LIBRARY_PATH': '/home/sachin/rosbot-wifi-heatmap-sim/install/nav2_read_rssi_at_waypoint/lib:/home/sachin/rosbot-wifi-heatmap-sim/install/rosbot_interfaces/lib:/opt/ros/jazzy/opt/gz_sim_vendor/lib:/opt/ros/jazzy/opt/gz_sensors_vendor/lib:/opt/ros/jazzy/opt/gz_physics_vendor/lib:/opt/ros/jazzy/opt/sdformat_vendor/lib:/opt/ros/jazzy/opt/rviz_ogre_vendor/lib:/opt/ros/jazzy/lib/x86_64-linux-gnu:/opt/ros/jazzy/opt/gz_gui_vendor/lib:/opt/ros/jazzy/opt/gz_transport_vendor/lib:/opt/ros/jazzy/opt/gz_rendering_vendor/lib:/opt/ros/jazzy/opt/gz_plugin_vendor/lib:/opt/ros/jazzy/opt/gz_fuel_tools_vendor/lib:/opt/ros/jazzy/opt/gz_msgs_vendor/lib:/opt/ros/jazzy/opt/gz_common_vendor/lib:/opt/ros/jazzy/opt/gz_math_vendor/lib:/opt/ros/jazzy/opt/gz_utils_vendor/lib:/opt/ros/jazzy/opt/gz_tools_vendor/lib:/opt/ros/jazzy/opt/gz_ogre_next_vendor/lib:/opt/ros/jazzy/opt/gz_dartsim_vendor/lib:/opt/ros/jazzy/opt/gz_cmake_vendor/lib:/opt/ros/jazzy/lib', 'HOME': '/home/sachin', 'OLDPWD': '/home/sachin', 'DESKTOP_SESSION': 'ubuntu', 'ROS_PYTHON_VERSION': '3', 'GNOME_SHELL_SESSION_MODE': 'ubuntu', 'GTK_MODULES': 'gail:atk-bridge', 'PS1': '(.ros2_venv) \\[\\e]0;\\u@\\h: \\w\\a\\]${debian_chroot:+($debian_chroot)}\\[\\033[01;32m\\]\\u@\\h\\[\\033[00m\\]:\\[\\033[01;34m\\]\\w\\[\\033[00m\\]\\$', 'SYSTEMD_EXEC_PID': '2572', 'GSM_SKIP_SSH_AGENT_WORKAROUND': 'true', 'DBUS_SESSION_BUS_ADDRESS': 'unix:path=/run/user/1000/bus', 'COLORTERM': 'truecolor', 'DEBUGINFOD_URLS': 'https://debuginfod.ubuntu.com', 'COLCON_PREFIX_PATH': '/home/sachin/rosbot-wifi-heatmap-sim/install:/home/sachin/turtlebot3_ws/install', 'ROS_DISTRO': 'jazzy', 'LOGNAME': 'sachin', '_': '/usr/bin/colcon', 'ROS_VERSION': '2', 'PIP_BREAK_SYSTEM_PACKAGES': '1', 'MEMORY_PRESSURE_WATCH': '/sys/fs/cgroup/user.slice/user-1000.slice/user@1000.service/session.slice/org.gnome.Shell@x11.service/memory.pressure', 'XDG_SESSION_CLASS': 'user', 'USERNAME': 'sachin', 'TERM': 'xterm-256color', 'GNOME_DESKTOP_SESSION_ID': 'this-is-deprecated', 'WINDOWPATH': '2', 'PATH': '/home/sachin/.ros2_venv/bin:/opt/ros/jazzy/opt/gz_msgs_vendor/bin:/opt/ros/jazzy/opt/gz_tools_vendor/bin:/opt/ros/jazzy/opt/gz_ogre_next_vendor/bin:/opt/ros/jazzy/bin:/usr/local/sbin:/usr/local/bin:/usr/sbin:/usr/bin:/sbin:/bin:/usr/games:/usr/local/games:/snap/bin:/snap/bin', 'SESSION_MANAGER': 'local/SK:@/tmp/.ICE-unix/2540,unix/SK:/tmp/.ICE-unix/2540', 'XDG_MENU_PREFIX': 'gnome-', 'GNOME_TERMINAL_SCREEN': '/org/gnome/Terminal/screen/fdb5864d_c3f7_49fd_a0c4_41147260431a', 'XDG_RUNTIME_DIR': '/run/user/1000', 'DISPLAY': ':1', 'LANG': 'en_US.UTF-8', 'XDG_CURRENT_DESKTOP': 'ubuntu:GNOME', 'VIRTUAL_ENV_PROMPT': '(.ros2_venv)', 'XMODIFIERS': '@im=ibus', 'XDG_SESSION_DESKTOP': 'ubuntu', 'XAUTHORITY': '/run/user/1000/gdm/Xauthority', 'LS_COLORS': 'rs=0:di=01;34:ln=01;36:mh=00:pi=40;33:so=01;35:do=01;35:bd=40;33;01:cd=40;33;01:or=40;31;01:mi=00:su=37;41:sg=30;43:ca=00:tw=30;42:ow=34;42:st=37;44:ex=01;32:*.tar=01;31:*.tgz=01;31:*.arc=01;31:*.arj=01;31:*.taz=01;31:*.lha=01;31:*.lz4=01;31:*.lzh=01;31:*.lzma=01;31:*.tlz=01;31:*.txz=01;31:*.tzo=01;31:*.t7z=01;31:*.zip=01;31:*.z=01;31:*.dz=01;31:*.gz=01;31:*.lrz=01;31:*.lz=01;31:*.lzo=01;31:*.xz=01;31:*.zst=01;31:*.tzst=01;31:*.bz2=01;31:*.bz=01;31:*.tbz=01;31:*.tbz2=01;31:*.tz=01;31:*.deb=01;31:*.rpm=01;31:*.jar=01;31:*.war=01;31:*.ear=01;31:*.sar=01;31:*.rar=01;31:*.alz=01;31:*.ace=01;31:*.zoo=01;31:*.cpio=01;31:*.7z=01;31:*.rz=01;31:*.cab=01;31:*.wim=01;31:*.swm=01;31:*.dwm=01;31:*.esd=01;31:*.avif=01;35:*.jpg=01;35:*.jpeg=01;35:*.mjpg=01;35:*.mjpeg=01;35:*.gif=01;35:*.bmp=01;35:*.pbm=01;35:*.pgm=01;35:*.ppm=01;35:*.tga=01;35:*.xbm=01;35:*.xpm=01;35:*.tif=01;35:*.tiff=01;35:*.png=01;35:*.svg=01;35:*.svgz=01;35:*.mng=01;35:*.pcx=01;35:*.mov=01;35:*.mpg=01;35:*.mpeg=01;35:*.m2v=01;35:*.mkv=01;35:*.webm=01;35:*.webp=01;35:*.ogm=01;35:*.mp4=01;35:*.m4v=01;35:*.mp4v=01;35:*.vob=01;35:*.qt=01;35:*.nuv=01;35:*.wmv=01;35:*.asf=01;35:*.rm=01;35:*.rmvb=01;35:*.flc=01;35:*.avi=01;35:*.fli=01;35:*.flv=01;35:*.gl=01;35:*.dl=01;35:*.xcf=01;35:*.xwd=01;35:*.yuv=01;35:*.cgm=01;35:*.emf=01;35:*.ogv=01;35:*.ogx=01;35:*.aac=00;36:*.au=00;36:*.flac=00;36:*.m4a=00;36:*.mid=00;36:*.midi=00;36:*.mka=00;36:*.mp3=00;36:*.mpc=00;36:*.ogg=00;36:*.ra=00;36:*.wav=00;36:*.oga=00;36:*.opus=00;36:*.spx=00;36:*.xspf=00;36:*~=00;90:*#=00;90:*.bak=00;90:*.crdownload=00;90:*.dpkg-dist=00;90:*.dpkg-new=00;90:*.dpkg-old=00;90:*.dpkg-tmp=00;90:*.old=00;90:*.orig=00;90:*.part=00;90:*.rej=00;90:*.rpmnew=00;90:*.rpmorig=00;90:*.rpmsave=00;90:*.swp=00;90:*.tmp=00;90:*.ucf-dist=00;90:*.ucf-new=00;90:*.ucf-old=00;90:', 'GNOME_TERMINAL_SERVICE': ':1.149', 'SSH_AUTH_SOCK': '/run/user/1000/keyring/ssh', 'ROS_DOMAIN_ID': '100', 'AMENT_PREFIX_PATH': '/home/sachin/rosbot-wifi-heatmap-sim/install/rssi_heatmap_generator_package:/home/sachin/rosbot-wifi-heatmap-sim/install/waypoint_publisher_package:/home/sachin/rosbot-wifi-heatmap-sim/install/mappers_bringup:/home/sachin/rosbot-wifi-heatmap-sim/install/nav2_read_rssi_at_waypoint:/home/sachin/rosbot-wifi-heatmap-sim/install/rosbot_interfaces:/home/sachin/turtlebot3_ws/install/turtlebot3_simulations:/home/sachin/turtlebot3_ws/install/turtlebot3_gazebo:/home/sachin/turtlebot3_ws/install/turtlebot3_fake_node:/opt/ros/jazzy', 'SHELL': '/bin/bash', 'QT_ACCESSIBILITY': '1', 'GDMSESSION': 'ubuntu', 'LESSCLOSE': '/usr/bin/lesspipe %s %s', 'GPG_AGENT_INFO': '/run/user/1000/gnupg/S.gpg-agent:0:1', 'VIRTUAL_ENV': '/home/sachin/.ros2_venv', 'ROS_AUTOMATIC_DISCOVERY_RANGE': 'SUBNET', 'QT_IM_MODULE': 'ibus', 'PWD': '/home/sachin/rosbot-wifi-heatmap-sim/build/mappers_bringup', 'TURTLEBOT3_MODEL': 'waffle', 'LC_ALL': 'en_US.UTF-8', 'XDG_CONFIG_DIRS': '/etc/xdg/xdg-ubuntu:/etc/xdg', 'XDG_DATA_DIRS': '/usr/share/ubuntu:/usr/share/gnome:/usr/local/share/:/usr/share/:/var/lib/snapd/desktop', 'PYTHONPATH': '/home/sachin/rosbot-wifi-heatmap-sim/install/rssi_heatmap_generator_package/lib/python3.12/site-packages:/home/sachin/rosbot-wifi-heatmap-sim/install/waypoint_publisher_package/lib/python3.12/site-packages:/home/sachin/rosbot-wifi-heatmap-sim/install/rosbot_interfaces/lib/python3.12/site-packages:/opt/ros/jazzy/lib/python3.12/site-packages', 'COLCON': '1', 'MEMORY_PRESSURE_WRITE': 'c29tZSAyMDAwMDAgMjAwMDAwMAA=', 'VTE_VERSION': '7600', 'CMAKE_PREFIX_PATH': '/home/sachin/rosbot-wifi-heatmap-sim/install/nav2_read_rssi_at_waypoint:/home/sachin/rosbot-wifi-heatmap-sim/install/rosbot_interfaces:/home/sachin/rosbot-wifi-heatmap-sim/install/mappers_bringup:/home/sachin/turtlebot3_ws/install/turtlebot3_simulations:/home/sachin/turtlebot3_ws/install/turtlebot3_gazebo:/home/sachin/turtlebot3_ws/install/turtlebot3_fake_node:/opt/ros/jazzy/opt/gz_sim_vendor:/opt/ros/jazzy/opt/gz_sensors_vendor:/opt/ros/jazzy/opt/gz_physics_vendor:/opt/ros/jazzy/opt/sdformat_vendor:/opt/ros/jazzy/opt/gz_gui_vendor:/opt/ros/jazzy/opt/gz_transport_vendor:/opt/ros/jazzy/opt/gz_rendering_vendor:/opt/ros/jazzy/opt/gz_plugin_vendor:/opt/ros/jazzy/opt/gz_fuel_tools_vendor:/opt/ros/jazzy/opt/gz_msgs_vendor:/opt/ros/jazzy/opt/gz_common_vendor:/opt/ros/jazzy/opt/gz_math_vendor:/opt/ros/jazzy/opt/gz_utils_vendor:/opt/ros/jazzy/opt/gz_tools_vendor:/opt/ros/jazzy/opt/gz_ogre_next_vendor:/opt/ros/jazzy/opt/gz_dartsim_vendor:/opt/ros/jazzy/opt/gz_cmake_vendor:/home/sachin/rosbot-wifi-heatmap-sim/install/waypoint_publisher_package:/home/sachin/rosbot-wifi-heatmap-sim/install/rssi_heatmap_generator_package:/opt/ros/jazzy'}), 'shell': False}
[3.714185] (-) TimerEvent: {}
[3.749916] (mappers_bringup) CommandEnded: {'returncode': 0}
[3.750699] (mappers_bringup) JobProgress: {'identifier': 'mappers_bringup', 'progress': 'install'}
[3.750874] (mappers_bringup) Command: {'cmd': ['/usr/bin/cmake', '--install', '/home/sachin/rosbot-wifi-heatmap-sim/build/mappers_bringup'], 'cwd': '/home/sachin/rosbot-wifi-heatmap-sim/build/mappers_bringup', 'env': OrderedDict({'LESSOPEN': '| /usr/bin/lesspipe %s', 'GZ_SIM_RESOURCE_PATH': '/opt/ros/jazzy/share:/home/sachin/gazebo_models', 'USER': 'sachin', 'GZ_CONFIG_PATH': '/opt/ros/jazzy/opt/gz_sim_vendor/share/gz:/opt/ros/jazzy/opt/sdformat_vendor/share/gz:/opt/ros/jazzy/opt/gz_gui_vendor/share/gz:/opt/ros/jazzy/opt/gz_transport_vendor/share/gz:/opt/ros/jazzy/opt/gz_rendering_vendor/share/gz:/opt/ros/jazzy/opt/gz_plugin_vendor/share/gz:/opt/ros/jazzy/opt/gz_fuel_tools_vendor/share/gz:/opt/ros/jazzy/opt/gz_msgs_vendor/share/gz:/opt/ros/jazzy/opt/gz_common_vendor/share/gz', 'XDG_SESSION_TYPE': 'x11', 'CLUTTER_DISABLE_MIPMAPPED_TEXT': '1', 'SHLVL': '1', 'LD_LIBRARY_PATH': '/home/sachin/rosbot-wifi-heatmap-sim/install/nav2_read_rssi_at_waypoint/lib:/home/sachin/rosbot-wifi-heatmap-sim/install/rosbot_interfaces/lib:/opt/ros/jazzy/opt/gz_sim_vendor/lib:/opt/ros/jazzy/opt/gz_sensors_vendor/lib:/opt/ros/jazzy/opt/gz_physics_vendor/lib:/opt/ros/jazzy/opt/sdformat_vendor/lib:/opt/ros/jazzy/opt/rviz_ogre_vendor/lib:/opt/ros/jazzy/lib/x86_64-linux-gnu:/opt/ros/jazzy/opt/gz_gui_vendor/lib:/opt/ros/jazzy/opt/gz_transport_vendor/lib:/opt/ros/jazzy/opt/gz_rendering_vendor/lib:/opt/ros/jazzy/opt/gz_plugin_vendor/lib:/opt/ros/jazzy/opt/gz_fuel_tools_vendor/lib:/opt/ros/jazzy/opt/gz_msgs_vendor/lib:/opt/ros/jazzy/opt/gz_common_vendor/lib:/opt/ros/jazzy/opt/gz_math_vendor/lib:/opt/ros/jazzy/opt/gz_utils_vendor/lib:/opt/ros/jazzy/opt/gz_tools_vendor/lib:/opt/ros/jazzy/opt/gz_ogre_next_vendor/lib:/opt/ros/jazzy/opt/gz_dartsim_vendor/lib:/opt/ros/jazzy/opt/gz_cmake_vendor/lib:/opt/ros/jazzy/lib', 'HOME': '/home/sachin', 'OLDPWD': '/home/sachin', 'DESKTOP_SESSION': 'ubuntu', 'ROS_PYTHON_VERSION': '3', 'GNOME_SHELL_SESSION_MODE': 'ubuntu', 'GTK_MODULES': 'gail:atk-bridge', 'PS1': '(.ros2_venv) \\[\\e]0;\\u@\\h: \\w\\a\\]${debian_chroot:+($debian_chroot)}\\[\\033[01;32m\\]\\u@\\h\\[\\033[00m\\]:\\[\\033[01;34m\\]\\w\\[\\033[00m\\]\\$', 'SYSTEMD_EXEC_PID': '2572', 'GSM_SKIP_SSH_AGENT_WORKAROUND': 'true', 'DBUS_SESSION_BUS_ADDRESS': 'unix:path=/run/user/1000/bus', 'COLORTERM': 'truecolor', 'DEBUGINFOD_URLS': 'https://debuginfod.ubuntu.com', 'COLCON_PREFIX_PATH': '/home/sachin/rosbot-wifi-heatmap-sim/install:/home/sachin/turtlebot3_ws/install', 'ROS_DISTRO': 'jazzy', 'LOGNAME': 'sachin', '_': '/usr/bin/colcon', 'ROS_VERSION': '2', 'PIP_BREAK_SYSTEM_PACKAGES': '1', 'MEMORY_PRESSURE_WATCH': '/sys/fs/cgroup/user.slice/user-1000.slice/user@1000.service/session.slice/org.gnome.Shell@x11.service/memory.pressure', 'XDG_SESSION_CLASS': 'user', 'USERNAME': 'sachin', 'TERM': 'xterm-256color', 'GNOME_DESKTOP_SESSION_ID': 'this-is-deprecated', 'WINDOWPATH': '2', 'PATH': '/home/sachin/.ros2_venv/bin:/opt/ros/jazzy/opt/gz_msgs_vendor/bin:/opt/ros/jazzy/opt/gz_tools_vendor/bin:/opt/ros/jazzy/opt/gz_ogre_next_vendor/bin:/opt/ros/jazzy/bin:/usr/local/sbin:/usr/local/bin:/usr/sbin:/usr/bin:/sbin:/bin:/usr/games:/usr/local/games:/snap/bin:/snap/bin', 'SESSION_MANAGER': 'local/SK:@/tmp/.ICE-unix/2540,unix/SK:/tmp/.ICE-unix/2540', 'XDG_MENU_PREFIX': 'gnome-', 'GNOME_TERMINAL_SCREEN': '/org/gnome/Terminal/screen/fdb5864d_c3f7_49fd_a0c4_41147260431a', 'XDG_RUNTIME_DIR': '/run/user/1000', 'DISPLAY': ':1', 'LANG': 'en_US.UTF-8', 'XDG_CURRENT_DESKTOP': 'ubuntu:GNOME', 'VIRTUAL_ENV_PROMPT': '(.ros2_venv)', 'XMODIFIERS': '@im=ibus', 'XDG_SESSION_DESKTOP': 'ubuntu', 'XAUTHORITY': '/run/user/1000/gdm/Xauthority', 'LS_COLORS': 'rs=0:di=01;34:ln=01;36:mh=00:pi=40;33:so=01;35:do=01;35:bd=40;33;01:cd=40;33;01:or=40;31;01:mi=00:su=37;41:sg=30;43:ca=00:tw=30;42:ow=34;42:st=37;44:ex=01;32:*.tar=01;31:*.tgz=01;31:*.arc=01;31:*.arj=01;31:*.taz=01;31:*.lha=01;31:*.lz4=01;31:*.lzh=01;31:*.lzma=01;31:*.tlz=01;31:*.txz=01;31:*.tzo=01;31:*.t7z=01;31:*.zip=01;31:*.z=01;31:*.dz=01;31:*.gz=01;31:*.lrz=01;31:*.lz=01;31:*.lzo=01;31:*.xz=01;31:*.zst=01;31:*.tzst=01;31:*.bz2=01;31:*.bz=01;31:*.tbz=01;31:*.tbz2=01;31:*.tz=01;31:*.deb=01;31:*.rpm=01;31:*.jar=01;31:*.war=01;31:*.ear=01;31:*.sar=01;31:*.rar=01;31:*.alz=01;31:*.ace=01;31:*.zoo=01;31:*.cpio=01;31:*.7z=01;31:*.rz=01;31:*.cab=01;31:*.wim=01;31:*.swm=01;31:*.dwm=01;31:*.esd=01;31:*.avif=01;35:*.jpg=01;35:*.jpeg=01;35:*.mjpg=01;35:*.mjpeg=01;35:*.gif=01;35:*.bmp=01;35:*.pbm=01;35:*.pgm=01;35:*.ppm=01;35:*.tga=01;35:*.xbm=01;35:*.xpm=01;35:*.tif=01;35:*.tiff=01;35:*.png=01;35:*.svg=01;35:*.svgz=01;35:*.mng=01;35:*.pcx=01;35:*.mov=01;35:*.mpg=01;35:*.mpeg=01;35:*.m2v=01;35:*.mkv=01;35:*.webm=01;35:*.webp=01;35:*.ogm=01;35:*.mp4=01;35:*.m4v=01;35:*.mp4v=01;35:*.vob=01;35:*.qt=01;35:*.nuv=01;35:*.wmv=01;35:*.asf=01;35:*.rm=01;35:*.rmvb=01;35:*.flc=01;35:*.avi=01;35:*.fli=01;35:*.flv=01;35:*.gl=01;35:*.dl=01;35:*.xcf=01;35:*.xwd=01;35:*.yuv=01;35:*.cgm=01;35:*.emf=01;35:*.ogv=01;35:*.ogx=01;35:*.aac=00;36:*.au=00;36:*.flac=00;36:*.m4a=00;36:*.mid=00;36:*.midi=00;36:*.mka=00;36:*.mp3=00;36:*.mpc=00;36:*.ogg=00;36:*.ra=00;36:*.wav=00;36:*.oga=00;36:*.opus=00;36:*.spx=00;36:*.xspf=00;36:*~=00;90:*#=00;90:*.bak=00;90:*.crdownload=00;90:*.dpkg-dist=00;90:*.dpkg-new=00;90:*.dpkg-old=00;90:*.dpkg-tmp=00;90:*.old=00;90:*.orig=00;90:*.part=00;90:*.rej=00;90:*.rpmnew=00;90:*.rpmorig=00;90:*.rpmsave=00;90:*.swp=00;90:*.tmp=00;90:*.ucf-dist=00;90:*.ucf-new=00;90:*.ucf-old=00;90:', 'GNOME_TERMINAL_SERVICE': ':1.149', 'SSH_AUTH_SOCK': '/run/user/1000/keyring/ssh', 'ROS_DOMAIN_ID': '100', 'AMENT_PREFIX_PATH': '/home/sachin/rosbot-wifi-heatmap-sim/install/rssi_heatmap_generator_package:/home/sachin/rosbot-wifi-heatmap-sim/install/waypoint_publisher_package:/home/sachin/rosbot-wifi-heatmap-sim/install/mappers_bringup:/home/sachin/rosbot-wifi-heatmap-sim/install/nav2_read_rssi_at_waypoint:/home/sachin/rosbot-wifi-heatmap-sim/install/rosbot_interfaces:/home/sachin/turtlebot3_ws/install/turtlebot3_simulations:/home/sachin/turtlebot3_ws/install/turtlebot3_gazebo:/home/sachin/turtlebot3_ws/install/turtlebot3_fake_node:/opt/ros/jazzy', 'SHELL': '/bin/bash', 'QT_ACCESSIBILITY': '1', 'GDMSESSION': 'ubuntu', 'LESSCLOSE': '/usr/bin/lesspipe %s %s', 'GPG_AGENT_INFO': '/run/user/1000/gnupg/S.gpg-agent:0:1', 'VIRTUAL_ENV': '/home/sachin/.ros2_venv', 'ROS_AUTOMATIC_DISCOVERY_RANGE': 'SUBNET', 'QT_IM_MODULE': 'ibus', 'PWD': '/home/sachin/rosbot-wifi-heatmap-sim/build/mappers_bringup', 'TURTLEBOT3_MODEL': 'waffle', 'LC_ALL': 'en_US.UTF-8', 'XDG_CONFIG_DIRS': '/etc/xdg/xdg-ubuntu:/etc/xdg', 'XDG_DATA_DIRS': '/usr/share/ubuntu:/usr/share/gnome:/usr/local/share/:/usr/share/:/var/lib/snapd/desktop', 'PYTHONPATH': '/home/sachin/rosbot-wifi-heatmap-sim/install/rssi_heatmap_generator_package/lib/python3.12/site-packages:/home/sachin/rosbot-wifi-heatmap-sim/install/waypoint_publisher_package/lib/python3.12/site-packages:/home/sachin/rosbot-wifi-heatmap-sim/install/rosbot_interfaces/lib/python3.12/site-packages:/opt/ros/jazzy/lib/python3.12/site-packages', 'COLCON': '1', 'MEMORY_PRESSURE_WRITE': 'c29tZSAyMDAwMDAgMjAwMDAwMAA=', 'VTE_VERSION': '7600', 'CMAKE_PREFIX_PATH': '/home/sachin/rosbot-wifi-heatmap-sim/install/nav2_read_rssi_at_waypoint:/home/sachin/rosbot-wifi-heatmap-sim/install/rosbot_interfaces:/home/sachin/rosbot-wifi-heatmap-sim/install/mappers_bringup:/home/sachin/turtlebot3_ws/install/turtlebot3_simulations:/home/sachin/turtlebot3_ws/install/turtlebot3_gazebo:/home/sachin/turtlebot3_ws/install/turtlebot3_fake_node:/opt/ros/jazzy/opt/gz_sim_vendor:/opt/ros/jazzy/opt/gz_sensors_vendor:/opt/ros/jazzy/opt/gz_physics_vendor:/opt/ros/jazzy/opt/sdformat_vendor:/opt/ros/jazzy/opt/gz_gui_vendor:/opt/ros/jazzy/opt/gz_transport_vendor:/opt/ros/jazzy/opt/gz_rendering_vendor:/opt/ros/jazzy/opt/gz_plugin_vendor:/opt/ros/jazzy/opt/gz_fuel_tools_vendor:/opt/ros/jazzy/opt/gz_msgs_vendor:/opt/ros/jazzy/opt/gz_common_vendor:/opt/ros/jazzy/opt/gz_math_vendor:/opt/ros/jazzy/opt/gz_utils_vendor:/opt/ros/jazzy/opt/gz_tools_vendor:/opt/ros/jazzy/opt/gz_ogre_next_vendor:/opt/ros/jazzy/opt/gz_dartsim_vendor:/opt/ros/jazzy/opt/gz_cmake_vendor:/home/sachin/rosbot-wifi-heatmap-sim/install/waypoint_publisher_package:/home/sachin/rosbot-wifi-heatmap-sim/install/rssi_heatmap_generator_package:/opt/ros/jazzy'}), 'shell': False}
[3.769719] (mappers_bringup) StdoutLine: {'line': b'-- Install configuration: ""\n'}
[3.770597] (mappers_bringup) StdoutLine: {'line': b'-- Up-to-date: /home/sachin/rosbot-wifi-heatmap-sim/install/mappers_bringup/share/mappers_bringup/launch\n'}
[3.770818] (mappers_bringup) StdoutLine: {'line': b'-- Up-to-date: /home/sachin/rosbot-wifi-heatmap-sim/install/mappers_bringup/share/mappers_bringup/launch/mappers.launch.py\n'}
[3.770964] (mappers_bringup) StdoutLine: {'line': b'-- Up-to-date: /home/sachin/rosbot-wifi-heatmap-sim/install/mappers_bringup/share/mappers_bringup/launch/sim_nav2_slam.launch.py\n'}
[3.771177] (mappers_bringup) StdoutLine: {'line': b'-- Up-to-date: /home/sachin/rosbot-wifi-heatmap-sim/install/mappers_bringup/share/mappers_bringup/config\n'}
[3.771377] (mappers_bringup) StdoutLine: {'line': b'-- Up-to-date: /home/sachin/rosbot-wifi-heatmap-sim/install/mappers_bringup/share/mappers_bringup/config/slam_params.yaml\n'}
[3.771601] (mappers_bringup) StdoutLine: {'line': b'-- Up-to-date: /home/sachin/rosbot-wifi-heatmap-sim/install/mappers_bringup/share/mappers_bringup/config/nav2_params.yaml\n'}
[3.771797] (mappers_bringup) StdoutLine: {'line': b'-- Up-to-date: /home/sachin/rosbot-wifi-heatmap-sim/install/mappers_bringup/share/ament_index/resource_index/package_run_dependencies/mappers_bringup\n'}
[3.771904] (mappers_bringup) StdoutLine: {'line': b'-- Up-to-date: /home/sachin/rosbot-wifi-heatmap-sim/install/mappers_bringup/share/ament_index/resource_index/parent_prefix_path/mappers_bringup\n'}
[3.772004] (mappers_bringup) StdoutLine: {'line': b'-- Up-to-date: /home/sachin/rosbot-wifi-heatmap-sim/install/mappers_bringup/share/mappers_bringup/environment/ament_prefix_path.sh\n'}
[3.772113] (mappers_bringup) StdoutLine: {'line': b'-- Up-to-date: /home/sachin/rosbot-wifi-heatmap-sim/install/mappers_bringup/share/mappers_bringup/environment/ament_prefix_path.dsv\n'}
[3.772210] (mappers_bringup) StdoutLine: {'line': b'-- Up-to-date: /home/sachin/rosbot-wifi-heatmap-sim/install/mappers_bringup/share/mappers_bringup/environment/path.sh\n'}
[3.772305] (mappers_bringup) StdoutLine: {'line': b'-- Up-to-date: /home/sachin/rosbot-wifi-heatmap-sim/install/mappers_bringup/share/mappers_bringup/environment/path.dsv\n'}
[3.772393] (mappers_bringup) StdoutLine: {'line': b'-- Up-to-date: /home/sachin/rosbot-wifi-heatmap-sim/install/mappers_bringup/share/mappers_bringup/local_setup.bash\n'}
[3.772495] (mappers_bringup) StdoutLine: {'line': b'-- Up-to-date: /home/sachin/rosbot-wifi-heatmap-sim/install/mappers_bringup/share/mappers_bringup/local_setup.sh\n'}
[3.772593] (mappers_bringup) StdoutLine: {'line': b'-- Up-to-date: /home/sachin/rosbot-wifi-heatmap-sim/install/mappers_bringup/share/mappers_bringup/local_setup.zsh\n'}
[3.772679] (mappers_bringup) StdoutLine: {'line': b'-- Up-to-date: /home/sachin/rosbot-wifi-heatmap-sim/install/mappers_bringup/share/mappers_bringup/local_setup.dsv\n'}
[3.772769] (mappers_bringup) StdoutLine: {'line': b'-- Installing: /home/sachin/rosbot-wifi-heatmap-sim/install/mappers_bringup/share/mappers_bringup/package.dsv\n'}
[3.772862] (mappers_bringup) StdoutLine: {'line': b'-- Up-to-date: /home/sachin/rosbot-wifi-heatmap-sim/install/mappers_bringup/share/ament_index/resource_index/packages/mappers_bringup\n'}
[3.772964] (mappers_bringup) StdoutLine: {'line': b'-- Up-to-date: /home/sachin/rosbot-wifi-heatmap-sim/install/mappers_bringup/share/mappers_bringup/cmake/mappers_bringupConfig.cmake\n'}
[3.773064] (mappers_bringup) StdoutLine: {'line': b'-- Up-to-date: /home/sachin/rosbot-wifi-heatmap-sim/install/mappers_bringup/share/mappers_bringup/cmake/mappers_bringupConfig-version.cmake\n'}
[3.773183] (mappers_bringup) StdoutLine: {'line': b'-- Up-to-date: /home/sachin/rosbot-wifi-heatmap-sim/install/mappers_bringup/share/mappers_bringup/package.xml\n'}
[3.776337] (mappers_bringup) CommandEnded: {'returncode': 0}
[3.801313] (mappers_bringup) JobEnded: {'identifier': 'mappers_bringup', 'rc': 0}
[3.802921] (-) EventReactorShutdown: {}
