[0.000000] (-) TimerEvent: {}
[0.000201] (rosbot_interfaces) JobQueued: {'identifier': 'rosbot_interfaces', 'dependencies': OrderedDict()}
[0.000371] (waypoint_publisher_package) JobQueued: {'identifier': 'waypoint_publisher_package', 'dependencies': OrderedDict()}
[0.000515] (nav2_read_rssi_at_waypoint) JobQueued: {'identifier': 'nav2_read_rssi_at_waypoint', 'dependencies': OrderedDict({'rosbot_interfaces': '/home/sachin/rosbot-wifi-heatmap-sim/install/rosbot_interfaces'})}
[0.000572] (rssi_heatmap_generator_package) JobQueued: {'identifier': 'rssi_heatmap_generator_package', 'dependencies': OrderedDict({'rosbot_interfaces': '/home/sachin/rosbot-wifi-heatmap-sim/install/rosbot_interfaces'})}
[0.000614] (mappers_bringup) JobQueued: {'identifier': 'mappers_bringup', 'dependencies': OrderedDict({'rosbot_interfaces': '/home/sachin/rosbot-wifi-heatmap-sim/install/rosbot_interfaces', 'waypoint_publisher_package': '/home/sachin/rosbot-wifi-heatmap-sim/install/waypoint_publisher_package', 'nav2_read_rssi_at_waypoint': '/home/sachin/rosbot-wifi-heatmap-sim/install/nav2_read_rssi_at_waypoint', 'rssi_heatmap_generator_package': '/home/sachin/rosbot-wifi-heatmap-sim/install/rssi_heatmap_generator_package'})}
[0.000652] (rosbot_interfaces) JobStarted: {'identifier': 'rosbot_interfaces'}
[0.004742] (waypoint_publisher_package) JobStarted: {'identifier': 'waypoint_publisher_package'}
[0.008564] (rosbot_interfaces) JobProgress: {'identifier': 'rosbot_interfaces', 'progress': 'cmake'}
[0.008965] (rosbot_interfaces) JobProgress: {'identifier': 'rosbot_interfaces', 'progress': 'build'}
[0.009385] (rosbot_interfaces) Command: {'cmd': ['/usr/bin/cmake', '--build', '/home/sachin/rosbot-wifi-heatmap-sim/build/rosbot_interfaces', '--', '-j12', '-l12'], 'cwd': '/home/sachin/rosbot-wifi-heatmap-sim/build/rosbot_interfaces', 'env': OrderedDict({'LESSOPEN': '| /usr/bin/lesspipe %s', 'GZ_SIM_RESOURCE_PATH': '/home/sachin/gazebo_models', 'USER': 'sachin', 'GZ_CONFIG_PATH': '/opt/ros/jazzy/opt/gz_sim_vendor/share/gz:/opt/ros/jazzy/opt/sdformat_vendor/share/gz:/opt/ros/jazzy/opt/gz_gui_vendor/share/gz:/opt/ros/jazzy/opt/gz_transport_vendor/share/gz:/opt/ros/jazzy/opt/gz_rendering_vendor/share/gz:/opt/ros/jazzy/opt/gz_plugin_vendor/share/gz:/opt/ros/jazzy/opt/gz_fuel_tools_vendor/share/gz:/opt/ros/jazzy/opt/gz_msgs_vendor/share/gz:/opt/ros/jazzy/opt/gz_common_vendor/share/gz', 'XDG_SESSION_TYPE': 'x11', 'CLUTTER_DISABLE_MIPMAPPED_TEXT': '1', 'SHLVL': '1', 'LD_LIBRARY_PATH': '/opt/ros/jazzy/opt/gz_sim_vendor/lib:/opt/ros/jazzy/opt/gz_sensors_vendor/lib:/opt/ros/jazzy/opt/gz_physics_vendor/lib:/opt/ros/jazzy/opt/sdformat_vendor/lib:/opt/ros/jazzy/opt/rviz_ogre_vendor/lib:/opt/ros/jazzy/lib/x86_64-linux-gnu:/opt/ros/jazzy/opt/gz_gui_vendor/lib:/opt/ros/jazzy/opt/gz_transport_vendor/lib:/opt/ros/jazzy/opt/gz_rendering_vendor/lib:/opt/ros/jazzy/opt/gz_plugin_vendor/lib:/opt/ros/jazzy/opt/gz_fuel_tools_vendor/lib:/opt/ros/jazzy/opt/gz_msgs_vendor/lib:/opt/ros/jazzy/opt/gz_common_vendor/lib:/opt/ros/jazzy/opt/gz_math_vendor/lib:/opt/ros/jazzy/opt/gz_utils_vendor/lib:/opt/ros/jazzy/opt/gz_tools_vendor/lib:/opt/ros/jazzy/opt/gz_ogre_next_vendor/lib:/opt/ros/jazzy/opt/gz_dartsim_vendor/lib:/opt/ros/jazzy/opt/gz_cmake_vendor/lib:/opt/ros/jazzy/lib', 'HOME': '/home/sachin', 'DESKTOP_SESSION': 'ubuntu', 'ROS_PYTHON_VERSION': '3', 'GNOME_SHELL_SESSION_MODE': 'ubuntu', 'GTK_MODULES': 'gail:atk-bridge', 'PS1': '(.ros2_venv) \\[\\e]0;\\u@\\h: \\w\\a\\]${debian_chroot:+($debian_chroot)}\\[\\033[01;32m\\]\\u@\\h\\[\\033[00m\\]:\\[\\033[01;34m\\]\\w\\[\\033[00m\\]\\$', 'SYSTEMD_EXEC_PID': '2572', 'GSM_SKIP_SSH_AGENT_WORKAROUND': 'true', 'DBUS_SESSION_BUS_ADDRESS': 'unix:path=/run/user/1000/bus', 'COLORTERM': 'truecolor', 'DEBUGINFOD_URLS': 'https://debuginfod.ubuntu.com', 'ROS_DISTRO': 'jazzy', 'LOGNAME': 'sachin', '_': '/usr/bin/colcon', 'ROS_VERSION': '2', 'PIP_BREAK_SYSTEM_PACKAGES': '1', 'MEMORY_PRESSURE_WATCH': '/sys/fs/cgroup/user.slice/user-1000.slice/user@1000.service/session.slice/org.gnome.Shell@x11.service/memory.pressure', 'XDG_SESSION_CLASS': 'user', 'USERNAME': 'sachin', 'TERM': 'xterm-256color', 'GNOME_DESKTOP_SESSION_ID': 'this-is-deprecated', 'WINDOWPATH': '2', 'PATH': '/home/sachin/.ros2_venv/bin:/opt/ros/jazzy/opt/gz_msgs_vendor/bin:/opt/ros/jazzy/opt/gz_tools_vendor/bin:/opt/ros/jazzy/opt/gz_ogre_next_vendor/bin:/opt/ros/jazzy/bin:/usr/local/sbin:/usr/local/bin:/usr/sbin:/usr/bin:/sbin:/bin:/usr/games:/usr/local/games:/snap/bin:/snap/bin', 'SESSION_MANAGER': 'local/SK:@/tmp/.ICE-unix/2540,unix/SK:/tmp/.ICE-unix/2540', 'XDG_MENU_PREFIX': 'gnome-', 'GNOME_TERMINAL_SCREEN': '/org/gnome/Terminal/screen/7fbb1183_0abe_4898_b799_7b2b27e9835d', 'XDG_RUNTIME_DIR': '/run/user/1000', 'DISPLAY': ':1', 'LANG': 'en_US.UTF-8', 'XDG_CURRENT_DESKTOP': 'ubuntu:GNOME', 'VIRTUAL_ENV_PROMPT': '(.ros2_venv)', 'XMODIFIERS': '@im=ibus', 'XDG_SESSION_DESKTOP': 'ubuntu', 'XAUTHORITY': '/run/user/1000/gdm/Xauthority', 'LS_COLORS': 'rs=0:di=01;34:ln=01;36:mh=00:pi=40;33:so=01;35:do=01;35:bd=40;33;01:cd=40;33;01:or=40;31;01:mi=00:su=37;41:sg=30;43:ca=00:tw=30;42:ow=34;42:st=37;44:ex=01;32:*.tar=01;31:*.tgz=01;31:*.arc=01;31:*.arj=01;31:*.taz=01;31:*.lha=01;31:*.lz4=01;31:*.lzh=01;31:*.lzma=01;31:*.tlz=01;31:*.txz=01;31:*.tzo=01;31:*.t7z=01;31:*.zip=01;31:*.z=01;31:*.dz=01;31:*.gz=01;31:*.lrz=01;31:*.lz=01;31:*.lzo=01;31:*.xz=01;31:*.zst=01;31:*.tzst=01;31:*.bz2=01;31:*.bz=01;31:*.tbz=01;31:*.tbz2=01;31:*.tz=01;31:*.deb=01;31:*.rpm=01;31:*.jar=01;31:*.war=01;31:*.ear=01;31:*.sar=01;31:*.rar=01;31:*.alz=01;31:*.ace=01;31:*.zoo=01;31:*.cpio=01;31:*.7z=01;31:*.rz=01;31:*.cab=01;31:*.wim=01;31:*.swm=01;31:*.dwm=01;31:*.esd=01;31:*.avif=01;35:*.jpg=01;35:*.jpeg=01;35:*.mjpg=01;35:*.mjpeg=01;35:*.gif=01;35:*.bmp=01;35:*.pbm=01;35:*.pgm=01;35:*.ppm=01;35:*.tga=01;35:*.xbm=01;35:*.xpm=01;35:*.tif=01;35:*.tiff=01;35:*.png=01;35:*.svg=01;35:*.svgz=01;35:*.mng=01;35:*.pcx=01;35:*.mov=01;35:*.mpg=01;35:*.mpeg=01;35:*.m2v=01;35:*.mkv=01;35:*.webm=01;35:*.webp=01;35:*.ogm=01;35:*.mp4=01;35:*.m4v=01;35:*.mp4v=01;35:*.vob=01;35:*.qt=01;35:*.nuv=01;35:*.wmv=01;35:*.asf=01;35:*.rm=01;35:*.rmvb=01;35:*.flc=01;35:*.avi=01;35:*.fli=01;35:*.flv=01;35:*.gl=01;35:*.dl=01;35:*.xcf=01;35:*.xwd=01;35:*.yuv=01;35:*.cgm=01;35:*.emf=01;35:*.ogv=01;35:*.ogx=01;35:*.aac=00;36:*.au=00;36:*.flac=00;36:*.m4a=00;36:*.mid=00;36:*.midi=00;36:*.mka=00;36:*.mp3=00;36:*.mpc=00;36:*.ogg=00;36:*.ra=00;36:*.wav=00;36:*.oga=00;36:*.opus=00;36:*.spx=00;36:*.xspf=00;36:*~=00;90:*#=00;90:*.bak=00;90:*.crdownload=00;90:*.dpkg-dist=00;90:*.dpkg-new=00;90:*.dpkg-old=00;90:*.dpkg-tmp=00;90:*.old=00;90:*.orig=00;90:*.part=00;90:*.rej=00;90:*.rpmnew=00;90:*.rpmorig=00;90:*.rpmsave=00;90:*.swp=00;90:*.tmp=00;90:*.ucf-dist=00;90:*.ucf-new=00;90:*.ucf-old=00;90:', 'GNOME_TERMINAL_SERVICE': ':1.400', 'SSH_AUTH_SOCK': '/run/user/1000/keyring/ssh', 'ROS_DOMAIN_ID': '100', 'AMENT_PREFIX_PATH': '/opt/ros/jazzy', 'SHELL': '/bin/bash', 'QT_ACCESSIBILITY': '1', 'GDMSESSION': 'ubuntu', 'LESSCLOSE': '/usr/bin/lesspipe %s %s', 'GPG_AGENT_INFO': '/run/user/1000/gnupg/S.gpg-agent:0:1', 'VIRTUAL_ENV': '/home/sachin/.ros2_venv', 'ROS_AUTOMATIC_DISCOVERY_RANGE': 'SUBNET', 'QT_IM_MODULE': 'ibus', 'PWD': '/home/sachin/rosbot-wifi-heatmap-sim/build/rosbot_interfaces', 'LC_ALL': 'en_US.UTF-8', 'XDG_CONFIG_DIRS': '/etc/xdg/xdg-ubuntu:/etc/xdg', 'XDG_DATA_DIRS': '/usr/share/ubuntu:/usr/share/gnome:/usr/local/share/:/usr/share/:/var/lib/snapd/desktop', 'PYTHONPATH': '/opt/ros/jazzy/lib/python3.12/site-packages', 'COLCON': '1', 'MEMORY_PRESSURE_WRITE': 'c29tZSAyMDAwMDAgMjAwMDAwMAA=', 'VTE_VERSION': '7600', 'CMAKE_PREFIX_PATH': '/opt/ros/jazzy/opt/gz_sim_vendor:/opt/ros/jazzy/opt/gz_sensors_vendor:/opt/ros/jazzy/opt/gz_physics_vendor:/opt/ros/jazzy/opt/sdformat_vendor:/opt/ros/jazzy/opt/gz_gui_vendor:/opt/ros/jazzy/opt/gz_transport_vendor:/opt/ros/jazzy/opt/gz_rendering_vendor:/opt/ros/jazzy/opt/gz_plugin_vendor:/opt/ros/jazzy/opt/gz_fuel_tools_vendor:/opt/ros/jazzy/opt/gz_msgs_vendor:/opt/ros/jazzy/opt/gz_common_vendor:/opt/ros/jazzy/opt/gz_math_vendor:/opt/ros/jazzy/opt/gz_utils_vendor:/opt/ros/jazzy/opt/gz_tools_vendor:/opt/ros/jazzy/opt/gz_ogre_next_vendor:/opt/ros/jazzy/opt/gz_dartsim_vendor:/opt/ros/jazzy/opt/gz_cmake_vendor:/opt/ros/jazzy'}), 'shell': False}
[0.057877] (rosbot_interfaces) StdoutLine: {'line': b'[  2%] Built target rosbot_interfaces__rs\n'}
[0.059276] (rosbot_interfaces) StdoutLine: {'line': b'[  5%] Built target rosbot_interfaces__rosidl_generator_type_description\n'}
[0.064724] (rosbot_interfaces) StdoutLine: {'line': b'[  5%] Built target ament_cmake_python_copy_rosbot_interfaces\n'}
[0.074540] (rosbot_interfaces) StdoutLine: {'line': b'[  8%] Built target rosbot_interfaces__cpp\n'}
[0.078090] (rosbot_interfaces) StdoutLine: {'line': b'[ 22%] Built target rosbot_interfaces__rosidl_generator_c\n'}
[0.096145] (rosbot_interfaces) StdoutLine: {'line': b'[ 31%] Built target rosbot_interfaces__rosidl_typesupport_introspection_c\n'}
[0.096369] (rosbot_interfaces) StdoutLine: {'line': b'[ 40%] Built target rosbot_interfaces__rosidl_typesupport_fastrtps_cpp\n'}
[0.099346] (rosbot_interfaces) StdoutLine: {'line': b'[ 48%] Built target rosbot_interfaces__rosidl_typesupport_cpp\n'}
[0.099868] (-) TimerEvent: {}
[0.100175] (rosbot_interfaces) StdoutLine: {'line': b'[ 57%] Built target rosbot_interfaces__rosidl_typesupport_c\n'}
[0.100567] (rosbot_interfaces) StdoutLine: {'line': b'[ 65%] Built target rosbot_interfaces__rosidl_typesupport_introspection_cpp\n'}
[0.102530] (rosbot_interfaces) StdoutLine: {'line': b'[ 74%] Built target rosbot_interfaces__rosidl_typesupport_fastrtps_c\n'}
[0.120544] (rosbot_interfaces) StdoutLine: {'line': b'[ 74%] Built target rosbot_interfaces\n'}
[0.140723] (rosbot_interfaces) StdoutLine: {'line': b'[ 77%] Built target rosbot_interfaces__py\n'}
[0.163344] (rosbot_interfaces) StdoutLine: {'line': b'[ 82%] Built target rosbot_interfaces__rosidl_generator_py\n'}
[0.179950] (rosbot_interfaces) StdoutLine: {'line': b'[ 94%] Built target rosbot_interfaces_s__rosidl_typesupport_c\n'}
[0.180130] (rosbot_interfaces) StdoutLine: {'line': b'[ 94%] Built target rosbot_interfaces_s__rosidl_typesupport_introspection_c\n'}
[0.184352] (rosbot_interfaces) StdoutLine: {'line': b'[100%] Built target rosbot_interfaces_s__rosidl_typesupport_fastrtps_c\n'}
[0.199956] (-) TimerEvent: {}
[0.219527] (rosbot_interfaces) StdoutLine: {'line': b'running egg_info\n'}
[0.227712] (rosbot_interfaces) StdoutLine: {'line': b'writing rosbot_interfaces.egg-info/PKG-INFO\n'}
[0.227900] (rosbot_interfaces) StdoutLine: {'line': b'writing dependency_links to rosbot_interfaces.egg-info/dependency_links.txt\n'}
[0.228006] (rosbot_interfaces) StdoutLine: {'line': b'writing top-level names to rosbot_interfaces.egg-info/top_level.txt\n'}
[0.253133] (rosbot_interfaces) StdoutLine: {'line': b"reading manifest file 'rosbot_interfaces.egg-info/SOURCES.txt'\n"}
[0.254699] (rosbot_interfaces) StdoutLine: {'line': b"writing manifest file 'rosbot_interfaces.egg-info/SOURCES.txt'\n"}
[0.278523] (rosbot_interfaces) StdoutLine: {'line': b'[100%] Built target ament_cmake_python_build_rosbot_interfaces_egg\n'}
[0.288998] (rosbot_interfaces) CommandEnded: {'returncode': 0}
[0.289677] (rosbot_interfaces) JobProgress: {'identifier': 'rosbot_interfaces', 'progress': 'install'}
[0.296025] (rosbot_interfaces) Command: {'cmd': ['/usr/bin/cmake', '--install', '/home/sachin/rosbot-wifi-heatmap-sim/build/rosbot_interfaces'], 'cwd': '/home/sachin/rosbot-wifi-heatmap-sim/build/rosbot_interfaces', 'env': OrderedDict({'LESSOPEN': '| /usr/bin/lesspipe %s', 'GZ_SIM_RESOURCE_PATH': '/home/sachin/gazebo_models', 'USER': 'sachin', 'GZ_CONFIG_PATH': '/opt/ros/jazzy/opt/gz_sim_vendor/share/gz:/opt/ros/jazzy/opt/sdformat_vendor/share/gz:/opt/ros/jazzy/opt/gz_gui_vendor/share/gz:/opt/ros/jazzy/opt/gz_transport_vendor/share/gz:/opt/ros/jazzy/opt/gz_rendering_vendor/share/gz:/opt/ros/jazzy/opt/gz_plugin_vendor/share/gz:/opt/ros/jazzy/opt/gz_fuel_tools_vendor/share/gz:/opt/ros/jazzy/opt/gz_msgs_vendor/share/gz:/opt/ros/jazzy/opt/gz_common_vendor/share/gz', 'XDG_SESSION_TYPE': 'x11', 'CLUTTER_DISABLE_MIPMAPPED_TEXT': '1', 'SHLVL': '1', 'LD_LIBRARY_PATH': '/opt/ros/jazzy/opt/gz_sim_vendor/lib:/opt/ros/jazzy/opt/gz_sensors_vendor/lib:/opt/ros/jazzy/opt/gz_physics_vendor/lib:/opt/ros/jazzy/opt/sdformat_vendor/lib:/opt/ros/jazzy/opt/rviz_ogre_vendor/lib:/opt/ros/jazzy/lib/x86_64-linux-gnu:/opt/ros/jazzy/opt/gz_gui_vendor/lib:/opt/ros/jazzy/opt/gz_transport_vendor/lib:/opt/ros/jazzy/opt/gz_rendering_vendor/lib:/opt/ros/jazzy/opt/gz_plugin_vendor/lib:/opt/ros/jazzy/opt/gz_fuel_tools_vendor/lib:/opt/ros/jazzy/opt/gz_msgs_vendor/lib:/opt/ros/jazzy/opt/gz_common_vendor/lib:/opt/ros/jazzy/opt/gz_math_vendor/lib:/opt/ros/jazzy/opt/gz_utils_vendor/lib:/opt/ros/jazzy/opt/gz_tools_vendor/lib:/opt/ros/jazzy/opt/gz_ogre_next_vendor/lib:/opt/ros/jazzy/opt/gz_dartsim_vendor/lib:/opt/ros/jazzy/opt/gz_cmake_vendor/lib:/opt/ros/jazzy/lib', 'HOME': '/home/sachin', 'DESKTOP_SESSION': 'ubuntu', 'ROS_PYTHON_VERSION': '3', 'GNOME_SHELL_SESSION_MODE': 'ubuntu', 'GTK_MODULES': 'gail:atk-bridge', 'PS1': '(.ros2_venv) \\[\\e]0;\\u@\\h: \\w\\a\\]${debian_chroot:+($debian_chroot)}\\[\\033[01;32m\\]\\u@\\h\\[\\033[00m\\]:\\[\\033[01;34m\\]\\w\\[\\033[00m\\]\\$', 'SYSTEMD_EXEC_PID': '2572', 'GSM_SKIP_SSH_AGENT_WORKAROUND': 'true', 'DBUS_SESSION_BUS_ADDRESS': 'unix:path=/run/user/1000/bus', 'COLORTERM': 'truecolor', 'DEBUGINFOD_URLS': 'https://debuginfod.ubuntu.com', 'ROS_DISTRO': 'jazzy', 'LOGNAME': 'sachin', '_': '/usr/bin/colcon', 'ROS_VERSION': '2', 'PIP_BREAK_SYSTEM_PACKAGES': '1', 'MEMORY_PRESSURE_WATCH': '/sys/fs/cgroup/user.slice/user-1000.slice/user@1000.service/session.slice/org.gnome.Shell@x11.service/memory.pressure', 'XDG_SESSION_CLASS': 'user', 'USERNAME': 'sachin', 'TERM': 'xterm-256color', 'GNOME_DESKTOP_SESSION_ID': 'this-is-deprecated', 'WINDOWPATH': '2', 'PATH': '/home/sachin/.ros2_venv/bin:/opt/ros/jazzy/opt/gz_msgs_vendor/bin:/opt/ros/jazzy/opt/gz_tools_vendor/bin:/opt/ros/jazzy/opt/gz_ogre_next_vendor/bin:/opt/ros/jazzy/bin:/usr/local/sbin:/usr/local/bin:/usr/sbin:/usr/bin:/sbin:/bin:/usr/games:/usr/local/games:/snap/bin:/snap/bin', 'SESSION_MANAGER': 'local/SK:@/tmp/.ICE-unix/2540,unix/SK:/tmp/.ICE-unix/2540', 'XDG_MENU_PREFIX': 'gnome-', 'GNOME_TERMINAL_SCREEN': '/org/gnome/Terminal/screen/7fbb1183_0abe_4898_b799_7b2b27e9835d', 'XDG_RUNTIME_DIR': '/run/user/1000', 'DISPLAY': ':1', 'LANG': 'en_US.UTF-8', 'XDG_CURRENT_DESKTOP': 'ubuntu:GNOME', 'VIRTUAL_ENV_PROMPT': '(.ros2_venv)', 'XMODIFIERS': '@im=ibus', 'XDG_SESSION_DESKTOP': 'ubuntu', 'XAUTHORITY': '/run/user/1000/gdm/Xauthority', 'LS_COLORS': 'rs=0:di=01;34:ln=01;36:mh=00:pi=40;33:so=01;35:do=01;35:bd=40;33;01:cd=40;33;01:or=40;31;01:mi=00:su=37;41:sg=30;43:ca=00:tw=30;42:ow=34;42:st=37;44:ex=01;32:*.tar=01;31:*.tgz=01;31:*.arc=01;31:*.arj=01;31:*.taz=01;31:*.lha=01;31:*.lz4=01;31:*.lzh=01;31:*.lzma=01;31:*.tlz=01;31:*.txz=01;31:*.tzo=01;31:*.t7z=01;31:*.zip=01;31:*.z=01;31:*.dz=01;31:*.gz=01;31:*.lrz=01;31:*.lz=01;31:*.lzo=01;31:*.xz=01;31:*.zst=01;31:*.tzst=01;31:*.bz2=01;31:*.bz=01;31:*.tbz=01;31:*.tbz2=01;31:*.tz=01;31:*.deb=01;31:*.rpm=01;31:*.jar=01;31:*.war=01;31:*.ear=01;31:*.sar=01;31:*.rar=01;31:*.alz=01;31:*.ace=01;31:*.zoo=01;31:*.cpio=01;31:*.7z=01;31:*.rz=01;31:*.cab=01;31:*.wim=01;31:*.swm=01;31:*.dwm=01;31:*.esd=01;31:*.avif=01;35:*.jpg=01;35:*.jpeg=01;35:*.mjpg=01;35:*.mjpeg=01;35:*.gif=01;35:*.bmp=01;35:*.pbm=01;35:*.pgm=01;35:*.ppm=01;35:*.tga=01;35:*.xbm=01;35:*.xpm=01;35:*.tif=01;35:*.tiff=01;35:*.png=01;35:*.svg=01;35:*.svgz=01;35:*.mng=01;35:*.pcx=01;35:*.mov=01;35:*.mpg=01;35:*.mpeg=01;35:*.m2v=01;35:*.mkv=01;35:*.webm=01;35:*.webp=01;35:*.ogm=01;35:*.mp4=01;35:*.m4v=01;35:*.mp4v=01;35:*.vob=01;35:*.qt=01;35:*.nuv=01;35:*.wmv=01;35:*.asf=01;35:*.rm=01;35:*.rmvb=01;35:*.flc=01;35:*.avi=01;35:*.fli=01;35:*.flv=01;35:*.gl=01;35:*.dl=01;35:*.xcf=01;35:*.xwd=01;35:*.yuv=01;35:*.cgm=01;35:*.emf=01;35:*.ogv=01;35:*.ogx=01;35:*.aac=00;36:*.au=00;36:*.flac=00;36:*.m4a=00;36:*.mid=00;36:*.midi=00;36:*.mka=00;36:*.mp3=00;36:*.mpc=00;36:*.ogg=00;36:*.ra=00;36:*.wav=00;36:*.oga=00;36:*.opus=00;36:*.spx=00;36:*.xspf=00;36:*~=00;90:*#=00;90:*.bak=00;90:*.crdownload=00;90:*.dpkg-dist=00;90:*.dpkg-new=00;90:*.dpkg-old=00;90:*.dpkg-tmp=00;90:*.old=00;90:*.orig=00;90:*.part=00;90:*.rej=00;90:*.rpmnew=00;90:*.rpmorig=00;90:*.rpmsave=00;90:*.swp=00;90:*.tmp=00;90:*.ucf-dist=00;90:*.ucf-new=00;90:*.ucf-old=00;90:', 'GNOME_TERMINAL_SERVICE': ':1.400', 'SSH_AUTH_SOCK': '/run/user/1000/keyring/ssh', 'ROS_DOMAIN_ID': '100', 'AMENT_PREFIX_PATH': '/opt/ros/jazzy', 'SHELL': '/bin/bash', 'QT_ACCESSIBILITY': '1', 'GDMSESSION': 'ubuntu', 'LESSCLOSE': '/usr/bin/lesspipe %s %s', 'GPG_AGENT_INFO': '/run/user/1000/gnupg/S.gpg-agent:0:1', 'VIRTUAL_ENV': '/home/sachin/.ros2_venv', 'ROS_AUTOMATIC_DISCOVERY_RANGE': 'SUBNET', 'QT_IM_MODULE': 'ibus', 'PWD': '/home/sachin/rosbot-wifi-heatmap-sim/build/rosbot_interfaces', 'LC_ALL': 'en_US.UTF-8', 'XDG_CONFIG_DIRS': '/etc/xdg/xdg-ubuntu:/etc/xdg', 'XDG_DATA_DIRS': '/usr/share/ubuntu:/usr/share/gnome:/usr/local/share/:/usr/share/:/var/lib/snapd/desktop', 'PYTHONPATH': '/opt/ros/jazzy/lib/python3.12/site-packages', 'COLCON': '1', 'MEMORY_PRESSURE_WRITE': 'c29tZSAyMDAwMDAgMjAwMDAwMAA=', 'VTE_VERSION': '7600', 'CMAKE_PREFIX_PATH': '/opt/ros/jazzy/opt/gz_sim_vendor:/opt/ros/jazzy/opt/gz_sensors_vendor:/opt/ros/jazzy/opt/gz_physics_vendor:/opt/ros/jazzy/opt/sdformat_vendor:/opt/ros/jazzy/opt/gz_gui_vendor:/opt/ros/jazzy/opt/gz_transport_vendor:/opt/ros/jazzy/opt/gz_rendering_vendor:/opt/ros/jazzy/opt/gz_plugin_vendor:/opt/ros/jazzy/opt/gz_fuel_tools_vendor:/opt/ros/jazzy/opt/gz_msgs_vendor:/opt/ros/jazzy/opt/gz_common_vendor:/opt/ros/jazzy/opt/gz_math_vendor:/opt/ros/jazzy/opt/gz_utils_vendor:/opt/ros/jazzy/opt/gz_tools_vendor:/opt/ros/jazzy/opt/gz_ogre_next_vendor:/opt/ros/jazzy/opt/gz_dartsim_vendor:/opt/ros/jazzy/opt/gz_cmake_vendor:/opt/ros/jazzy'}), 'shell': False}
[0.300029] (-) TimerEvent: {}
[0.304114] (rosbot_interfaces) StdoutLine: {'line': b'-- Install configuration: ""\n'}
[0.304310] (rosbot_interfaces) StdoutLine: {'line': b'-- Up-to-date: /home/sachin/rosbot-wifi-heatmap-sim/install/rosbot_interfaces/share/ament_index/resource_index/rosidl_interfaces/rosbot_interfaces\n'}
[0.304405] (rosbot_interfaces) StdoutLine: {'line': b'-- Up-to-date: /home/sachin/rosbot-wifi-heatmap-sim/install/rosbot_interfaces/share/rosbot_interfaces/msg/RssiAtWaypoint.json\n'}
[0.304506] (rosbot_interfaces) StdoutLine: {'line': b'-- Up-to-date: /home/sachin/rosbot-wifi-heatmap-sim/install/rosbot_interfaces/include/rosbot_interfaces/rosbot_interfaces\n'}
[0.304585] (rosbot_interfaces) StdoutLine: {'line': b'-- Up-to-date: /home/sachin/rosbot-wifi-heatmap-sim/install/rosbot_interfaces/include/rosbot_interfaces/rosbot_interfaces/msg\n'}
[0.304679] (rosbot_interfaces) StdoutLine: {'line': b'-- Up-to-date: /home/sachin/rosbot-wifi-heatmap-sim/install/rosbot_interfaces/include/rosbot_interfaces/rosbot_interfaces/msg/detail\n'}
[0.304797] (rosbot_interfaces) StdoutLine: {'line': b'-- Up-to-date: /home/sachin/rosbot-wifi-heatmap-sim/install/rosbot_interfaces/include/rosbot_interfaces/rosbot_interfaces/msg/detail/rssi_at_waypoint__struct.h\n'}
[0.304874] (rosbot_interfaces) StdoutLine: {'line': b'-- Up-to-date: /home/sachin/rosbot-wifi-heatmap-sim/install/rosbot_interfaces/include/rosbot_interfaces/rosbot_interfaces/msg/detail/rssi_at_waypoint__type_support.c\n'}
[0.304964] (rosbot_interfaces) StdoutLine: {'line': b'-- Up-to-date: /home/sachin/rosbot-wifi-heatmap-sim/install/rosbot_interfaces/include/rosbot_interfaces/rosbot_interfaces/msg/detail/rssi_at_waypoint__description.c\n'}
[0.305043] (rosbot_interfaces) StdoutLine: {'line': b'-- Up-to-date: /home/sachin/rosbot-wifi-heatmap-sim/install/rosbot_interfaces/include/rosbot_interfaces/rosbot_interfaces/msg/detail/rssi_at_waypoint__functions.h\n'}
[0.305120] (rosbot_interfaces) StdoutLine: {'line': b'-- Up-to-date: /home/sachin/rosbot-wifi-heatmap-sim/install/rosbot_interfaces/include/rosbot_interfaces/rosbot_interfaces/msg/detail/rssi_at_waypoint__functions.c\n'}
[0.305195] (rosbot_interfaces) StdoutLine: {'line': b'-- Up-to-date: /home/sachin/rosbot-wifi-heatmap-sim/install/rosbot_interfaces/include/rosbot_interfaces/rosbot_interfaces/msg/detail/rssi_at_waypoint__type_support.h\n'}
[0.305290] (rosbot_interfaces) StdoutLine: {'line': b'-- Up-to-date: /home/sachin/rosbot-wifi-heatmap-sim/install/rosbot_interfaces/include/rosbot_interfaces/rosbot_interfaces/msg/rssi_at_waypoint.h\n'}
[0.305378] (rosbot_interfaces) StdoutLine: {'line': b'-- Up-to-date: /home/sachin/rosbot-wifi-heatmap-sim/install/rosbot_interfaces/include/rosbot_interfaces/rosbot_interfaces/msg/rosidl_generator_c__visibility_control.h\n'}
[0.305446] (rosbot_interfaces) StdoutLine: {'line': b'-- Up-to-date: /home/sachin/rosbot-wifi-heatmap-sim/install/rosbot_interfaces/share/rosbot_interfaces/environment/library_path.sh\n'}
[0.305521] (rosbot_interfaces) StdoutLine: {'line': b'-- Up-to-date: /home/sachin/rosbot-wifi-heatmap-sim/install/rosbot_interfaces/share/rosbot_interfaces/environment/library_path.dsv\n'}
[0.305614] (rosbot_interfaces) StdoutLine: {'line': b'-- Up-to-date: /home/sachin/rosbot-wifi-heatmap-sim/install/rosbot_interfaces/lib/librosbot_interfaces__rosidl_generator_c.so\n'}
[0.305680] (rosbot_interfaces) StdoutLine: {'line': b'-- Up-to-date: /home/sachin/rosbot-wifi-heatmap-sim/install/rosbot_interfaces/include/rosbot_interfaces/rosbot_interfaces\n'}
[0.305759] (rosbot_interfaces) StdoutLine: {'line': b'-- Up-to-date: /home/sachin/rosbot-wifi-heatmap-sim/install/rosbot_interfaces/include/rosbot_interfaces/rosbot_interfaces/msg\n'}
[0.305832] (rosbot_interfaces) StdoutLine: {'line': b'-- Up-to-date: /home/sachin/rosbot-wifi-heatmap-sim/install/rosbot_interfaces/include/rosbot_interfaces/rosbot_interfaces/msg/detail\n'}
[0.305934] (rosbot_interfaces) StdoutLine: {'line': b'-- Up-to-date: /home/sachin/rosbot-wifi-heatmap-sim/install/rosbot_interfaces/include/rosbot_interfaces/rosbot_interfaces/msg/detail/rssi_at_waypoint__rosidl_typesupport_fastrtps_c.h\n'}
[0.306028] (rosbot_interfaces) StdoutLine: {'line': b'-- Up-to-date: /home/sachin/rosbot-wifi-heatmap-sim/install/rosbot_interfaces/include/rosbot_interfaces/rosbot_interfaces/msg/rosidl_typesupport_fastrtps_c__visibility_control.h\n'}
[0.306098] (rosbot_interfaces) StdoutLine: {'line': b'-- Up-to-date: /home/sachin/rosbot-wifi-heatmap-sim/install/rosbot_interfaces/lib/librosbot_interfaces__rosidl_typesupport_fastrtps_c.so\n'}
[0.306165] (rosbot_interfaces) StdoutLine: {'line': b'-- Up-to-date: /home/sachin/rosbot-wifi-heatmap-sim/install/rosbot_interfaces/include/rosbot_interfaces/rosbot_interfaces\n'}
[0.306232] (rosbot_interfaces) StdoutLine: {'line': b'-- Up-to-date: /home/sachin/rosbot-wifi-heatmap-sim/install/rosbot_interfaces/include/rosbot_interfaces/rosbot_interfaces/msg\n'}
[0.306299] (rosbot_interfaces) StdoutLine: {'line': b'-- Up-to-date: /home/sachin/rosbot-wifi-heatmap-sim/install/rosbot_interfaces/include/rosbot_interfaces/rosbot_interfaces/msg/detail\n'}
[0.306375] (rosbot_interfaces) StdoutLine: {'line': b'-- Up-to-date: /home/sachin/rosbot-wifi-heatmap-sim/install/rosbot_interfaces/include/rosbot_interfaces/rosbot_interfaces/msg/detail/rssi_at_waypoint__struct.hpp\n'}
[0.306444] (rosbot_interfaces) StdoutLine: {'line': b'-- Up-to-date: /home/sachin/rosbot-wifi-heatmap-sim/install/rosbot_interfaces/include/rosbot_interfaces/rosbot_interfaces/msg/detail/rssi_at_waypoint__traits.hpp\n'}
[0.306513] (rosbot_interfaces) StdoutLine: {'line': b'-- Up-to-date: /home/sachin/rosbot-wifi-heatmap-sim/install/rosbot_interfaces/include/rosbot_interfaces/rosbot_interfaces/msg/detail/rssi_at_waypoint__builder.hpp\n'}
[0.306580] (rosbot_interfaces) StdoutLine: {'line': b'-- Up-to-date: /home/sachin/rosbot-wifi-heatmap-sim/install/rosbot_interfaces/include/rosbot_interfaces/rosbot_interfaces/msg/detail/rssi_at_waypoint__type_support.hpp\n'}
[0.306649] (rosbot_interfaces) StdoutLine: {'line': b'-- Up-to-date: /home/sachin/rosbot-wifi-heatmap-sim/install/rosbot_interfaces/include/rosbot_interfaces/rosbot_interfaces/msg/rssi_at_waypoint.hpp\n'}
[0.306718] (rosbot_interfaces) StdoutLine: {'line': b'-- Up-to-date: /home/sachin/rosbot-wifi-heatmap-sim/install/rosbot_interfaces/include/rosbot_interfaces/rosbot_interfaces/msg/rosidl_generator_cpp__visibility_control.hpp\n'}
[0.306787] (rosbot_interfaces) StdoutLine: {'line': b'-- Up-to-date: /home/sachin/rosbot-wifi-heatmap-sim/install/rosbot_interfaces/include/rosbot_interfaces/rosbot_interfaces\n'}
[0.306861] (rosbot_interfaces) StdoutLine: {'line': b'-- Up-to-date: /home/sachin/rosbot-wifi-heatmap-sim/install/rosbot_interfaces/include/rosbot_interfaces/rosbot_interfaces/msg\n'}
[0.306928] (rosbot_interfaces) StdoutLine: {'line': b'-- Up-to-date: /home/sachin/rosbot-wifi-heatmap-sim/install/rosbot_interfaces/include/rosbot_interfaces/rosbot_interfaces/msg/detail\n'}
[0.306998] (rosbot_interfaces) StdoutLine: {'line': b'-- Up-to-date: /home/sachin/rosbot-wifi-heatmap-sim/install/rosbot_interfaces/include/rosbot_interfaces/rosbot_interfaces/msg/detail/dds_fastrtps\n'}
[0.307065] (rosbot_interfaces) StdoutLine: {'line': b'-- Up-to-date: /home/sachin/rosbot-wifi-heatmap-sim/install/rosbot_interfaces/include/rosbot_interfaces/rosbot_interfaces/msg/detail/rssi_at_waypoint__rosidl_typesupport_fastrtps_cpp.hpp\n'}
[0.307133] (rosbot_interfaces) StdoutLine: {'line': b'-- Up-to-date: /home/sachin/rosbot-wifi-heatmap-sim/install/rosbot_interfaces/include/rosbot_interfaces/rosbot_interfaces/msg/rosidl_typesupport_fastrtps_cpp__visibility_control.h\n'}
[0.307200] (rosbot_interfaces) StdoutLine: {'line': b'-- Up-to-date: /home/sachin/rosbot-wifi-heatmap-sim/install/rosbot_interfaces/lib/librosbot_interfaces__rosidl_typesupport_fastrtps_cpp.so\n'}
[0.307266] (rosbot_interfaces) StdoutLine: {'line': b'-- Up-to-date: /home/sachin/rosbot-wifi-heatmap-sim/install/rosbot_interfaces/include/rosbot_interfaces/rosbot_interfaces\n'}
[0.307341] (rosbot_interfaces) StdoutLine: {'line': b'-- Up-to-date: /home/sachin/rosbot-wifi-heatmap-sim/install/rosbot_interfaces/include/rosbot_interfaces/rosbot_interfaces/msg\n'}
[0.307408] (rosbot_interfaces) StdoutLine: {'line': b'-- Up-to-date: /home/sachin/rosbot-wifi-heatmap-sim/install/rosbot_interfaces/include/rosbot_interfaces/rosbot_interfaces/msg/rosidl_typesupport_introspection_c__visibility_control.h\n'}
[0.307477] (rosbot_interfaces) StdoutLine: {'line': b'-- Up-to-date: /home/sachin/rosbot-wifi-heatmap-sim/install/rosbot_interfaces/include/rosbot_interfaces/rosbot_interfaces/msg/detail\n'}
[0.307543] (rosbot_interfaces) StdoutLine: {'line': b'-- Up-to-date: /home/sachin/rosbot-wifi-heatmap-sim/install/rosbot_interfaces/include/rosbot_interfaces/rosbot_interfaces/msg/detail/rssi_at_waypoint__type_support.c\n'}
[0.307610] (rosbot_interfaces) StdoutLine: {'line': b'-- Up-to-date: /home/sachin/rosbot-wifi-heatmap-sim/install/rosbot_interfaces/include/rosbot_interfaces/rosbot_interfaces/msg/detail/rssi_at_waypoint__rosidl_typesupport_introspection_c.h\n'}
[0.307678] (rosbot_interfaces) StdoutLine: {'line': b'-- Up-to-date: /home/sachin/rosbot-wifi-heatmap-sim/install/rosbot_interfaces/lib/librosbot_interfaces__rosidl_typesupport_introspection_c.so\n'}
[0.307748] (rosbot_interfaces) StdoutLine: {'line': b'-- Up-to-date: /home/sachin/rosbot-wifi-heatmap-sim/install/rosbot_interfaces/lib/librosbot_interfaces__rosidl_typesupport_c.so\n'}
[0.307823] (rosbot_interfaces) StdoutLine: {'line': b'-- Up-to-date: /home/sachin/rosbot-wifi-heatmap-sim/install/rosbot_interfaces/include/rosbot_interfaces/rosbot_interfaces\n'}
[0.307889] (rosbot_interfaces) StdoutLine: {'line': b'-- Up-to-date: /home/sachin/rosbot-wifi-heatmap-sim/install/rosbot_interfaces/include/rosbot_interfaces/rosbot_interfaces/msg\n'}
[0.307958] (rosbot_interfaces) StdoutLine: {'line': b'-- Up-to-date: /home/sachin/rosbot-wifi-heatmap-sim/install/rosbot_interfaces/include/rosbot_interfaces/rosbot_interfaces/msg/detail\n'}
[0.308025] (rosbot_interfaces) StdoutLine: {'line': b'-- Up-to-date: /home/sachin/rosbot-wifi-heatmap-sim/install/rosbot_interfaces/include/rosbot_interfaces/rosbot_interfaces/msg/detail/rssi_at_waypoint__type_support.cpp\n'}
[0.308094] (rosbot_interfaces) StdoutLine: {'line': b'-- Up-to-date: /home/sachin/rosbot-wifi-heatmap-sim/install/rosbot_interfaces/include/rosbot_interfaces/rosbot_interfaces/msg/detail/rssi_at_waypoint__rosidl_typesupport_introspection_cpp.hpp\n'}
[0.308164] (rosbot_interfaces) StdoutLine: {'line': b'-- Up-to-date: /home/sachin/rosbot-wifi-heatmap-sim/install/rosbot_interfaces/lib/librosbot_interfaces__rosidl_typesupport_introspection_cpp.so\n'}
[0.308236] (rosbot_interfaces) StdoutLine: {'line': b'-- Up-to-date: /home/sachin/rosbot-wifi-heatmap-sim/install/rosbot_interfaces/lib/librosbot_interfaces__rosidl_typesupport_cpp.so\n'}
[0.308308] (rosbot_interfaces) StdoutLine: {'line': b'-- Up-to-date: /home/sachin/rosbot-wifi-heatmap-sim/install/rosbot_interfaces/share/rosbot_interfaces/environment/pythonpath.sh\n'}
[0.308378] (rosbot_interfaces) StdoutLine: {'line': b'-- Up-to-date: /home/sachin/rosbot-wifi-heatmap-sim/install/rosbot_interfaces/share/rosbot_interfaces/environment/pythonpath.dsv\n'}
[0.308442] (rosbot_interfaces) StdoutLine: {'line': b'-- Up-to-date: /home/sachin/rosbot-wifi-heatmap-sim/install/rosbot_interfaces/lib/python3.12/site-packages/rosbot_interfaces-1.0.0-py3.12.egg-info\n'}
[0.308506] (rosbot_interfaces) StdoutLine: {'line': b'-- Installing: /home/sachin/rosbot-wifi-heatmap-sim/install/rosbot_interfaces/lib/python3.12/site-packages/rosbot_interfaces-1.0.0-py3.12.egg-info/PKG-INFO\n'}
[0.308572] (rosbot_interfaces) StdoutLine: {'line': b'-- Installing: /home/sachin/rosbot-wifi-heatmap-sim/install/rosbot_interfaces/lib/python3.12/site-packages/rosbot_interfaces-1.0.0-py3.12.egg-info/dependency_links.txt\n'}
[0.308636] (rosbot_interfaces) StdoutLine: {'line': b'-- Installing: /home/sachin/rosbot-wifi-heatmap-sim/install/rosbot_interfaces/lib/python3.12/site-packages/rosbot_interfaces-1.0.0-py3.12.egg-info/SOURCES.txt\n'}
[0.308699] (rosbot_interfaces) StdoutLine: {'line': b'-- Installing: /home/sachin/rosbot-wifi-heatmap-sim/install/rosbot_interfaces/lib/python3.12/site-packages/rosbot_interfaces-1.0.0-py3.12.egg-info/top_level.txt\n'}
[0.308766] (rosbot_interfaces) StdoutLine: {'line': b'-- Up-to-date: /home/sachin/rosbot-wifi-heatmap-sim/install/rosbot_interfaces/lib/python3.12/site-packages/rosbot_interfaces\n'}
[0.308828] (rosbot_interfaces) StdoutLine: {'line': b'-- Up-to-date: /home/sachin/rosbot-wifi-heatmap-sim/install/rosbot_interfaces/lib/python3.12/site-packages/rosbot_interfaces/rosbot_interfaces_s__rosidl_typesupport_fastrtps_c.so\n'}
[0.308892] (rosbot_interfaces) StdoutLine: {'line': b'-- Up-to-date: /home/sachin/rosbot-wifi-heatmap-sim/install/rosbot_interfaces/lib/python3.12/site-packages/rosbot_interfaces/rosbot_interfaces_s__rosidl_typesupport_introspection_c.so\n'}
[0.308953] (rosbot_interfaces) StdoutLine: {'line': b'-- Up-to-date: /home/sachin/rosbot-wifi-heatmap-sim/install/rosbot_interfaces/lib/python3.12/site-packages/rosbot_interfaces/_rosbot_interfaces_s.ep.rosidl_typesupport_c.c\n'}
[0.309014] (rosbot_interfaces) StdoutLine: {'line': b'-- Up-to-date: /home/sachin/rosbot-wifi-heatmap-sim/install/rosbot_interfaces/lib/python3.12/site-packages/rosbot_interfaces/__init__.py\n'}
[0.309076] (rosbot_interfaces) StdoutLine: {'line': b'-- Up-to-date: /home/sachin/rosbot-wifi-heatmap-sim/install/rosbot_interfaces/lib/python3.12/site-packages/rosbot_interfaces/rosbot_interfaces_s__rosidl_typesupport_c.so\n'}
[0.309136] (rosbot_interfaces) StdoutLine: {'line': b'-- Up-to-date: /home/sachin/rosbot-wifi-heatmap-sim/install/rosbot_interfaces/lib/python3.12/site-packages/rosbot_interfaces/_rosbot_interfaces_s.ep.rosidl_typesupport_fastrtps_c.c\n'}
[0.309194] (rosbot_interfaces) StdoutLine: {'line': b'-- Up-to-date: /home/sachin/rosbot-wifi-heatmap-sim/install/rosbot_interfaces/lib/python3.12/site-packages/rosbot_interfaces/msg\n'}
[0.309251] (rosbot_interfaces) StdoutLine: {'line': b'-- Up-to-date: /home/sachin/rosbot-wifi-heatmap-sim/install/rosbot_interfaces/lib/python3.12/site-packages/rosbot_interfaces/msg/_rssi_at_waypoint.py\n'}
[0.309316] (rosbot_interfaces) StdoutLine: {'line': b'-- Up-to-date: /home/sachin/rosbot-wifi-heatmap-sim/install/rosbot_interfaces/lib/python3.12/site-packages/rosbot_interfaces/msg/_rssi_at_waypoint_s.c\n'}
[0.309380] (rosbot_interfaces) StdoutLine: {'line': b'-- Up-to-date: /home/sachin/rosbot-wifi-heatmap-sim/install/rosbot_interfaces/lib/python3.12/site-packages/rosbot_interfaces/msg/__init__.py\n'}
[0.309446] (rosbot_interfaces) StdoutLine: {'line': b'-- Up-to-date: /home/sachin/rosbot-wifi-heatmap-sim/install/rosbot_interfaces/lib/python3.12/site-packages/rosbot_interfaces/_rosbot_interfaces_s.ep.rosidl_typesupport_introspection_c.c\n'}
[0.331189] (rosbot_interfaces) StdoutLine: {'line': b"Listing '/home/sachin/rosbot-wifi-heatmap-sim/install/rosbot_interfaces/lib/python3.12/site-packages/rosbot_interfaces'...\n"}
[0.331391] (rosbot_interfaces) StdoutLine: {'line': b"Listing '/home/sachin/rosbot-wifi-heatmap-sim/install/rosbot_interfaces/lib/python3.12/site-packages/rosbot_interfaces/msg'...\n"}
[0.335051] (rosbot_interfaces) StdoutLine: {'line': b'-- Up-to-date: /home/sachin/rosbot-wifi-heatmap-sim/install/rosbot_interfaces/lib/python3.12/site-packages/rosbot_interfaces/rosbot_interfaces_s__rosidl_typesupport_fastrtps_c.so\n'}
[0.335294] (rosbot_interfaces) StdoutLine: {'line': b'-- Up-to-date: /home/sachin/rosbot-wifi-heatmap-sim/install/rosbot_interfaces/lib/python3.12/site-packages/rosbot_interfaces/rosbot_interfaces_s__rosidl_typesupport_introspection_c.so\n'}
[0.335471] (rosbot_interfaces) StdoutLine: {'line': b'-- Up-to-date: /home/sachin/rosbot-wifi-heatmap-sim/install/rosbot_interfaces/lib/python3.12/site-packages/rosbot_interfaces/rosbot_interfaces_s__rosidl_typesupport_c.so\n'}
[0.335581] (rosbot_interfaces) StdoutLine: {'line': b'-- Up-to-date: /home/sachin/rosbot-wifi-heatmap-sim/install/rosbot_interfaces/lib/librosbot_interfaces__rosidl_generator_py.so\n'}
[0.335648] (rosbot_interfaces) StdoutLine: {'line': b'-- Up-to-date: /home/sachin/rosbot-wifi-heatmap-sim/install/rosbot_interfaces/share/ament_index/resource_index/rust_packages/rosbot_interfaces\n'}
[0.335691] (rosbot_interfaces) StdoutLine: {'line': b'-- Up-to-date: /home/sachin/rosbot-wifi-heatmap-sim/install/rosbot_interfaces/share/rosbot_interfaces/rust\n'}
[0.335753] (rosbot_interfaces) StdoutLine: {'line': b'-- Up-to-date: /home/sachin/rosbot-wifi-heatmap-sim/install/rosbot_interfaces/share/rosbot_interfaces/rust/Cargo.toml\n'}
[0.335792] (rosbot_interfaces) StdoutLine: {'line': b'-- Up-to-date: /home/sachin/rosbot-wifi-heatmap-sim/install/rosbot_interfaces/share/rosbot_interfaces/rust/src\n'}
[0.335828] (rosbot_interfaces) StdoutLine: {'line': b'-- Up-to-date: /home/sachin/rosbot-wifi-heatmap-sim/install/rosbot_interfaces/share/rosbot_interfaces/rust/src/lib.rs\n'}
[0.335865] (rosbot_interfaces) StdoutLine: {'line': b'-- Up-to-date: /home/sachin/rosbot-wifi-heatmap-sim/install/rosbot_interfaces/share/rosbot_interfaces/rust/src/msg\n'}
[0.335902] (rosbot_interfaces) StdoutLine: {'line': b'-- Up-to-date: /home/sachin/rosbot-wifi-heatmap-sim/install/rosbot_interfaces/share/rosbot_interfaces/rust/src/msg/rmw.rs\n'}
[0.335968] (rosbot_interfaces) StdoutLine: {'line': b'-- Up-to-date: /home/sachin/rosbot-wifi-heatmap-sim/install/rosbot_interfaces/share/rosbot_interfaces/rust/src/msg.rs\n'}
[0.336039] (rosbot_interfaces) StdoutLine: {'line': b'-- Up-to-date: /home/sachin/rosbot-wifi-heatmap-sim/install/rosbot_interfaces/share/rosbot_interfaces/rust/build.rs\n'}
[0.336079] (rosbot_interfaces) StdoutLine: {'line': b'-- Up-to-date: /home/sachin/rosbot-wifi-heatmap-sim/install/rosbot_interfaces/share/rosbot_interfaces/msg/RssiAtWaypoint.idl\n'}
[0.336126] (rosbot_interfaces) StdoutLine: {'line': b'-- Up-to-date: /home/sachin/rosbot-wifi-heatmap-sim/install/rosbot_interfaces/share/rosbot_interfaces/msg/RssiAtWaypoint.msg\n'}
[0.336160] (rosbot_interfaces) StdoutLine: {'line': b'-- Up-to-date: /home/sachin/rosbot-wifi-heatmap-sim/install/rosbot_interfaces/share/ament_index/resource_index/package_run_dependencies/rosbot_interfaces\n'}
[0.336193] (rosbot_interfaces) StdoutLine: {'line': b'-- Up-to-date: /home/sachin/rosbot-wifi-heatmap-sim/install/rosbot_interfaces/share/ament_index/resource_index/parent_prefix_path/rosbot_interfaces\n'}
[0.336230] (rosbot_interfaces) StdoutLine: {'line': b'-- Up-to-date: /home/sachin/rosbot-wifi-heatmap-sim/install/rosbot_interfaces/share/rosbot_interfaces/environment/ament_prefix_path.sh\n'}
[0.336276] (rosbot_interfaces) StdoutLine: {'line': b'-- Up-to-date: /home/sachin/rosbot-wifi-heatmap-sim/install/rosbot_interfaces/share/rosbot_interfaces/environment/ament_prefix_path.dsv\n'}
[0.336316] (rosbot_interfaces) StdoutLine: {'line': b'-- Up-to-date: /home/sachin/rosbot-wifi-heatmap-sim/install/rosbot_interfaces/share/rosbot_interfaces/environment/path.sh\n'}
[0.336353] (rosbot_interfaces) StdoutLine: {'line': b'-- Up-to-date: /home/sachin/rosbot-wifi-heatmap-sim/install/rosbot_interfaces/share/rosbot_interfaces/environment/path.dsv\n'}
[0.336389] (rosbot_interfaces) StdoutLine: {'line': b'-- Up-to-date: /home/sachin/rosbot-wifi-heatmap-sim/install/rosbot_interfaces/share/rosbot_interfaces/local_setup.bash\n'}
[0.336423] (rosbot_interfaces) StdoutLine: {'line': b'-- Up-to-date: /home/sachin/rosbot-wifi-heatmap-sim/install/rosbot_interfaces/share/rosbot_interfaces/local_setup.sh\n'}
[0.336458] (rosbot_interfaces) StdoutLine: {'line': b'-- Up-to-date: /home/sachin/rosbot-wifi-heatmap-sim/install/rosbot_interfaces/share/rosbot_interfaces/local_setup.zsh\n'}
[0.336493] (rosbot_interfaces) StdoutLine: {'line': b'-- Up-to-date: /home/sachin/rosbot-wifi-heatmap-sim/install/rosbot_interfaces/share/rosbot_interfaces/local_setup.dsv\n'}
[0.336528] (rosbot_interfaces) StdoutLine: {'line': b'-- Installing: /home/sachin/rosbot-wifi-heatmap-sim/install/rosbot_interfaces/share/rosbot_interfaces/package.dsv\n'}
[0.336563] (rosbot_interfaces) StdoutLine: {'line': b'-- Up-to-date: /home/sachin/rosbot-wifi-heatmap-sim/install/rosbot_interfaces/share/ament_index/resource_index/packages/rosbot_interfaces\n'}
[0.336616] (rosbot_interfaces) StdoutLine: {'line': b'-- Up-to-date: /home/sachin/rosbot-wifi-heatmap-sim/install/rosbot_interfaces/share/rosbot_interfaces/cmake/export_rosbot_interfaces__rosidl_generator_cExport.cmake\n'}
[0.336687] (rosbot_interfaces) StdoutLine: {'line': b'-- Up-to-date: /home/sachin/rosbot-wifi-heatmap-sim/install/rosbot_interfaces/share/rosbot_interfaces/cmake/export_rosbot_interfaces__rosidl_generator_cExport-noconfig.cmake\n'}
[0.336733] (rosbot_interfaces) StdoutLine: {'line': b'-- Up-to-date: /home/sachin/rosbot-wifi-heatmap-sim/install/rosbot_interfaces/share/rosbot_interfaces/cmake/export_rosbot_interfaces__rosidl_typesupport_fastrtps_cExport.cmake\n'}
[0.336771] (rosbot_interfaces) StdoutLine: {'line': b'-- Up-to-date: /home/sachin/rosbot-wifi-heatmap-sim/install/rosbot_interfaces/share/rosbot_interfaces/cmake/export_rosbot_interfaces__rosidl_typesupport_fastrtps_cExport-noconfig.cmake\n'}
[0.336808] (rosbot_interfaces) StdoutLine: {'line': b'-- Up-to-date: /home/sachin/rosbot-wifi-heatmap-sim/install/rosbot_interfaces/share/rosbot_interfaces/cmake/export_rosbot_interfaces__rosidl_generator_cppExport.cmake\n'}
[0.336844] (rosbot_interfaces) StdoutLine: {'line': b'-- Up-to-date: /home/sachin/rosbot-wifi-heatmap-sim/install/rosbot_interfaces/share/rosbot_interfaces/cmake/export_rosbot_interfaces__rosidl_typesupport_fastrtps_cppExport.cmake\n'}
[0.336879] (rosbot_interfaces) StdoutLine: {'line': b'-- Up-to-date: /home/sachin/rosbot-wifi-heatmap-sim/install/rosbot_interfaces/share/rosbot_interfaces/cmake/export_rosbot_interfaces__rosidl_typesupport_fastrtps_cppExport-noconfig.cmake\n'}
[0.336915] (rosbot_interfaces) StdoutLine: {'line': b'-- Up-to-date: /home/sachin/rosbot-wifi-heatmap-sim/install/rosbot_interfaces/share/rosbot_interfaces/cmake/rosbot_interfaces__rosidl_typesupport_introspection_cExport.cmake\n'}
[0.336964] (rosbot_interfaces) StdoutLine: {'line': b'-- Up-to-date: /home/sachin/rosbot-wifi-heatmap-sim/install/rosbot_interfaces/share/rosbot_interfaces/cmake/rosbot_interfaces__rosidl_typesupport_introspection_cExport-noconfig.cmake\n'}
[0.337000] (rosbot_interfaces) StdoutLine: {'line': b'-- Up-to-date: /home/sachin/rosbot-wifi-heatmap-sim/install/rosbot_interfaces/share/rosbot_interfaces/cmake/rosbot_interfaces__rosidl_typesupport_cExport.cmake\n'}
[0.337056] (rosbot_interfaces) StdoutLine: {'line': b'-- Up-to-date: /home/sachin/rosbot-wifi-heatmap-sim/install/rosbot_interfaces/share/rosbot_interfaces/cmake/rosbot_interfaces__rosidl_typesupport_cExport-noconfig.cmake\n'}
[0.337098] (rosbot_interfaces) StdoutLine: {'line': b'-- Up-to-date: /home/sachin/rosbot-wifi-heatmap-sim/install/rosbot_interfaces/share/rosbot_interfaces/cmake/rosbot_interfaces__rosidl_typesupport_introspection_cppExport.cmake\n'}
[0.337135] (rosbot_interfaces) StdoutLine: {'line': b'-- Up-to-date: /home/sachin/rosbot-wifi-heatmap-sim/install/rosbot_interfaces/share/rosbot_interfaces/cmake/rosbot_interfaces__rosidl_typesupport_introspection_cppExport-noconfig.cmake\n'}
[0.337190] (rosbot_interfaces) StdoutLine: {'line': b'-- Up-to-date: /home/sachin/rosbot-wifi-heatmap-sim/install/rosbot_interfaces/share/rosbot_interfaces/cmake/rosbot_interfaces__rosidl_typesupport_cppExport.cmake\n'}
[0.337229] (rosbot_interfaces) StdoutLine: {'line': b'-- Up-to-date: /home/sachin/rosbot-wifi-heatmap-sim/install/rosbot_interfaces/share/rosbot_interfaces/cmake/rosbot_interfaces__rosidl_typesupport_cppExport-noconfig.cmake\n'}
[0.337285] (rosbot_interfaces) StdoutLine: {'line': b'-- Up-to-date: /home/sachin/rosbot-wifi-heatmap-sim/install/rosbot_interfaces/share/rosbot_interfaces/cmake/export_rosbot_interfaces__rosidl_generator_pyExport.cmake\n'}
[0.337330] (rosbot_interfaces) StdoutLine: {'line': b'-- Up-to-date: /home/sachin/rosbot-wifi-heatmap-sim/install/rosbot_interfaces/share/rosbot_interfaces/cmake/export_rosbot_interfaces__rosidl_generator_pyExport-noconfig.cmake\n'}
[0.337366] (rosbot_interfaces) StdoutLine: {'line': b'-- Up-to-date: /home/sachin/rosbot-wifi-heatmap-sim/install/rosbot_interfaces/share/rosbot_interfaces/cmake/rosidl_cmake-extras.cmake\n'}
[0.337402] (rosbot_interfaces) StdoutLine: {'line': b'-- Up-to-date: /home/sachin/rosbot-wifi-heatmap-sim/install/rosbot_interfaces/share/rosbot_interfaces/cmake/ament_cmake_export_dependencies-extras.cmake\n'}
[0.337439] (rosbot_interfaces) StdoutLine: {'line': b'-- Up-to-date: /home/sachin/rosbot-wifi-heatmap-sim/install/rosbot_interfaces/share/rosbot_interfaces/cmake/ament_cmake_export_include_directories-extras.cmake\n'}
[0.337497] (rosbot_interfaces) StdoutLine: {'line': b'-- Up-to-date: /home/sachin/rosbot-wifi-heatmap-sim/install/rosbot_interfaces/share/rosbot_interfaces/cmake/ament_cmake_export_libraries-extras.cmake\n'}
[0.337537] (rosbot_interfaces) StdoutLine: {'line': b'-- Up-to-date: /home/sachin/rosbot-wifi-heatmap-sim/install/rosbot_interfaces/share/rosbot_interfaces/cmake/ament_cmake_export_targets-extras.cmake\n'}
[0.337575] (rosbot_interfaces) StdoutLine: {'line': b'-- Up-to-date: /home/sachin/rosbot-wifi-heatmap-sim/install/rosbot_interfaces/share/rosbot_interfaces/cmake/rosidl_cmake_export_typesupport_targets-extras.cmake\n'}
[0.337634] (rosbot_interfaces) StdoutLine: {'line': b'-- Up-to-date: /home/sachin/rosbot-wifi-heatmap-sim/install/rosbot_interfaces/share/rosbot_interfaces/cmake/rosidl_cmake_export_typesupport_libraries-extras.cmake\n'}
[0.337669] (rosbot_interfaces) StdoutLine: {'line': b'-- Up-to-date: /home/sachin/rosbot-wifi-heatmap-sim/install/rosbot_interfaces/share/rosbot_interfaces/cmake/rosbot_interfacesConfig.cmake\n'}
[0.337705] (rosbot_interfaces) StdoutLine: {'line': b'-- Up-to-date: /home/sachin/rosbot-wifi-heatmap-sim/install/rosbot_interfaces/share/rosbot_interfaces/cmake/rosbot_interfacesConfig-version.cmake\n'}
[0.337739] (rosbot_interfaces) StdoutLine: {'line': b'-- Up-to-date: /home/sachin/rosbot-wifi-heatmap-sim/install/rosbot_interfaces/share/rosbot_interfaces/package.xml\n'}
[0.339071] (rosbot_interfaces) CommandEnded: {'returncode': 0}
[0.354598] (rosbot_interfaces) JobEnded: {'identifier': 'rosbot_interfaces', 'rc': 0}
[0.355132] (nav2_read_rssi_at_waypoint) JobStarted: {'identifier': 'nav2_read_rssi_at_waypoint'}
[0.358259] (rssi_heatmap_generator_package) JobStarted: {'identifier': 'rssi_heatmap_generator_package'}
[0.362421] (nav2_read_rssi_at_waypoint) JobProgress: {'identifier': 'nav2_read_rssi_at_waypoint', 'progress': 'cmake'}
[0.362956] (nav2_read_rssi_at_waypoint) JobProgress: {'identifier': 'nav2_read_rssi_at_waypoint', 'progress': 'build'}
[0.363215] (nav2_read_rssi_at_waypoint) Command: {'cmd': ['/usr/bin/cmake', '--build', '/home/sachin/rosbot-wifi-heatmap-sim/build/nav2_read_rssi_at_waypoint', '--', '-j12', '-l12'], 'cwd': '/home/sachin/rosbot-wifi-heatmap-sim/build/nav2_read_rssi_at_waypoint', 'env': OrderedDict({'LESSOPEN': '| /usr/bin/lesspipe %s', 'GZ_SIM_RESOURCE_PATH': '/home/sachin/gazebo_models', 'USER': 'sachin', 'GZ_CONFIG_PATH': '/opt/ros/jazzy/opt/gz_sim_vendor/share/gz:/opt/ros/jazzy/opt/sdformat_vendor/share/gz:/opt/ros/jazzy/opt/gz_gui_vendor/share/gz:/opt/ros/jazzy/opt/gz_transport_vendor/share/gz:/opt/ros/jazzy/opt/gz_rendering_vendor/share/gz:/opt/ros/jazzy/opt/gz_plugin_vendor/share/gz:/opt/ros/jazzy/opt/gz_fuel_tools_vendor/share/gz:/opt/ros/jazzy/opt/gz_msgs_vendor/share/gz:/opt/ros/jazzy/opt/gz_common_vendor/share/gz', 'XDG_SESSION_TYPE': 'x11', 'CLUTTER_DISABLE_MIPMAPPED_TEXT': '1', 'SHLVL': '1', 'LD_LIBRARY_PATH': '/home/sachin/rosbot-wifi-heatmap-sim/install/rosbot_interfaces/lib:/opt/ros/jazzy/opt/gz_sim_vendor/lib:/opt/ros/jazzy/opt/gz_sensors_vendor/lib:/opt/ros/jazzy/opt/gz_physics_vendor/lib:/opt/ros/jazzy/opt/sdformat_vendor/lib:/opt/ros/jazzy/opt/rviz_ogre_vendor/lib:/opt/ros/jazzy/lib/x86_64-linux-gnu:/opt/ros/jazzy/opt/gz_gui_vendor/lib:/opt/ros/jazzy/opt/gz_transport_vendor/lib:/opt/ros/jazzy/opt/gz_rendering_vendor/lib:/opt/ros/jazzy/opt/gz_plugin_vendor/lib:/opt/ros/jazzy/opt/gz_fuel_tools_vendor/lib:/opt/ros/jazzy/opt/gz_msgs_vendor/lib:/opt/ros/jazzy/opt/gz_common_vendor/lib:/opt/ros/jazzy/opt/gz_math_vendor/lib:/opt/ros/jazzy/opt/gz_utils_vendor/lib:/opt/ros/jazzy/opt/gz_tools_vendor/lib:/opt/ros/jazzy/opt/gz_ogre_next_vendor/lib:/opt/ros/jazzy/opt/gz_dartsim_vendor/lib:/opt/ros/jazzy/opt/gz_cmake_vendor/lib:/opt/ros/jazzy/lib', 'HOME': '/home/sachin', 'DESKTOP_SESSION': 'ubuntu', 'ROS_PYTHON_VERSION': '3', 'GNOME_SHELL_SESSION_MODE': 'ubuntu', 'GTK_MODULES': 'gail:atk-bridge', 'PS1': '(.ros2_venv) \\[\\e]0;\\u@\\h: \\w\\a\\]${debian_chroot:+($debian_chroot)}\\[\\033[01;32m\\]\\u@\\h\\[\\033[00m\\]:\\[\\033[01;34m\\]\\w\\[\\033[00m\\]\\$', 'SYSTEMD_EXEC_PID': '2572', 'GSM_SKIP_SSH_AGENT_WORKAROUND': 'true', 'DBUS_SESSION_BUS_ADDRESS': 'unix:path=/run/user/1000/bus', 'COLORTERM': 'truecolor', 'DEBUGINFOD_URLS': 'https://debuginfod.ubuntu.com', 'ROS_DISTRO': 'jazzy', 'LOGNAME': 'sachin', '_': '/usr/bin/colcon', 'ROS_VERSION': '2', 'PIP_BREAK_SYSTEM_PACKAGES': '1', 'MEMORY_PRESSURE_WATCH': '/sys/fs/cgroup/user.slice/user-1000.slice/user@1000.service/session.slice/org.gnome.Shell@x11.service/memory.pressure', 'XDG_SESSION_CLASS': 'user', 'USERNAME': 'sachin', 'TERM': 'xterm-256color', 'GNOME_DESKTOP_SESSION_ID': 'this-is-deprecated', 'WINDOWPATH': '2', 'PATH': '/home/sachin/.ros2_venv/bin:/opt/ros/jazzy/opt/gz_msgs_vendor/bin:/opt/ros/jazzy/opt/gz_tools_vendor/bin:/opt/ros/jazzy/opt/gz_ogre_next_vendor/bin:/opt/ros/jazzy/bin:/usr/local/sbin:/usr/local/bin:/usr/sbin:/usr/bin:/sbin:/bin:/usr/games:/usr/local/games:/snap/bin:/snap/bin', 'SESSION_MANAGER': 'local/SK:@/tmp/.ICE-unix/2540,unix/SK:/tmp/.ICE-unix/2540', 'XDG_MENU_PREFIX': 'gnome-', 'GNOME_TERMINAL_SCREEN': '/org/gnome/Terminal/screen/7fbb1183_0abe_4898_b799_7b2b27e9835d', 'XDG_RUNTIME_DIR': '/run/user/1000', 'DISPLAY': ':1', 'LANG': 'en_US.UTF-8', 'XDG_CURRENT_DESKTOP': 'ubuntu:GNOME', 'VIRTUAL_ENV_PROMPT': '(.ros2_venv)', 'XMODIFIERS': '@im=ibus', 'XDG_SESSION_DESKTOP': 'ubuntu', 'XAUTHORITY': '/run/user/1000/gdm/Xauthority', 'LS_COLORS': 'rs=0:di=01;34:ln=01;36:mh=00:pi=40;33:so=01;35:do=01;35:bd=40;33;01:cd=40;33;01:or=40;31;01:mi=00:su=37;41:sg=30;43:ca=00:tw=30;42:ow=34;42:st=37;44:ex=01;32:*.tar=01;31:*.tgz=01;31:*.arc=01;31:*.arj=01;31:*.taz=01;31:*.lha=01;31:*.lz4=01;31:*.lzh=01;31:*.lzma=01;31:*.tlz=01;31:*.txz=01;31:*.tzo=01;31:*.t7z=01;31:*.zip=01;31:*.z=01;31:*.dz=01;31:*.gz=01;31:*.lrz=01;31:*.lz=01;31:*.lzo=01;31:*.xz=01;31:*.zst=01;31:*.tzst=01;31:*.bz2=01;31:*.bz=01;31:*.tbz=01;31:*.tbz2=01;31:*.tz=01;31:*.deb=01;31:*.rpm=01;31:*.jar=01;31:*.war=01;31:*.ear=01;31:*.sar=01;31:*.rar=01;31:*.alz=01;31:*.ace=01;31:*.zoo=01;31:*.cpio=01;31:*.7z=01;31:*.rz=01;31:*.cab=01;31:*.wim=01;31:*.swm=01;31:*.dwm=01;31:*.esd=01;31:*.avif=01;35:*.jpg=01;35:*.jpeg=01;35:*.mjpg=01;35:*.mjpeg=01;35:*.gif=01;35:*.bmp=01;35:*.pbm=01;35:*.pgm=01;35:*.ppm=01;35:*.tga=01;35:*.xbm=01;35:*.xpm=01;35:*.tif=01;35:*.tiff=01;35:*.png=01;35:*.svg=01;35:*.svgz=01;35:*.mng=01;35:*.pcx=01;35:*.mov=01;35:*.mpg=01;35:*.mpeg=01;35:*.m2v=01;35:*.mkv=01;35:*.webm=01;35:*.webp=01;35:*.ogm=01;35:*.mp4=01;35:*.m4v=01;35:*.mp4v=01;35:*.vob=01;35:*.qt=01;35:*.nuv=01;35:*.wmv=01;35:*.asf=01;35:*.rm=01;35:*.rmvb=01;35:*.flc=01;35:*.avi=01;35:*.fli=01;35:*.flv=01;35:*.gl=01;35:*.dl=01;35:*.xcf=01;35:*.xwd=01;35:*.yuv=01;35:*.cgm=01;35:*.emf=01;35:*.ogv=01;35:*.ogx=01;35:*.aac=00;36:*.au=00;36:*.flac=00;36:*.m4a=00;36:*.mid=00;36:*.midi=00;36:*.mka=00;36:*.mp3=00;36:*.mpc=00;36:*.ogg=00;36:*.ra=00;36:*.wav=00;36:*.oga=00;36:*.opus=00;36:*.spx=00;36:*.xspf=00;36:*~=00;90:*#=00;90:*.bak=00;90:*.crdownload=00;90:*.dpkg-dist=00;90:*.dpkg-new=00;90:*.dpkg-old=00;90:*.dpkg-tmp=00;90:*.old=00;90:*.orig=00;90:*.part=00;90:*.rej=00;90:*.rpmnew=00;90:*.rpmorig=00;90:*.rpmsave=00;90:*.swp=00;90:*.tmp=00;90:*.ucf-dist=00;90:*.ucf-new=00;90:*.ucf-old=00;90:', 'GNOME_TERMINAL_SERVICE': ':1.400', 'SSH_AUTH_SOCK': '/run/user/1000/keyring/ssh', 'ROS_DOMAIN_ID': '100', 'AMENT_PREFIX_PATH': '/home/sachin/rosbot-wifi-heatmap-sim/install/rosbot_interfaces:/opt/ros/jazzy', 'SHELL': '/bin/bash', 'QT_ACCESSIBILITY': '1', 'GDMSESSION': 'ubuntu', 'LESSCLOSE': '/usr/bin/lesspipe %s %s', 'GPG_AGENT_INFO': '/run/user/1000/gnupg/S.gpg-agent:0:1', 'VIRTUAL_ENV': '/home/sachin/.ros2_venv', 'ROS_AUTOMATIC_DISCOVERY_RANGE': 'SUBNET', 'QT_IM_MODULE': 'ibus', 'PWD': '/home/sachin/rosbot-wifi-heatmap-sim/build/nav2_read_rssi_at_waypoint', 'LC_ALL': 'en_US.UTF-8', 'XDG_CONFIG_DIRS': '/etc/xdg/xdg-ubuntu:/etc/xdg', 'XDG_DATA_DIRS': '/usr/share/ubuntu:/usr/share/gnome:/usr/local/share/:/usr/share/:/var/lib/snapd/desktop', 'PYTHONPATH': '/home/sachin/rosbot-wifi-heatmap-sim/install/rosbot_interfaces/lib/python3.12/site-packages:/opt/ros/jazzy/lib/python3.12/site-packages', 'COLCON': '1', 'MEMORY_PRESSURE_WRITE': 'c29tZSAyMDAwMDAgMjAwMDAwMAA=', 'VTE_VERSION': '7600', 'CMAKE_PREFIX_PATH': '/home/sachin/rosbot-wifi-heatmap-sim/install/rosbot_interfaces:/opt/ros/jazzy/opt/gz_sim_vendor:/opt/ros/jazzy/opt/gz_sensors_vendor:/opt/ros/jazzy/opt/gz_physics_vendor:/opt/ros/jazzy/opt/sdformat_vendor:/opt/ros/jazzy/opt/gz_gui_vendor:/opt/ros/jazzy/opt/gz_transport_vendor:/opt/ros/jazzy/opt/gz_rendering_vendor:/opt/ros/jazzy/opt/gz_plugin_vendor:/opt/ros/jazzy/opt/gz_fuel_tools_vendor:/opt/ros/jazzy/opt/gz_msgs_vendor:/opt/ros/jazzy/opt/gz_common_vendor:/opt/ros/jazzy/opt/gz_math_vendor:/opt/ros/jazzy/opt/gz_utils_vendor:/opt/ros/jazzy/opt/gz_tools_vendor:/opt/ros/jazzy/opt/gz_ogre_next_vendor:/opt/ros/jazzy/opt/gz_dartsim_vendor:/opt/ros/jazzy/opt/gz_cmake_vendor:/opt/ros/jazzy'}), 'shell': False}
[0.400255] (-) TimerEvent: {}
[0.423928] (nav2_read_rssi_at_waypoint) StdoutLine: {'line': b'[100%] Built target nav2_read_rssi_at_waypoint\n'}
[0.500471] (-) TimerEvent: {}
[0.509904] (nav2_read_rssi_at_waypoint) CommandEnded: {'returncode': 0}
[0.510694] (nav2_read_rssi_at_waypoint) JobProgress: {'identifier': 'nav2_read_rssi_at_waypoint', 'progress': 'install'}
[0.510729] (nav2_read_rssi_at_waypoint) Command: {'cmd': ['/usr/bin/cmake', '--install', '/home/sachin/rosbot-wifi-heatmap-sim/build/nav2_read_rssi_at_waypoint'], 'cwd': '/home/sachin/rosbot-wifi-heatmap-sim/build/nav2_read_rssi_at_waypoint', 'env': OrderedDict({'LESSOPEN': '| /usr/bin/lesspipe %s', 'GZ_SIM_RESOURCE_PATH': '/home/sachin/gazebo_models', 'USER': 'sachin', 'GZ_CONFIG_PATH': '/opt/ros/jazzy/opt/gz_sim_vendor/share/gz:/opt/ros/jazzy/opt/sdformat_vendor/share/gz:/opt/ros/jazzy/opt/gz_gui_vendor/share/gz:/opt/ros/jazzy/opt/gz_transport_vendor/share/gz:/opt/ros/jazzy/opt/gz_rendering_vendor/share/gz:/opt/ros/jazzy/opt/gz_plugin_vendor/share/gz:/opt/ros/jazzy/opt/gz_fuel_tools_vendor/share/gz:/opt/ros/jazzy/opt/gz_msgs_vendor/share/gz:/opt/ros/jazzy/opt/gz_common_vendor/share/gz', 'XDG_SESSION_TYPE': 'x11', 'CLUTTER_DISABLE_MIPMAPPED_TEXT': '1', 'SHLVL': '1', 'LD_LIBRARY_PATH': '/home/sachin/rosbot-wifi-heatmap-sim/install/rosbot_interfaces/lib:/opt/ros/jazzy/opt/gz_sim_vendor/lib:/opt/ros/jazzy/opt/gz_sensors_vendor/lib:/opt/ros/jazzy/opt/gz_physics_vendor/lib:/opt/ros/jazzy/opt/sdformat_vendor/lib:/opt/ros/jazzy/opt/rviz_ogre_vendor/lib:/opt/ros/jazzy/lib/x86_64-linux-gnu:/opt/ros/jazzy/opt/gz_gui_vendor/lib:/opt/ros/jazzy/opt/gz_transport_vendor/lib:/opt/ros/jazzy/opt/gz_rendering_vendor/lib:/opt/ros/jazzy/opt/gz_plugin_vendor/lib:/opt/ros/jazzy/opt/gz_fuel_tools_vendor/lib:/opt/ros/jazzy/opt/gz_msgs_vendor/lib:/opt/ros/jazzy/opt/gz_common_vendor/lib:/opt/ros/jazzy/opt/gz_math_vendor/lib:/opt/ros/jazzy/opt/gz_utils_vendor/lib:/opt/ros/jazzy/opt/gz_tools_vendor/lib:/opt/ros/jazzy/opt/gz_ogre_next_vendor/lib:/opt/ros/jazzy/opt/gz_dartsim_vendor/lib:/opt/ros/jazzy/opt/gz_cmake_vendor/lib:/opt/ros/jazzy/lib', 'HOME': '/home/sachin', 'DESKTOP_SESSION': 'ubuntu', 'ROS_PYTHON_VERSION': '3', 'GNOME_SHELL_SESSION_MODE': 'ubuntu', 'GTK_MODULES': 'gail:atk-bridge', 'PS1': '(.ros2_venv) \\[\\e]0;\\u@\\h: \\w\\a\\]${debian_chroot:+($debian_chroot)}\\[\\033[01;32m\\]\\u@\\h\\[\\033[00m\\]:\\[\\033[01;34m\\]\\w\\[\\033[00m\\]\\$', 'SYSTEMD_EXEC_PID': '2572', 'GSM_SKIP_SSH_AGENT_WORKAROUND': 'true', 'DBUS_SESSION_BUS_ADDRESS': 'unix:path=/run/user/1000/bus', 'COLORTERM': 'truecolor', 'DEBUGINFOD_URLS': 'https://debuginfod.ubuntu.com', 'ROS_DISTRO': 'jazzy', 'LOGNAME': 'sachin', '_': '/usr/bin/colcon', 'ROS_VERSION': '2', 'PIP_BREAK_SYSTEM_PACKAGES': '1', 'MEMORY_PRESSURE_WATCH': '/sys/fs/cgroup/user.slice/user-1000.slice/user@1000.service/session.slice/org.gnome.Shell@x11.service/memory.pressure', 'XDG_SESSION_CLASS': 'user', 'USERNAME': 'sachin', 'TERM': 'xterm-256color', 'GNOME_DESKTOP_SESSION_ID': 'this-is-deprecated', 'WINDOWPATH': '2', 'PATH': '/home/sachin/.ros2_venv/bin:/opt/ros/jazzy/opt/gz_msgs_vendor/bin:/opt/ros/jazzy/opt/gz_tools_vendor/bin:/opt/ros/jazzy/opt/gz_ogre_next_vendor/bin:/opt/ros/jazzy/bin:/usr/local/sbin:/usr/local/bin:/usr/sbin:/usr/bin:/sbin:/bin:/usr/games:/usr/local/games:/snap/bin:/snap/bin', 'SESSION_MANAGER': 'local/SK:@/tmp/.ICE-unix/2540,unix/SK:/tmp/.ICE-unix/2540', 'XDG_MENU_PREFIX': 'gnome-', 'GNOME_TERMINAL_SCREEN': '/org/gnome/Terminal/screen/7fbb1183_0abe_4898_b799_7b2b27e9835d', 'XDG_RUNTIME_DIR': '/run/user/1000', 'DISPLAY': ':1', 'LANG': 'en_US.UTF-8', 'XDG_CURRENT_DESKTOP': 'ubuntu:GNOME', 'VIRTUAL_ENV_PROMPT': '(.ros2_venv)', 'XMODIFIERS': '@im=ibus', 'XDG_SESSION_DESKTOP': 'ubuntu', 'XAUTHORITY': '/run/user/1000/gdm/Xauthority', 'LS_COLORS': 'rs=0:di=01;34:ln=01;36:mh=00:pi=40;33:so=01;35:do=01;35:bd=40;33;01:cd=40;33;01:or=40;31;01:mi=00:su=37;41:sg=30;43:ca=00:tw=30;42:ow=34;42:st=37;44:ex=01;32:*.tar=01;31:*.tgz=01;31:*.arc=01;31:*.arj=01;31:*.taz=01;31:*.lha=01;31:*.lz4=01;31:*.lzh=01;31:*.lzma=01;31:*.tlz=01;31:*.txz=01;31:*.tzo=01;31:*.t7z=01;31:*.zip=01;31:*.z=01;31:*.dz=01;31:*.gz=01;31:*.lrz=01;31:*.lz=01;31:*.lzo=01;31:*.xz=01;31:*.zst=01;31:*.tzst=01;31:*.bz2=01;31:*.bz=01;31:*.tbz=01;31:*.tbz2=01;31:*.tz=01;31:*.deb=01;31:*.rpm=01;31:*.jar=01;31:*.war=01;31:*.ear=01;31:*.sar=01;31:*.rar=01;31:*.alz=01;31:*.ace=01;31:*.zoo=01;31:*.cpio=01;31:*.7z=01;31:*.rz=01;31:*.cab=01;31:*.wim=01;31:*.swm=01;31:*.dwm=01;31:*.esd=01;31:*.avif=01;35:*.jpg=01;35:*.jpeg=01;35:*.mjpg=01;35:*.mjpeg=01;35:*.gif=01;35:*.bmp=01;35:*.pbm=01;35:*.pgm=01;35:*.ppm=01;35:*.tga=01;35:*.xbm=01;35:*.xpm=01;35:*.tif=01;35:*.tiff=01;35:*.png=01;35:*.svg=01;35:*.svgz=01;35:*.mng=01;35:*.pcx=01;35:*.mov=01;35:*.mpg=01;35:*.mpeg=01;35:*.m2v=01;35:*.mkv=01;35:*.webm=01;35:*.webp=01;35:*.ogm=01;35:*.mp4=01;35:*.m4v=01;35:*.mp4v=01;35:*.vob=01;35:*.qt=01;35:*.nuv=01;35:*.wmv=01;35:*.asf=01;35:*.rm=01;35:*.rmvb=01;35:*.flc=01;35:*.avi=01;35:*.fli=01;35:*.flv=01;35:*.gl=01;35:*.dl=01;35:*.xcf=01;35:*.xwd=01;35:*.yuv=01;35:*.cgm=01;35:*.emf=01;35:*.ogv=01;35:*.ogx=01;35:*.aac=00;36:*.au=00;36:*.flac=00;36:*.m4a=00;36:*.mid=00;36:*.midi=00;36:*.mka=00;36:*.mp3=00;36:*.mpc=00;36:*.ogg=00;36:*.ra=00;36:*.wav=00;36:*.oga=00;36:*.opus=00;36:*.spx=00;36:*.xspf=00;36:*~=00;90:*#=00;90:*.bak=00;90:*.crdownload=00;90:*.dpkg-dist=00;90:*.dpkg-new=00;90:*.dpkg-old=00;90:*.dpkg-tmp=00;90:*.old=00;90:*.orig=00;90:*.part=00;90:*.rej=00;90:*.rpmnew=00;90:*.rpmorig=00;90:*.rpmsave=00;90:*.swp=00;90:*.tmp=00;90:*.ucf-dist=00;90:*.ucf-new=00;90:*.ucf-old=00;90:', 'GNOME_TERMINAL_SERVICE': ':1.400', 'SSH_AUTH_SOCK': '/run/user/1000/keyring/ssh', 'ROS_DOMAIN_ID': '100', 'AMENT_PREFIX_PATH': '/home/sachin/rosbot-wifi-heatmap-sim/install/rosbot_interfaces:/opt/ros/jazzy', 'SHELL': '/bin/bash', 'QT_ACCESSIBILITY': '1', 'GDMSESSION': 'ubuntu', 'LESSCLOSE': '/usr/bin/lesspipe %s %s', 'GPG_AGENT_INFO': '/run/user/1000/gnupg/S.gpg-agent:0:1', 'VIRTUAL_ENV': '/home/sachin/.ros2_venv', 'ROS_AUTOMATIC_DISCOVERY_RANGE': 'SUBNET', 'QT_IM_MODULE': 'ibus', 'PWD': '/home/sachin/rosbot-wifi-heatmap-sim/build/nav2_read_rssi_at_waypoint', 'LC_ALL': 'en_US.UTF-8', 'XDG_CONFIG_DIRS': '/etc/xdg/xdg-ubuntu:/etc/xdg', 'XDG_DATA_DIRS': '/usr/share/ubuntu:/usr/share/gnome:/usr/local/share/:/usr/share/:/var/lib/snapd/desktop', 'PYTHONPATH': '/home/sachin/rosbot-wifi-heatmap-sim/install/rosbot_interfaces/lib/python3.12/site-packages:/opt/ros/jazzy/lib/python3.12/site-packages', 'COLCON': '1', 'MEMORY_PRESSURE_WRITE': 'c29tZSAyMDAwMDAgMjAwMDAwMAA=', 'VTE_VERSION': '7600', 'CMAKE_PREFIX_PATH': '/home/sachin/rosbot-wifi-heatmap-sim/install/rosbot_interfaces:/opt/ros/jazzy/opt/gz_sim_vendor:/opt/ros/jazzy/opt/gz_sensors_vendor:/opt/ros/jazzy/opt/gz_physics_vendor:/opt/ros/jazzy/opt/sdformat_vendor:/opt/ros/jazzy/opt/gz_gui_vendor:/opt/ros/jazzy/opt/gz_transport_vendor:/opt/ros/jazzy/opt/gz_rendering_vendor:/opt/ros/jazzy/opt/gz_plugin_vendor:/opt/ros/jazzy/opt/gz_fuel_tools_vendor:/opt/ros/jazzy/opt/gz_msgs_vendor:/opt/ros/jazzy/opt/gz_common_vendor:/opt/ros/jazzy/opt/gz_math_vendor:/opt/ros/jazzy/opt/gz_utils_vendor:/opt/ros/jazzy/opt/gz_tools_vendor:/opt/ros/jazzy/opt/gz_ogre_next_vendor:/opt/ros/jazzy/opt/gz_dartsim_vendor:/opt/ros/jazzy/opt/gz_cmake_vendor:/opt/ros/jazzy'}), 'shell': False}
[0.516315] (nav2_read_rssi_at_waypoint) StdoutLine: {'line': b'-- Install configuration: ""\n'}
[0.516491] (nav2_read_rssi_at_waypoint) StdoutLine: {'line': b'-- Up-to-date: /home/sachin/rosbot-wifi-heatmap-sim/install/nav2_read_rssi_at_waypoint/share/nav2_read_rssi_at_waypoint/nav2_read_rssi_at_waypoint.xml\n'}
[0.516632] (nav2_read_rssi_at_waypoint) StdoutLine: {'line': b'-- Up-to-date: /home/sachin/rosbot-wifi-heatmap-sim/install/nav2_read_rssi_at_waypoint/lib/libnav2_read_rssi_at_waypoint.so\n'}
[0.516785] (nav2_read_rssi_at_waypoint) StdoutLine: {'line': b'-- Up-to-date: /home/sachin/rosbot-wifi-heatmap-sim/install/nav2_read_rssi_at_waypoint/include/\n'}
[0.516909] (nav2_read_rssi_at_waypoint) StdoutLine: {'line': b'-- Up-to-date: /home/sachin/rosbot-wifi-heatmap-sim/install/nav2_read_rssi_at_waypoint/include//nav2_read_rssi_at_waypoint\n'}
[0.517024] (nav2_read_rssi_at_waypoint) StdoutLine: {'line': b'-- Up-to-date: /home/sachin/rosbot-wifi-heatmap-sim/install/nav2_read_rssi_at_waypoint/include//nav2_read_rssi_at_waypoint/read_rssi_at_waypoint.hpp\n'}
[0.517106] (nav2_read_rssi_at_waypoint) StdoutLine: {'line': b'-- Up-to-date: /home/sachin/rosbot-wifi-heatmap-sim/install/nav2_read_rssi_at_waypoint/include//nav2_read_rssi_at_waypoint/simulated_rssi.hpp\n'}
[0.517188] (nav2_read_rssi_at_waypoint) StdoutLine: {'line': b'-- Up-to-date: /home/sachin/rosbot-wifi-heatmap-sim/install/nav2_read_rssi_at_waypoint/share/nav2_read_rssi_at_waypoint/nav2_read_rssi_at_waypoint.xml\n'}
[0.517268] (nav2_read_rssi_at_waypoint) StdoutLine: {'line': b'-- Up-to-date: /home/sachin/rosbot-wifi-heatmap-sim/install/nav2_read_rssi_at_waypoint/share/nav2_read_rssi_at_waypoint/environment/library_path.sh\n'}
[0.517356] (nav2_read_rssi_at_waypoint) StdoutLine: {'line': b'-- Up-to-date: /home/sachin/rosbot-wifi-heatmap-sim/install/nav2_read_rssi_at_waypoint/share/nav2_read_rssi_at_waypoint/environment/library_path.dsv\n'}
[0.517437] (nav2_read_rssi_at_waypoint) StdoutLine: {'line': b'-- Up-to-date: /home/sachin/rosbot-wifi-heatmap-sim/install/nav2_read_rssi_at_waypoint/share/ament_index/resource_index/package_run_dependencies/nav2_read_rssi_at_waypoint\n'}
[0.517527] (nav2_read_rssi_at_waypoint) StdoutLine: {'line': b'-- Up-to-date: /home/sachin/rosbot-wifi-heatmap-sim/install/nav2_read_rssi_at_waypoint/share/ament_index/resource_index/parent_prefix_path/nav2_read_rssi_at_waypoint\n'}
[0.517608] (nav2_read_rssi_at_waypoint) StdoutLine: {'line': b'-- Up-to-date: /home/sachin/rosbot-wifi-heatmap-sim/install/nav2_read_rssi_at_waypoint/share/nav2_read_rssi_at_waypoint/environment/ament_prefix_path.sh\n'}
[0.517688] (nav2_read_rssi_at_waypoint) StdoutLine: {'line': b'-- Up-to-date: /home/sachin/rosbot-wifi-heatmap-sim/install/nav2_read_rssi_at_waypoint/share/nav2_read_rssi_at_waypoint/environment/ament_prefix_path.dsv\n'}
[0.517812] (nav2_read_rssi_at_waypoint) StdoutLine: {'line': b'-- Up-to-date: /home/sachin/rosbot-wifi-heatmap-sim/install/nav2_read_rssi_at_waypoint/share/nav2_read_rssi_at_waypoint/environment/path.sh\n'}
[0.518000] (nav2_read_rssi_at_waypoint) StdoutLine: {'line': b'-- Up-to-date: /home/sachin/rosbot-wifi-heatmap-sim/install/nav2_read_rssi_at_waypoint/share/nav2_read_rssi_at_waypoint/environment/path.dsv\n'}
[0.518341] (nav2_read_rssi_at_waypoint) StdoutLine: {'line': b'-- Up-to-date: /home/sachin/rosbot-wifi-heatmap-sim/install/nav2_read_rssi_at_waypoint/share/nav2_read_rssi_at_waypoint/local_setup.bash\n'}
[0.518875] (nav2_read_rssi_at_waypoint) StdoutLine: {'line': b'-- Up-to-date: /home/sachin/rosbot-wifi-heatmap-sim/install/nav2_read_rssi_at_waypoint/share/nav2_read_rssi_at_waypoint/local_setup.sh\n'}
[0.518971] (nav2_read_rssi_at_waypoint) StdoutLine: {'line': b'-- Up-to-date: /home/sachin/rosbot-wifi-heatmap-sim/install/nav2_read_rssi_at_waypoint/share/nav2_read_rssi_at_waypoint/local_setup.zsh\n'}
[0.519289] (nav2_read_rssi_at_waypoint) StdoutLine: {'line': b'-- Up-to-date: /home/sachin/rosbot-wifi-heatmap-sim/install/nav2_read_rssi_at_waypoint/share/nav2_read_rssi_at_waypoint/local_setup.dsv\n'}
[0.519479] (nav2_read_rssi_at_waypoint) StdoutLine: {'line': b'-- Installing: /home/sachin/rosbot-wifi-heatmap-sim/install/nav2_read_rssi_at_waypoint/share/nav2_read_rssi_at_waypoint/package.dsv\n'}
[0.519616] (nav2_read_rssi_at_waypoint) StdoutLine: {'line': b'-- Up-to-date: /home/sachin/rosbot-wifi-heatmap-sim/install/nav2_read_rssi_at_waypoint/share/ament_index/resource_index/packages/nav2_read_rssi_at_waypoint\n'}
[0.519728] (nav2_read_rssi_at_waypoint) StdoutLine: {'line': b'-- Up-to-date: /home/sachin/rosbot-wifi-heatmap-sim/install/nav2_read_rssi_at_waypoint/share/ament_index/resource_index/nav2_waypoint_follower__pluginlib__plugin/nav2_read_rssi_at_waypoint\n'}
[0.519859] (nav2_read_rssi_at_waypoint) StdoutLine: {'line': b'-- Up-to-date: /home/sachin/rosbot-wifi-heatmap-sim/install/nav2_read_rssi_at_waypoint/share/nav2_read_rssi_at_waypoint/cmake/ament_cmake_export_include_directories-extras.cmake\n'}
[0.519970] (nav2_read_rssi_at_waypoint) StdoutLine: {'line': b'-- Up-to-date: /home/sachin/rosbot-wifi-heatmap-sim/install/nav2_read_rssi_at_waypoint/share/nav2_read_rssi_at_waypoint/cmake/ament_cmake_export_libraries-extras.cmake\n'}
[0.520131] (nav2_read_rssi_at_waypoint) StdoutLine: {'line': b'-- Up-to-date: /home/sachin/rosbot-wifi-heatmap-sim/install/nav2_read_rssi_at_waypoint/share/nav2_read_rssi_at_waypoint/cmake/ament_cmake_export_dependencies-extras.cmake\n'}
[0.520464] (nav2_read_rssi_at_waypoint) StdoutLine: {'line': b'-- Up-to-date: /home/sachin/rosbot-wifi-heatmap-sim/install/nav2_read_rssi_at_waypoint/share/nav2_read_rssi_at_waypoint/cmake/nav2_read_rssi_at_waypointConfig.cmake\n'}
[0.520779] (nav2_read_rssi_at_waypoint) StdoutLine: {'line': b'-- Up-to-date: /home/sachin/rosbot-wifi-heatmap-sim/install/nav2_read_rssi_at_waypoint/share/nav2_read_rssi_at_waypoint/cmake/nav2_read_rssi_at_waypointConfig-version.cmake\n'}
[0.520895] (nav2_read_rssi_at_waypoint) StdoutLine: {'line': b'-- Up-to-date: /home/sachin/rosbot-wifi-heatmap-sim/install/nav2_read_rssi_at_waypoint/share/nav2_read_rssi_at_waypoint/package.xml\n'}
[0.521122] (nav2_read_rssi_at_waypoint) CommandEnded: {'returncode': 0}
[0.529821] (nav2_read_rssi_at_waypoint) JobEnded: {'identifier': 'nav2_read_rssi_at_waypoint', 'rc': 0}
[0.555627] (waypoint_publisher_package) Command: {'cmd': ['/usr/bin/python3', '-W', 'ignore:setup.py install is deprecated', '-W', 'ignore:easy_install command is deprecated', 'setup.py', 'egg_info', '--egg-base', '../../build/waypoint_publisher_package', 'build', '--build-base', '/home/sachin/rosbot-wifi-heatmap-sim/build/waypoint_publisher_package/build', 'install', '--record', '/home/sachin/rosbot-wifi-heatmap-sim/build/waypoint_publisher_package/install.log', '--single-version-externally-managed', 'install_data'], 'cwd': '/home/sachin/rosbot-wifi-heatmap-sim/src/waypoint_publisher_package', 'env': {'LESSOPEN': '| /usr/bin/lesspipe %s', 'GZ_SIM_RESOURCE_PATH': '/home/sachin/gazebo_models', 'USER': 'sachin', 'GZ_CONFIG_PATH': '/opt/ros/jazzy/opt/gz_sim_vendor/share/gz:/opt/ros/jazzy/opt/sdformat_vendor/share/gz:/opt/ros/jazzy/opt/gz_gui_vendor/share/gz:/opt/ros/jazzy/opt/gz_transport_vendor/share/gz:/opt/ros/jazzy/opt/gz_rendering_vendor/share/gz:/opt/ros/jazzy/opt/gz_plugin_vendor/share/gz:/opt/ros/jazzy/opt/gz_fuel_tools_vendor/share/gz:/opt/ros/jazzy/opt/gz_msgs_vendor/share/gz:/opt/ros/jazzy/opt/gz_common_vendor/share/gz', 'XDG_SESSION_TYPE': 'x11', 'CLUTTER_DISABLE_MIPMAPPED_TEXT': '1', 'SHLVL': '1', 'LD_LIBRARY_PATH': '/opt/ros/jazzy/opt/gz_sim_vendor/lib:/opt/ros/jazzy/opt/gz_sensors_vendor/lib:/opt/ros/jazzy/opt/gz_physics_vendor/lib:/opt/ros/jazzy/opt/sdformat_vendor/lib:/opt/ros/jazzy/opt/rviz_ogre_vendor/lib:/opt/ros/jazzy/lib/x86_64-linux-gnu:/opt/ros/jazzy/opt/gz_gui_vendor/lib:/opt/ros/jazzy/opt/gz_transport_vendor/lib:/opt/ros/jazzy/opt/gz_rendering_vendor/lib:/opt/ros/jazzy/opt/gz_plugin_vendor/lib:/opt/ros/jazzy/opt/gz_fuel_tools_vendor/lib:/opt/ros/jazzy/opt/gz_msgs_vendor/lib:/opt/ros/jazzy/opt/gz_common_vendor/lib:/opt/ros/jazzy/opt/gz_math_vendor/lib:/opt/ros/jazzy/opt/gz_utils_vendor/lib:/opt/ros/jazzy/opt/gz_tools_vendor/lib:/opt/ros/jazzy/opt/gz_ogre_next_vendor/lib:/opt/ros/jazzy/opt/gz_dartsim_vendor/lib:/opt/ros/jazzy/opt/gz_cmake_vendor/lib:/opt/ros/jazzy/lib', 'HOME': '/home/sachin', 'DESKTOP_SESSION': 'ubuntu', 'ROS_PYTHON_VERSION': '3', 'GNOME_SHELL_SESSION_MODE': 'ubuntu', 'GTK_MODULES': 'gail:atk-bridge', 'PS1': '(.ros2_venv) \\[\\e]0;\\u@\\h: \\w\\a\\]${debian_chroot:+($debian_chroot)}\\[\\033[01;32m\\]\\u@\\h\\[\\033[00m\\]:\\[\\033[01;34m\\]\\w\\[\\033[00m\\]\\$', 'SYSTEMD_EXEC_PID': '2572', 'GSM_SKIP_SSH_AGENT_WORKAROUND': 'true', 'DBUS_SESSION_BUS_ADDRESS': 'unix:path=/run/user/1000/bus', 'COLORTERM': 'truecolor', 'DEBUGINFOD_URLS': 'https://debuginfod.ubuntu.com', 'ROS_DISTRO': 'jazzy', 'LOGNAME': 'sachin', '_': '/usr/bin/colcon', 'ROS_VERSION': '2', 'PIP_BREAK_SYSTEM_PACKAGES': '1', 'MEMORY_PRESSURE_WATCH': '/sys/fs/cgroup/user.slice/user-1000.slice/user@1000.service/session.slice/org.gnome.Shell@x11.service/memory.pressure', 'XDG_SESSION_CLASS': 'user', 'USERNAME': 'sachin', 'TERM': 'xterm-256color', 'GNOME_DESKTOP_SESSION_ID': 'this-is-deprecated', 'WINDOWPATH': '2', 'PATH': '/home/sachin/.ros2_venv/bin:/opt/ros/jazzy/opt/gz_msgs_vendor/bin:/opt/ros/jazzy/opt/gz_tools_vendor/bin:/opt/ros/jazzy/opt/gz_ogre_next_vendor/bin:/opt/ros/jazzy/bin:/usr/local/sbin:/usr/local/bin:/usr/sbin:/usr/bin:/sbin:/bin:/usr/games:/usr/local/games:/snap/bin:/snap/bin', 'SESSION_MANAGER': 'local/SK:@/tmp/.ICE-unix/2540,unix/SK:/tmp/.ICE-unix/2540', 'XDG_MENU_PREFIX': 'gnome-', 'GNOME_TERMINAL_SCREEN': '/org/gnome/Terminal/screen/7fbb1183_0abe_4898_b799_7b2b27e9835d', 'XDG_RUNTIME_DIR': '/run/user/1000', 'DISPLAY': ':1', 'LANG': 'en_US.UTF-8', 'XDG_CURRENT_DESKTOP': 'ubuntu:GNOME', 'VIRTUAL_ENV_PROMPT': '(.ros2_venv)', 'XMODIFIERS': '@im=ibus', 'XDG_SESSION_DESKTOP': 'ubuntu', 'XAUTHORITY': '/run/user/1000/gdm/Xauthority', 'LS_COLORS': 'rs=0:di=01;34:ln=01;36:mh=00:pi=40;33:so=01;35:do=01;35:bd=40;33;01:cd=40;33;01:or=40;31;01:mi=00:su=37;41:sg=30;43:ca=00:tw=30;42:ow=34;42:st=37;44:ex=01;32:*.tar=01;31:*.tgz=01;31:*.arc=01;31:*.arj=01;31:*.taz=01;31:*.lha=01;31:*.lz4=01;31:*.lzh=01;31:*.lzma=01;31:*.tlz=01;31:*.txz=01;31:*.tzo=01;31:*.t7z=01;31:*.zip=01;31:*.z=01;31:*.dz=01;31:*.gz=01;31:*.lrz=01;31:*.lz=01;31:*.lzo=01;31:*.xz=01;31:*.zst=01;31:*.tzst=01;31:*.bz2=01;31:*.bz=01;31:*.tbz=01;31:*.tbz2=01;31:*.tz=01;31:*.deb=01;31:*.rpm=01;31:*.jar=01;31:*.war=01;31:*.ear=01;31:*.sar=01;31:*.rar=01;31:*.alz=01;31:*.ace=01;31:*.zoo=01;31:*.cpio=01;31:*.7z=01;31:*.rz=01;31:*.cab=01;31:*.wim=01;31:*.swm=01;31:*.dwm=01;31:*.esd=01;31:*.avif=01;35:*.jpg=01;35:*.jpeg=01;35:*.mjpg=01;35:*.mjpeg=01;35:*.gif=01;35:*.bmp=01;35:*.pbm=01;35:*.pgm=01;35:*.ppm=01;35:*.tga=01;35:*.xbm=01;35:*.xpm=01;35:*.tif=01;35:*.tiff=01;35:*.png=01;35:*.svg=01;35:*.svgz=01;35:*.mng=01;35:*.pcx=01;35:*.mov=01;35:*.mpg=01;35:*.mpeg=01;35:*.m2v=01;35:*.mkv=01;35:*.webm=01;35:*.webp=01;35:*.ogm=01;35:*.mp4=01;35:*.m4v=01;35:*.mp4v=01;35:*.vob=01;35:*.qt=01;35:*.nuv=01;35:*.wmv=01;35:*.asf=01;35:*.rm=01;35:*.rmvb=01;35:*.flc=01;35:*.avi=01;35:*.fli=01;35:*.flv=01;35:*.gl=01;35:*.dl=01;35:*.xcf=01;35:*.xwd=01;35:*.yuv=01;35:*.cgm=01;35:*.emf=01;35:*.ogv=01;35:*.ogx=01;35:*.aac=00;36:*.au=00;36:*.flac=00;36:*.m4a=00;36:*.mid=00;36:*.midi=00;36:*.mka=00;36:*.mp3=00;36:*.mpc=00;36:*.ogg=00;36:*.ra=00;36:*.wav=00;36:*.oga=00;36:*.opus=00;36:*.spx=00;36:*.xspf=00;36:*~=00;90:*#=00;90:*.bak=00;90:*.crdownload=00;90:*.dpkg-dist=00;90:*.dpkg-new=00;90:*.dpkg-old=00;90:*.dpkg-tmp=00;90:*.old=00;90:*.orig=00;90:*.part=00;90:*.rej=00;90:*.rpmnew=00;90:*.rpmorig=00;90:*.rpmsave=00;90:*.swp=00;90:*.tmp=00;90:*.ucf-dist=00;90:*.ucf-new=00;90:*.ucf-old=00;90:', 'GNOME_TERMINAL_SERVICE': ':1.400', 'SSH_AUTH_SOCK': '/run/user/1000/keyring/ssh', 'ROS_DOMAIN_ID': '100', 'AMENT_PREFIX_PATH': '/opt/ros/jazzy', 'SHELL': '/bin/bash', 'QT_ACCESSIBILITY': '1', 'GDMSESSION': 'ubuntu', 'LESSCLOSE': '/usr/bin/lesspipe %s %s', 'GPG_AGENT_INFO': '/run/user/1000/gnupg/S.gpg-agent:0:1', 'VIRTUAL_ENV': '/home/sachin/.ros2_venv', 'ROS_AUTOMATIC_DISCOVERY_RANGE': 'SUBNET', 'QT_IM_MODULE': 'ibus', 'PWD': '/home/sachin/rosbot-wifi-heatmap-sim/build/waypoint_publisher_package', 'LC_ALL': 'en_US.UTF-8', 'XDG_CONFIG_DIRS': '/etc/xdg/xdg-ubuntu:/etc/xdg', 'XDG_DATA_DIRS': '/usr/share/ubuntu:/usr/share/gnome:/usr/local/share/:/usr/share/:/var/lib/snapd/desktop', 'PYTHONPATH': '/home/sachin/rosbot-wifi-heatmap-sim/build/waypoint_publisher_package/prefix_override:/usr/lib/python3/dist-packages/colcon_core/task/python/colcon_distutils_commands:/home/sachin/rosbot-wifi-heatmap-sim/install/waypoint_publisher_package/lib/python3.12/site-packages:/opt/ros/jazzy/lib/python3.12/site-packages', 'COLCON': '1', 'MEMORY_PRESSURE_WRITE': 'c29tZSAyMDAwMDAgMjAwMDAwMAA=', 'VTE_VERSION': '7600', 'CMAKE_PREFIX_PATH': '/opt/ros/jazzy/opt/gz_sim_vendor:/opt/ros/jazzy/opt/gz_sensors_vendor:/opt/ros/jazzy/opt/gz_physics_vendor:/opt/ros/jazzy/opt/sdformat_vendor:/opt/ros/jazzy/opt/gz_gui_vendor:/opt/ros/jazzy/opt/gz_transport_vendor:/opt/ros/jazzy/opt/gz_rendering_vendor:/opt/ros/jazzy/opt/gz_plugin_vendor:/opt/ros/jazzy/opt/gz_fuel_tools_vendor:/opt/ros/jazzy/opt/gz_msgs_vendor:/opt/ros/jazzy/opt/gz_common_vendor:/opt/ros/jazzy/opt/gz_math_vendor:/opt/ros/jazzy/opt/gz_utils_vendor:/opt/ros/jazzy/opt/gz_tools_vendor:/opt/ros/jazzy/opt/gz_ogre_next_vendor:/opt/ros/jazzy/opt/gz_dartsim_vendor:/opt/ros/jazzy/opt/gz_cmake_vendor'}, 'shell': False}
[0.600672] (-) TimerEvent: {}
[0.700972] (-) TimerEvent: {}
[0.719274] (waypoint_publisher_package) StdoutLine: {'line': b'running egg_info\n'}
[0.730942] (waypoint_publisher_package) StdoutLine: {'line': b'writing ../../build/waypoint_publisher_package/waypoint_publisher_package.egg-info/PKG-INFO\n'}
[0.731152] (waypoint_publisher_package) StdoutLine: {'line': b'writing dependency_links to ../../build/waypoint_publisher_package/waypoint_publisher_package.egg-info/dependency_links.txt\n'}
[0.731242] (waypoint_publisher_package) StdoutLine: {'line': b'writing entry points to ../../build/waypoint_publisher_package/waypoint_publisher_package.egg-info/entry_points.txt\n'}
[0.731352] (waypoint_publisher_package) StdoutLine: {'line': b'writing requirements to ../../build/waypoint_publisher_package/waypoint_publisher_package.egg-info/requires.txt\n'}
[0.731435] (waypoint_publisher_package) StdoutLine: {'line': b'writing top-level names to ../../build/waypoint_publisher_package/waypoint_publisher_package.egg-info/top_level.txt\n'}
[0.756008] (waypoint_publisher_package) StdoutLine: {'line': b"reading manifest file '../../build/waypoint_publisher_package/waypoint_publisher_package.egg-info/SOURCES.txt'\n"}
[0.757691] (waypoint_publisher_package) StdoutLine: {'line': b"writing manifest file '../../build/waypoint_publisher_package/waypoint_publisher_package.egg-info/SOURCES.txt'\n"}
[0.757854] (waypoint_publisher_package) StdoutLine: {'line': b'running build\n'}
[0.757963] (waypoint_publisher_package) StdoutLine: {'line': b'running build_py\n'}
[0.758048] (waypoint_publisher_package) StdoutLine: {'line': b'running install\n'}
[0.762035] (waypoint_publisher_package) StdoutLine: {'line': b'running install_lib\n'}
[0.773801] (waypoint_publisher_package) StdoutLine: {'line': b'running install_data\n'}
[0.773963] (waypoint_publisher_package) StdoutLine: {'line': b'running install_egg_info\n'}
[0.786054] (waypoint_publisher_package) StdoutLine: {'line': b"removing '/home/sachin/rosbot-wifi-heatmap-sim/install/waypoint_publisher_package/lib/python3.12/site-packages/waypoint_publisher_package-1.0.0-py3.12.egg-info' (and everything under it)\n"}
[0.786399] (waypoint_publisher_package) StdoutLine: {'line': b'Copying ../../build/waypoint_publisher_package/waypoint_publisher_package.egg-info to /home/sachin/rosbot-wifi-heatmap-sim/install/waypoint_publisher_package/lib/python3.12/site-packages/waypoint_publisher_package-1.0.0-py3.12.egg-info\n'}
[0.786957] (waypoint_publisher_package) StdoutLine: {'line': b'running install_scripts\n'}
[0.801143] (-) TimerEvent: {}
[0.867123] (waypoint_publisher_package) StdoutLine: {'line': b'Installing node script to /home/sachin/rosbot-wifi-heatmap-sim/install/waypoint_publisher_package/lib/waypoint_publisher_package\n'}
[0.867389] (waypoint_publisher_package) StdoutLine: {'line': b"writing list of installed files to '/home/sachin/rosbot-wifi-heatmap-sim/build/waypoint_publisher_package/install.log'\n"}
[0.879945] (rssi_heatmap_generator_package) Command: {'cmd': ['/usr/bin/python3', '-W', 'ignore:setup.py install is deprecated', '-W', 'ignore:easy_install command is deprecated', 'setup.py', 'egg_info', '--egg-base', '../../build/rssi_heatmap_generator_package', 'build', '--build-base', '/home/sachin/rosbot-wifi-heatmap-sim/build/rssi_heatmap_generator_package/build', 'install', '--record', '/home/sachin/rosbot-wifi-heatmap-sim/build/rssi_heatmap_generator_package/install.log', '--single-version-externally-managed', 'install_data'], 'cwd': '/home/sachin/rosbot-wifi-heatmap-sim/src/rssi_heatmap_generator_package', 'env': {'LESSOPEN': '| /usr/bin/lesspipe %s', 'GZ_SIM_RESOURCE_PATH': '/home/sachin/gazebo_models', 'USER': 'sachin', 'GZ_CONFIG_PATH': '/opt/ros/jazzy/opt/gz_sim_vendor/share/gz:/opt/ros/jazzy/opt/sdformat_vendor/share/gz:/opt/ros/jazzy/opt/gz_gui_vendor/share/gz:/opt/ros/jazzy/opt/gz_transport_vendor/share/gz:/opt/ros/jazzy/opt/gz_rendering_vendor/share/gz:/opt/ros/jazzy/opt/gz_plugin_vendor/share/gz:/opt/ros/jazzy/opt/gz_fuel_tools_vendor/share/gz:/opt/ros/jazzy/opt/gz_msgs_vendor/share/gz:/opt/ros/jazzy/opt/gz_common_vendor/share/gz', 'XDG_SESSION_TYPE': 'x11', 'CLUTTER_DISABLE_MIPMAPPED_TEXT': '1', 'SHLVL': '1', 'LD_LIBRARY_PATH': '/home/sachin/rosbot-wifi-heatmap-sim/install/rosbot_interfaces/lib:/opt/ros/jazzy/opt/gz_sim_vendor/lib:/opt/ros/jazzy/opt/gz_sensors_vendor/lib:/opt/ros/jazzy/opt/gz_physics_vendor/lib:/opt/ros/jazzy/opt/sdformat_vendor/lib:/opt/ros/jazzy/opt/rviz_ogre_vendor/lib:/opt/ros/jazzy/lib/x86_64-linux-gnu:/opt/ros/jazzy/opt/gz_gui_vendor/lib:/opt/ros/jazzy/opt/gz_transport_vendor/lib:/opt/ros/jazzy/opt/gz_rendering_vendor/lib:/opt/ros/jazzy/opt/gz_plugin_vendor/lib:/opt/ros/jazzy/opt/gz_fuel_tools_vendor/lib:/opt/ros/jazzy/opt/gz_msgs_vendor/lib:/opt/ros/jazzy/opt/gz_common_vendor/lib:/opt/ros/jazzy/opt/gz_math_vendor/lib:/opt/ros/jazzy/opt/gz_utils_vendor/lib:/opt/ros/jazzy/opt/gz_tools_vendor/lib:/opt/ros/jazzy/opt/gz_ogre_next_vendor/lib:/opt/ros/jazzy/opt/gz_dartsim_vendor/lib:/opt/ros/jazzy/opt/gz_cmake_vendor/lib:/opt/ros/jazzy/lib', 'HOME': '/home/sachin', 'DESKTOP_SESSION': 'ubuntu', 'ROS_PYTHON_VERSION': '3', 'GNOME_SHELL_SESSION_MODE': 'ubuntu', 'GTK_MODULES': 'gail:atk-bridge', 'PS1': '(.ros2_venv) \\[\\e]0;\\u@\\h: \\w\\a\\]${debian_chroot:+($debian_chroot)}\\[\\033[01;32m\\]\\u@\\h\\[\\033[00m\\]:\\[\\033[01;34m\\]\\w\\[\\033[00m\\]\\$', 'SYSTEMD_EXEC_PID': '2572', 'GSM_SKIP_SSH_AGENT_WORKAROUND': 'true', 'DBUS_SESSION_BUS_ADDRESS': 'unix:path=/run/user/1000/bus', 'COLORTERM': 'truecolor', 'DEBUGINFOD_URLS': 'https://debuginfod.ubuntu.com', 'ROS_DISTRO': 'jazzy', 'LOGNAME': 'sachin', '_': '/usr/bin/colcon', 'ROS_VERSION': '2', 'PIP_BREAK_SYSTEM_PACKAGES': '1', 'MEMORY_PRESSURE_WATCH': '/sys/fs/cgroup/user.slice/user-1000.slice/user@1000.service/session.slice/org.gnome.Shell@x11.service/memory.pressure', 'XDG_SESSION_CLASS': 'user', 'USERNAME': 'sachin', 'TERM': 'xterm-256color', 'GNOME_DESKTOP_SESSION_ID': 'this-is-deprecated', 'WINDOWPATH': '2', 'PATH': '/home/sachin/.ros2_venv/bin:/opt/ros/jazzy/opt/gz_msgs_vendor/bin:/opt/ros/jazzy/opt/gz_tools_vendor/bin:/opt/ros/jazzy/opt/gz_ogre_next_vendor/bin:/opt/ros/jazzy/bin:/usr/local/sbin:/usr/local/bin:/usr/sbin:/usr/bin:/sbin:/bin:/usr/games:/usr/local/games:/snap/bin:/snap/bin', 'SESSION_MANAGER': 'local/SK:@/tmp/.ICE-unix/2540,unix/SK:/tmp/.ICE-unix/2540', 'XDG_MENU_PREFIX': 'gnome-', 'GNOME_TERMINAL_SCREEN': '/org/gnome/Terminal/screen/7fbb1183_0abe_4898_b799_7b2b27e9835d', 'XDG_RUNTIME_DIR': '/run/user/1000', 'DISPLAY': ':1', 'LANG': 'en_US.UTF-8', 'XDG_CURRENT_DESKTOP': 'ubuntu:GNOME', 'VIRTUAL_ENV_PROMPT': '(.ros2_venv)', 'XMODIFIERS': '@im=ibus', 'XDG_SESSION_DESKTOP': 'ubuntu', 'XAUTHORITY': '/run/user/1000/gdm/Xauthority', 'LS_COLORS': 'rs=0:di=01;34:ln=01;36:mh=00:pi=40;33:so=01;35:do=01;35:bd=40;33;01:cd=40;33;01:or=40;31;01:mi=00:su=37;41:sg=30;43:ca=00:tw=30;42:ow=34;42:st=37;44:ex=01;32:*.tar=01;31:*.tgz=01;31:*.arc=01;31:*.arj=01;31:*.taz=01;31:*.lha=01;31:*.lz4=01;31:*.lzh=01;31:*.lzma=01;31:*.tlz=01;31:*.txz=01;31:*.tzo=01;31:*.t7z=01;31:*.zip=01;31:*.z=01;31:*.dz=01;31:*.gz=01;31:*.lrz=01;31:*.lz=01;31:*.lzo=01;31:*.xz=01;31:*.zst=01;31:*.tzst=01;31:*.bz2=01;31:*.bz=01;31:*.tbz=01;31:*.tbz2=01;31:*.tz=01;31:*.deb=01;31:*.rpm=01;31:*.jar=01;31:*.war=01;31:*.ear=01;31:*.sar=01;31:*.rar=01;31:*.alz=01;31:*.ace=01;31:*.zoo=01;31:*.cpio=01;31:*.7z=01;31:*.rz=01;31:*.cab=01;31:*.wim=01;31:*.swm=01;31:*.dwm=01;31:*.esd=01;31:*.avif=01;35:*.jpg=01;35:*.jpeg=01;35:*.mjpg=01;35:*.mjpeg=01;35:*.gif=01;35:*.bmp=01;35:*.pbm=01;35:*.pgm=01;35:*.ppm=01;35:*.tga=01;35:*.xbm=01;35:*.xpm=01;35:*.tif=01;35:*.tiff=01;35:*.png=01;35:*.svg=01;35:*.svgz=01;35:*.mng=01;35:*.pcx=01;35:*.mov=01;35:*.mpg=01;35:*.mpeg=01;35:*.m2v=01;35:*.mkv=01;35:*.webm=01;35:*.webp=01;35:*.ogm=01;35:*.mp4=01;35:*.m4v=01;35:*.mp4v=01;35:*.vob=01;35:*.qt=01;35:*.nuv=01;35:*.wmv=01;35:*.asf=01;35:*.rm=01;35:*.rmvb=01;35:*.flc=01;35:*.avi=01;35:*.fli=01;35:*.flv=01;35:*.gl=01;35:*.dl=01;35:*.xcf=01;35:*.xwd=01;35:*.yuv=01;35:*.cgm=01;35:*.emf=01;35:*.ogv=01;35:*.ogx=01;35:*.aac=00;36:*.au=00;36:*.flac=00;36:*.m4a=00;36:*.mid=00;36:*.midi=00;36:*.mka=00;36:*.mp3=00;36:*.mpc=00;36:*.ogg=00;36:*.ra=00;36:*.wav=00;36:*.oga=00;36:*.opus=00;36:*.spx=00;36:*.xspf=00;36:*~=00;90:*#=00;90:*.bak=00;90:*.crdownload=00;90:*.dpkg-dist=00;90:*.dpkg-new=00;90:*.dpkg-old=00;90:*.dpkg-tmp=00;90:*.old=00;90:*.orig=00;90:*.part=00;90:*.rej=00;90:*.rpmnew=00;90:*.rpmorig=00;90:*.rpmsave=00;90:*.swp=00;90:*.tmp=00;90:*.ucf-dist=00;90:*.ucf-new=00;90:*.ucf-old=00;90:', 'GNOME_TERMINAL_SERVICE': ':1.400', 'SSH_AUTH_SOCK': '/run/user/1000/keyring/ssh', 'ROS_DOMAIN_ID': '100', 'AMENT_PREFIX_PATH': '/home/sachin/rosbot-wifi-heatmap-sim/install/rosbot_interfaces:/opt/ros/jazzy', 'SHELL': '/bin/bash', 'QT_ACCESSIBILITY': '1', 'GDMSESSION': 'ubuntu', 'LESSCLOSE': '/usr/bin/lesspipe %s %s', 'GPG_AGENT_INFO': '/run/user/1000/gnupg/S.gpg-agent:0:1', 'VIRTUAL_ENV': '/home/sachin/.ros2_venv', 'ROS_AUTOMATIC_DISCOVERY_RANGE': 'SUBNET', 'QT_IM_MODULE': 'ibus', 'PWD': '/home/sachin/rosbot-wifi-heatmap-sim/build/rssi_heatmap_generator_package', 'LC_ALL': 'en_US.UTF-8', 'XDG_CONFIG_DIRS': '/etc/xdg/xdg-ubuntu:/etc/xdg', 'XDG_DATA_DIRS': '/usr/share/ubuntu:/usr/share/gnome:/usr/local/share/:/usr/share/:/var/lib/snapd/desktop', 'PYTHONPATH': '/home/sachin/rosbot-wifi-heatmap-sim/build/rssi_heatmap_generator_package/prefix_override:/usr/lib/python3/dist-packages/colcon_core/task/python/colcon_distutils_commands:/home/sachin/rosbot-wifi-heatmap-sim/install/rssi_heatmap_generator_package/lib/python3.12/site-packages:/home/sachin/rosbot-wifi-heatmap-sim/install/rosbot_interfaces/lib/python3.12/site-packages:/opt/ros/jazzy/lib/python3.12/site-packages', 'COLCON': '1', 'MEMORY_PRESSURE_WRITE': 'c29tZSAyMDAwMDAgMjAwMDAwMAA=', 'VTE_VERSION': '7600', 'CMAKE_PREFIX_PATH': '/home/sachin/rosbot-wifi-heatmap-sim/install/rosbot_interfaces:/opt/ros/jazzy/opt/gz_sim_vendor:/opt/ros/jazzy/opt/gz_sensors_vendor:/opt/ros/jazzy/opt/gz_physics_vendor:/opt/ros/jazzy/opt/sdformat_vendor:/opt/ros/jazzy/opt/gz_gui_vendor:/opt/ros/jazzy/opt/gz_transport_vendor:/opt/ros/jazzy/opt/gz_rendering_vendor:/opt/ros/jazzy/opt/gz_plugin_vendor:/opt/ros/jazzy/opt/gz_fuel_tools_vendor:/opt/ros/jazzy/opt/gz_msgs_vendor:/opt/ros/jazzy/opt/gz_common_vendor:/opt/ros/jazzy/opt/gz_math_vendor:/opt/ros/jazzy/opt/gz_utils_vendor:/opt/ros/jazzy/opt/gz_tools_vendor:/opt/ros/jazzy/opt/gz_ogre_next_vendor:/opt/ros/jazzy/opt/gz_dartsim_vendor:/opt/ros/jazzy/opt/gz_cmake_vendor'}, 'shell': False}
[0.890187] (waypoint_publisher_package) CommandEnded: {'returncode': 0}
[0.893668] (waypoint_publisher_package) JobEnded: {'identifier': 'waypoint_publisher_package', 'rc': 0}
[0.901326] (-) TimerEvent: {}
[1.001610] (-) TimerEvent: {}
[1.045814] (rssi_heatmap_generator_package) StdoutLine: {'line': b'running egg_info\n'}
[1.056989] (rssi_heatmap_generator_package) StdoutLine: {'line': b'writing ../../build/rssi_heatmap_generator_package/rssi_heatmap_generator_package.egg-info/PKG-INFO\n'}
[1.057233] (rssi_heatmap_generator_package) StdoutLine: {'line': b'writing dependency_links to ../../build/rssi_heatmap_generator_package/rssi_heatmap_generator_package.egg-info/dependency_links.txt\n'}
[1.057438] (rssi_heatmap_generator_package) StdoutLine: {'line': b'writing entry points to ../../build/rssi_heatmap_generator_package/rssi_heatmap_generator_package.egg-info/entry_points.txt\n'}
[1.057534] (rssi_heatmap_generator_package) StdoutLine: {'line': b'writing requirements to ../../build/rssi_heatmap_generator_package/rssi_heatmap_generator_package.egg-info/requires.txt\n'}
[1.057620] (rssi_heatmap_generator_package) StdoutLine: {'line': b'writing top-level names to ../../build/rssi_heatmap_generator_package/rssi_heatmap_generator_package.egg-info/top_level.txt\n'}
[1.081416] (rssi_heatmap_generator_package) StdoutLine: {'line': b"reading manifest file '../../build/rssi_heatmap_generator_package/rssi_heatmap_generator_package.egg-info/SOURCES.txt'\n"}
[1.082967] (rssi_heatmap_generator_package) StdoutLine: {'line': b"writing manifest file '../../build/rssi_heatmap_generator_package/rssi_heatmap_generator_package.egg-info/SOURCES.txt'\n"}
[1.083124] (rssi_heatmap_generator_package) StdoutLine: {'line': b'running build\n'}
[1.083306] (rssi_heatmap_generator_package) StdoutLine: {'line': b'running build_py\n'}
[1.083408] (rssi_heatmap_generator_package) StdoutLine: {'line': b'running install\n'}
[1.087085] (rssi_heatmap_generator_package) StdoutLine: {'line': b'running install_lib\n'}
[1.099530] (rssi_heatmap_generator_package) StdoutLine: {'line': b'running install_data\n'}
[1.099715] (rssi_heatmap_generator_package) StdoutLine: {'line': b'running install_egg_info\n'}
[1.101681] (-) TimerEvent: {}
[1.113023] (rssi_heatmap_generator_package) StdoutLine: {'line': b"removing '/home/sachin/rosbot-wifi-heatmap-sim/install/rssi_heatmap_generator_package/lib/python3.12/site-packages/rssi_heatmap_generator_package-1.0.0-py3.12.egg-info' (and everything under it)\n"}
[1.113215] (rssi_heatmap_generator_package) StdoutLine: {'line': b'Copying ../../build/rssi_heatmap_generator_package/rssi_heatmap_generator_package.egg-info to /home/sachin/rosbot-wifi-heatmap-sim/install/rssi_heatmap_generator_package/lib/python3.12/site-packages/rssi_heatmap_generator_package-1.0.0-py3.12.egg-info\n'}
[1.113825] (rssi_heatmap_generator_package) StdoutLine: {'line': b'running install_scripts\n'}
[1.191901] (rssi_heatmap_generator_package) StdoutLine: {'line': b'Installing node script to /home/sachin/rosbot-wifi-heatmap-sim/install/rssi_heatmap_generator_package/lib/rssi_heatmap_generator_package\n'}
[1.192115] (rssi_heatmap_generator_package) StdoutLine: {'line': b"writing list of installed files to '/home/sachin/rosbot-wifi-heatmap-sim/build/rssi_heatmap_generator_package/install.log'\n"}
[1.201899] (-) TimerEvent: {}
[1.211506] (rssi_heatmap_generator_package) CommandEnded: {'returncode': 0}
[1.216663] (rssi_heatmap_generator_package) JobEnded: {'identifier': 'rssi_heatmap_generator_package', 'rc': 0}
[1.217240] (mappers_bringup) JobStarted: {'identifier': 'mappers_bringup'}
[1.226782] (mappers_bringup) JobProgress: {'identifier': 'mappers_bringup', 'progress': 'cmake'}
[1.227180] (mappers_bringup) JobProgress: {'identifier': 'mappers_bringup', 'progress': 'build'}
[1.227480] (mappers_bringup) Command: {'cmd': ['/usr/bin/cmake', '--build', '/home/sachin/rosbot-wifi-heatmap-sim/build/mappers_bringup', '--', '-j12', '-l12'], 'cwd': '/home/sachin/rosbot-wifi-heatmap-sim/build/mappers_bringup', 'env': OrderedDict({'LESSOPEN': '| /usr/bin/lesspipe %s', 'GZ_SIM_RESOURCE_PATH': '/home/sachin/gazebo_models', 'USER': 'sachin', 'GZ_CONFIG_PATH': '/opt/ros/jazzy/opt/gz_sim_vendor/share/gz:/opt/ros/jazzy/opt/sdformat_vendor/share/gz:/opt/ros/jazzy/opt/gz_gui_vendor/share/gz:/opt/ros/jazzy/opt/gz_transport_vendor/share/gz:/opt/ros/jazzy/opt/gz_rendering_vendor/share/gz:/opt/ros/jazzy/opt/gz_plugin_vendor/share/gz:/opt/ros/jazzy/opt/gz_fuel_tools_vendor/share/gz:/opt/ros/jazzy/opt/gz_msgs_vendor/share/gz:/opt/ros/jazzy/opt/gz_common_vendor/share/gz', 'XDG_SESSION_TYPE': 'x11', 'CLUTTER_DISABLE_MIPMAPPED_TEXT': '1', 'SHLVL': '1', 'LD_LIBRARY_PATH': '/home/sachin/rosbot-wifi-heatmap-sim/install/nav2_read_rssi_at_waypoint/lib:/home/sachin/rosbot-wifi-heatmap-sim/install/rosbot_interfaces/lib:/opt/ros/jazzy/opt/gz_sim_vendor/lib:/opt/ros/jazzy/opt/gz_sensors_vendor/lib:/opt/ros/jazzy/opt/gz_physics_vendor/lib:/opt/ros/jazzy/opt/sdformat_vendor/lib:/opt/ros/jazzy/opt/rviz_ogre_vendor/lib:/opt/ros/jazzy/lib/x86_64-linux-gnu:/opt/ros/jazzy/opt/gz_gui_vendor/lib:/opt/ros/jazzy/opt/gz_transport_vendor/lib:/opt/ros/jazzy/opt/gz_rendering_vendor/lib:/opt/ros/jazzy/opt/gz_plugin_vendor/lib:/opt/ros/jazzy/opt/gz_fuel_tools_vendor/lib:/opt/ros/jazzy/opt/gz_msgs_vendor/lib:/opt/ros/jazzy/opt/gz_common_vendor/lib:/opt/ros/jazzy/opt/gz_math_vendor/lib:/opt/ros/jazzy/opt/gz_utils_vendor/lib:/opt/ros/jazzy/opt/gz_tools_vendor/lib:/opt/ros/jazzy/opt/gz_ogre_next_vendor/lib:/opt/ros/jazzy/opt/gz_dartsim_vendor/lib:/opt/ros/jazzy/opt/gz_cmake_vendor/lib:/opt/ros/jazzy/lib', 'HOME': '/home/sachin', 'DESKTOP_SESSION': 'ubuntu', 'ROS_PYTHON_VERSION': '3', 'GNOME_SHELL_SESSION_MODE': 'ubuntu', 'GTK_MODULES': 'gail:atk-bridge', 'PS1': '(.ros2_venv) \\[\\e]0;\\u@\\h: \\w\\a\\]${debian_chroot:+($debian_chroot)}\\[\\033[01;32m\\]\\u@\\h\\[\\033[00m\\]:\\[\\033[01;34m\\]\\w\\[\\033[00m\\]\\$', 'SYSTEMD_EXEC_PID': '2572', 'GSM_SKIP_SSH_AGENT_WORKAROUND': 'true', 'DBUS_SESSION_BUS_ADDRESS': 'unix:path=/run/user/1000/bus', 'COLORTERM': 'truecolor', 'DEBUGINFOD_URLS': 'https://debuginfod.ubuntu.com', 'ROS_DISTRO': 'jazzy', 'LOGNAME': 'sachin', '_': '/usr/bin/colcon', 'ROS_VERSION': '2', 'PIP_BREAK_SYSTEM_PACKAGES': '1', 'MEMORY_PRESSURE_WATCH': '/sys/fs/cgroup/user.slice/user-1000.slice/user@1000.service/session.slice/org.gnome.Shell@x11.service/memory.pressure', 'XDG_SESSION_CLASS': 'user', 'USERNAME': 'sachin', 'TERM': 'xterm-256color', 'GNOME_DESKTOP_SESSION_ID': 'this-is-deprecated', 'WINDOWPATH': '2', 'PATH': '/home/sachin/.ros2_venv/bin:/opt/ros/jazzy/opt/gz_msgs_vendor/bin:/opt/ros/jazzy/opt/gz_tools_vendor/bin:/opt/ros/jazzy/opt/gz_ogre_next_vendor/bin:/opt/ros/jazzy/bin:/usr/local/sbin:/usr/local/bin:/usr/sbin:/usr/bin:/sbin:/bin:/usr/games:/usr/local/games:/snap/bin:/snap/bin', 'SESSION_MANAGER': 'local/SK:@/tmp/.ICE-unix/2540,unix/SK:/tmp/.ICE-unix/2540', 'XDG_MENU_PREFIX': 'gnome-', 'GNOME_TERMINAL_SCREEN': '/org/gnome/Terminal/screen/7fbb1183_0abe_4898_b799_7b2b27e9835d', 'XDG_RUNTIME_DIR': '/run/user/1000', 'DISPLAY': ':1', 'LANG': 'en_US.UTF-8', 'XDG_CURRENT_DESKTOP': 'ubuntu:GNOME', 'VIRTUAL_ENV_PROMPT': '(.ros2_venv)', 'XMODIFIERS': '@im=ibus', 'XDG_SESSION_DESKTOP': 'ubuntu', 'XAUTHORITY': '/run/user/1000/gdm/Xauthority', 'LS_COLORS': 'rs=0:di=01;34:ln=01;36:mh=00:pi=40;33:so=01;35:do=01;35:bd=40;33;01:cd=40;33;01:or=40;31;01:mi=00:su=37;41:sg=30;43:ca=00:tw=30;42:ow=34;42:st=37;44:ex=01;32:*.tar=01;31:*.tgz=01;31:*.arc=01;31:*.arj=01;31:*.taz=01;31:*.lha=01;31:*.lz4=01;31:*.lzh=01;31:*.lzma=01;31:*.tlz=01;31:*.txz=01;31:*.tzo=01;31:*.t7z=01;31:*.zip=01;31:*.z=01;31:*.dz=01;31:*.gz=01;31:*.lrz=01;31:*.lz=01;31:*.lzo=01;31:*.xz=01;31:*.zst=01;31:*.tzst=01;31:*.bz2=01;31:*.bz=01;31:*.tbz=01;31:*.tbz2=01;31:*.tz=01;31:*.deb=01;31:*.rpm=01;31:*.jar=01;31:*.war=01;31:*.ear=01;31:*.sar=01;31:*.rar=01;31:*.alz=01;31:*.ace=01;31:*.zoo=01;31:*.cpio=01;31:*.7z=01;31:*.rz=01;31:*.cab=01;31:*.wim=01;31:*.swm=01;31:*.dwm=01;31:*.esd=01;31:*.avif=01;35:*.jpg=01;35:*.jpeg=01;35:*.mjpg=01;35:*.mjpeg=01;35:*.gif=01;35:*.bmp=01;35:*.pbm=01;35:*.pgm=01;35:*.ppm=01;35:*.tga=01;35:*.xbm=01;35:*.xpm=01;35:*.tif=01;35:*.tiff=01;35:*.png=01;35:*.svg=01;35:*.svgz=01;35:*.mng=01;35:*.pcx=01;35:*.mov=01;35:*.mpg=01;35:*.mpeg=01;35:*.m2v=01;35:*.mkv=01;35:*.webm=01;35:*.webp=01;35:*.ogm=01;35:*.mp4=01;35:*.m4v=01;35:*.mp4v=01;35:*.vob=01;35:*.qt=01;35:*.nuv=01;35:*.wmv=01;35:*.asf=01;35:*.rm=01;35:*.rmvb=01;35:*.flc=01;35:*.avi=01;35:*.fli=01;35:*.flv=01;35:*.gl=01;35:*.dl=01;35:*.xcf=01;35:*.xwd=01;35:*.yuv=01;35:*.cgm=01;35:*.emf=01;35:*.ogv=01;35:*.ogx=01;35:*.aac=00;36:*.au=00;36:*.flac=00;36:*.m4a=00;36:*.mid=00;36:*.midi=00;36:*.mka=00;36:*.mp3=00;36:*.mpc=00;36:*.ogg=00;36:*.ra=00;36:*.wav=00;36:*.oga=00;36:*.opus=00;36:*.spx=00;36:*.xspf=00;36:*~=00;90:*#=00;90:*.bak=00;90:*.crdownload=00;90:*.dpkg-dist=00;90:*.dpkg-new=00;90:*.dpkg-old=00;90:*.dpkg-tmp=00;90:*.old=00;90:*.orig=00;90:*.part=00;90:*.rej=00;90:*.rpmnew=00;90:*.rpmorig=00;90:*.rpmsave=00;90:*.swp=00;90:*.tmp=00;90:*.ucf-dist=00;90:*.ucf-new=00;90:*.ucf-old=00;90:', 'GNOME_TERMINAL_SERVICE': ':1.400', 'SSH_AUTH_SOCK': '/run/user/1000/keyring/ssh', 'ROS_DOMAIN_ID': '100', 'AMENT_PREFIX_PATH': '/home/sachin/rosbot-wifi-heatmap-sim/install/rssi_heatmap_generator_package:/home/sachin/rosbot-wifi-heatmap-sim/install/nav2_read_rssi_at_waypoint:/home/sachin/rosbot-wifi-heatmap-sim/install/waypoint_publisher_package:/home/sachin/rosbot-wifi-heatmap-sim/install/rosbot_interfaces:/opt/ros/jazzy', 'SHELL': '/bin/bash', 'QT_ACCESSIBILITY': '1', 'GDMSESSION': 'ubuntu', 'LESSCLOSE': '/usr/bin/lesspipe %s %s', 'GPG_AGENT_INFO': '/run/user/1000/gnupg/S.gpg-agent:0:1', 'VIRTUAL_ENV': '/home/sachin/.ros2_venv', 'ROS_AUTOMATIC_DISCOVERY_RANGE': 'SUBNET', 'QT_IM_MODULE': 'ibus', 'PWD': '/home/sachin/rosbot-wifi-heatmap-sim/build/mappers_bringup', 'LC_ALL': 'en_US.UTF-8', 'XDG_CONFIG_DIRS': '/etc/xdg/xdg-ubuntu:/etc/xdg', 'XDG_DATA_DIRS': '/usr/share/ubuntu:/usr/share/gnome:/usr/local/share/:/usr/share/:/var/lib/snapd/desktop', 'PYTHONPATH': '/home/sachin/rosbot-wifi-heatmap-sim/install/rssi_heatmap_generator_package/lib/python3.12/site-packages:/home/sachin/rosbot-wifi-heatmap-sim/install/waypoint_publisher_package/lib/python3.12/site-packages:/home/sachin/rosbot-wifi-heatmap-sim/install/rosbot_interfaces/lib/python3.12/site-packages:/opt/ros/jazzy/lib/python3.12/site-packages', 'COLCON': '1', 'MEMORY_PRESSURE_WRITE': 'c29tZSAyMDAwMDAgMjAwMDAwMAA=', 'VTE_VERSION': '7600', 'CMAKE_PREFIX_PATH': '/home/sachin/rosbot-wifi-heatmap-sim/install/nav2_read_rssi_at_waypoint:/home/sachin/rosbot-wifi-heatmap-sim/install/rosbot_interfaces:/opt/ros/jazzy/opt/gz_sim_vendor:/opt/ros/jazzy/opt/gz_sensors_vendor:/opt/ros/jazzy/opt/gz_physics_vendor:/opt/ros/jazzy/opt/sdformat_vendor:/opt/ros/jazzy/opt/gz_gui_vendor:/opt/ros/jazzy/opt/gz_transport_vendor:/opt/ros/jazzy/opt/gz_rendering_vendor:/opt/ros/jazzy/opt/gz_plugin_vendor:/opt/ros/jazzy/opt/gz_fuel_tools_vendor:/opt/ros/jazzy/opt/gz_msgs_vendor:/opt/ros/jazzy/opt/gz_common_vendor:/opt/ros/jazzy/opt/gz_math_vendor:/opt/ros/jazzy/opt/gz_utils_vendor:/opt/ros/jazzy/opt/gz_tools_vendor:/opt/ros/jazzy/opt/gz_ogre_next_vendor:/opt/ros/jazzy/opt/gz_dartsim_vendor:/opt/ros/jazzy/opt/gz_cmake_vendor:/opt/ros/jazzy'}), 'shell': False}
[1.266229] (mappers_bringup) CommandEnded: {'returncode': 0}
[1.267181] (mappers_bringup) JobProgress: {'identifier': 'mappers_bringup', 'progress': 'install'}
[1.267717] (mappers_bringup) Command: {'cmd': ['/usr/bin/cmake', '--install', '/home/sachin/rosbot-wifi-heatmap-sim/build/mappers_bringup'], 'cwd': '/home/sachin/rosbot-wifi-heatmap-sim/build/mappers_bringup', 'env': OrderedDict({'LESSOPEN': '| /usr/bin/lesspipe %s', 'GZ_SIM_RESOURCE_PATH': '/home/sachin/gazebo_models', 'USER': 'sachin', 'GZ_CONFIG_PATH': '/opt/ros/jazzy/opt/gz_sim_vendor/share/gz:/opt/ros/jazzy/opt/sdformat_vendor/share/gz:/opt/ros/jazzy/opt/gz_gui_vendor/share/gz:/opt/ros/jazzy/opt/gz_transport_vendor/share/gz:/opt/ros/jazzy/opt/gz_rendering_vendor/share/gz:/opt/ros/jazzy/opt/gz_plugin_vendor/share/gz:/opt/ros/jazzy/opt/gz_fuel_tools_vendor/share/gz:/opt/ros/jazzy/opt/gz_msgs_vendor/share/gz:/opt/ros/jazzy/opt/gz_common_vendor/share/gz', 'XDG_SESSION_TYPE': 'x11', 'CLUTTER_DISABLE_MIPMAPPED_TEXT': '1', 'SHLVL': '1', 'LD_LIBRARY_PATH': '/home/sachin/rosbot-wifi-heatmap-sim/install/nav2_read_rssi_at_waypoint/lib:/home/sachin/rosbot-wifi-heatmap-sim/install/rosbot_interfaces/lib:/opt/ros/jazzy/opt/gz_sim_vendor/lib:/opt/ros/jazzy/opt/gz_sensors_vendor/lib:/opt/ros/jazzy/opt/gz_physics_vendor/lib:/opt/ros/jazzy/opt/sdformat_vendor/lib:/opt/ros/jazzy/opt/rviz_ogre_vendor/lib:/opt/ros/jazzy/lib/x86_64-linux-gnu:/opt/ros/jazzy/opt/gz_gui_vendor/lib:/opt/ros/jazzy/opt/gz_transport_vendor/lib:/opt/ros/jazzy/opt/gz_rendering_vendor/lib:/opt/ros/jazzy/opt/gz_plugin_vendor/lib:/opt/ros/jazzy/opt/gz_fuel_tools_vendor/lib:/opt/ros/jazzy/opt/gz_msgs_vendor/lib:/opt/ros/jazzy/opt/gz_common_vendor/lib:/opt/ros/jazzy/opt/gz_math_vendor/lib:/opt/ros/jazzy/opt/gz_utils_vendor/lib:/opt/ros/jazzy/opt/gz_tools_vendor/lib:/opt/ros/jazzy/opt/gz_ogre_next_vendor/lib:/opt/ros/jazzy/opt/gz_dartsim_vendor/lib:/opt/ros/jazzy/opt/gz_cmake_vendor/lib:/opt/ros/jazzy/lib', 'HOME': '/home/sachin', 'DESKTOP_SESSION': 'ubuntu', 'ROS_PYTHON_VERSION': '3', 'GNOME_SHELL_SESSION_MODE': 'ubuntu', 'GTK_MODULES': 'gail:atk-bridge', 'PS1': '(.ros2_venv) \\[\\e]0;\\u@\\h: \\w\\a\\]${debian_chroot:+($debian_chroot)}\\[\\033[01;32m\\]\\u@\\h\\[\\033[00m\\]:\\[\\033[01;34m\\]\\w\\[\\033[00m\\]\\$', 'SYSTEMD_EXEC_PID': '2572', 'GSM_SKIP_SSH_AGENT_WORKAROUND': 'true', 'DBUS_SESSION_BUS_ADDRESS': 'unix:path=/run/user/1000/bus', 'COLORTERM': 'truecolor', 'DEBUGINFOD_URLS': 'https://debuginfod.ubuntu.com', 'ROS_DISTRO': 'jazzy', 'LOGNAME': 'sachin', '_': '/usr/bin/colcon', 'ROS_VERSION': '2', 'PIP_BREAK_SYSTEM_PACKAGES': '1', 'MEMORY_PRESSURE_WATCH': '/sys/fs/cgroup/user.slice/user-1000.slice/user@1000.service/session.slice/org.gnome.Shell@x11.service/memory.pressure', 'XDG_SESSION_CLASS': 'user', 'USERNAME': 'sachin', 'TERM': 'xterm-256color', 'GNOME_DESKTOP_SESSION_ID': 'this-is-deprecated', 'WINDOWPATH': '2', 'PATH': '/home/sachin/.ros2_venv/bin:/opt/ros/jazzy/opt/gz_msgs_vendor/bin:/opt/ros/jazzy/opt/gz_tools_vendor/bin:/opt/ros/jazzy/opt/gz_ogre_next_vendor/bin:/opt/ros/jazzy/bin:/usr/local/sbin:/usr/local/bin:/usr/sbin:/usr/bin:/sbin:/bin:/usr/games:/usr/local/games:/snap/bin:/snap/bin', 'SESSION_MANAGER': 'local/SK:@/tmp/.ICE-unix/2540,unix/SK:/tmp/.ICE-unix/2540', 'XDG_MENU_PREFIX': 'gnome-', 'GNOME_TERMINAL_SCREEN': '/org/gnome/Terminal/screen/7fbb1183_0abe_4898_b799_7b2b27e9835d', 'XDG_RUNTIME_DIR': '/run/user/1000', 'DISPLAY': ':1', 'LANG': 'en_US.UTF-8', 'XDG_CURRENT_DESKTOP': 'ubuntu:GNOME', 'VIRTUAL_ENV_PROMPT': '(.ros2_venv)', 'XMODIFIERS': '@im=ibus', 'XDG_SESSION_DESKTOP': 'ubuntu', 'XAUTHORITY': '/run/user/1000/gdm/Xauthority', 'LS_COLORS': 'rs=0:di=01;34:ln=01;36:mh=00:pi=40;33:so=01;35:do=01;35:bd=40;33;01:cd=40;33;01:or=40;31;01:mi=00:su=37;41:sg=30;43:ca=00:tw=30;42:ow=34;42:st=37;44:ex=01;32:*.tar=01;31:*.tgz=01;31:*.arc=01;31:*.arj=01;31:*.taz=01;31:*.lha=01;31:*.lz4=01;31:*.lzh=01;31:*.lzma=01;31:*.tlz=01;31:*.txz=01;31:*.tzo=01;31:*.t7z=01;31:*.zip=01;31:*.z=01;31:*.dz=01;31:*.gz=01;31:*.lrz=01;31:*.lz=01;31:*.lzo=01;31:*.xz=01;31:*.zst=01;31:*.tzst=01;31:*.bz2=01;31:*.bz=01;31:*.tbz=01;31:*.tbz2=01;31:*.tz=01;31:*.deb=01;31:*.rpm=01;31:*.jar=01;31:*.war=01;31:*.ear=01;31:*.sar=01;31:*.rar=01;31:*.alz=01;31:*.ace=01;31:*.zoo=01;31:*.cpio=01;31:*.7z=01;31:*.rz=01;31:*.cab=01;31:*.wim=01;31:*.swm=01;31:*.dwm=01;31:*.esd=01;31:*.avif=01;35:*.jpg=01;35:*.jpeg=01;35:*.mjpg=01;35:*.mjpeg=01;35:*.gif=01;35:*.bmp=01;35:*.pbm=01;35:*.pgm=01;35:*.ppm=01;35:*.tga=01;35:*.xbm=01;35:*.xpm=01;35:*.tif=01;35:*.tiff=01;35:*.png=01;35:*.svg=01;35:*.svgz=01;35:*.mng=01;35:*.pcx=01;35:*.mov=01;35:*.mpg=01;35:*.mpeg=01;35:*.m2v=01;35:*.mkv=01;35:*.webm=01;35:*.webp=01;35:*.ogm=01;35:*.mp4=01;35:*.m4v=01;35:*.mp4v=01;35:*.vob=01;35:*.qt=01;35:*.nuv=01;35:*.wmv=01;35:*.asf=01;35:*.rm=01;35:*.rmvb=01;35:*.flc=01;35:*.avi=01;35:*.fli=01;35:*.flv=01;35:*.gl=01;35:*.dl=01;35:*.xcf=01;35:*.xwd=01;35:*.yuv=01;35:*.cgm=01;35:*.emf=01;35:*.ogv=01;35:*.ogx=01;35:*.aac=00;36:*.au=00;36:*.flac=00;36:*.m4a=00;36:*.mid=00;36:*.midi=00;36:*.mka=00;36:*.mp3=00;36:*.mpc=00;36:*.ogg=00;36:*.ra=00;36:*.wav=00;36:*.oga=00;36:*.opus=00;36:*.spx=00;36:*.xspf=00;36:*~=00;90:*#=00;90:*.bak=00;90:*.crdownload=00;90:*.dpkg-dist=00;90:*.dpkg-new=00;90:*.dpkg-old=00;90:*.dpkg-tmp=00;90:*.old=00;90:*.orig=00;90:*.part=00;90:*.rej=00;90:*.rpmnew=00;90:*.rpmorig=00;90:*.rpmsave=00;90:*.swp=00;90:*.tmp=00;90:*.ucf-dist=00;90:*.ucf-new=00;90:*.ucf-old=00;90:', 'GNOME_TERMINAL_SERVICE': ':1.400', 'SSH_AUTH_SOCK': '/run/user/1000/keyring/ssh', 'ROS_DOMAIN_ID': '100', 'AMENT_PREFIX_PATH': '/home/sachin/rosbot-wifi-heatmap-sim/install/rssi_heatmap_generator_package:/home/sachin/rosbot-wifi-heatmap-sim/install/nav2_read_rssi_at_waypoint:/home/sachin/rosbot-wifi-heatmap-sim/install/waypoint_publisher_package:/home/sachin/rosbot-wifi-heatmap-sim/install/rosbot_interfaces:/opt/ros/jazzy', 'SHELL': '/bin/bash', 'QT_ACCESSIBILITY': '1', 'GDMSESSION': 'ubuntu', 'LESSCLOSE': '/usr/bin/lesspipe %s %s', 'GPG_AGENT_INFO': '/run/user/1000/gnupg/S.gpg-agent:0:1', 'VIRTUAL_ENV': '/home/sachin/.ros2_venv', 'ROS_AUTOMATIC_DISCOVERY_RANGE': 'SUBNET', 'QT_IM_MODULE': 'ibus', 'PWD': '/home/sachin/rosbot-wifi-heatmap-sim/build/mappers_bringup', 'LC_ALL': 'en_US.UTF-8', 'XDG_CONFIG_DIRS': '/etc/xdg/xdg-ubuntu:/etc/xdg', 'XDG_DATA_DIRS': '/usr/share/ubuntu:/usr/share/gnome:/usr/local/share/:/usr/share/:/var/lib/snapd/desktop', 'PYTHONPATH': '/home/sachin/rosbot-wifi-heatmap-sim/install/rssi_heatmap_generator_package/lib/python3.12/site-packages:/home/sachin/rosbot-wifi-heatmap-sim/install/waypoint_publisher_package/lib/python3.12/site-packages:/home/sachin/rosbot-wifi-heatmap-sim/install/rosbot_interfaces/lib/python3.12/site-packages:/opt/ros/jazzy/lib/python3.12/site-packages', 'COLCON': '1', 'MEMORY_PRESSURE_WRITE': 'c29tZSAyMDAwMDAgMjAwMDAwMAA=', 'VTE_VERSION': '7600', 'CMAKE_PREFIX_PATH': '/home/sachin/rosbot-wifi-heatmap-sim/install/nav2_read_rssi_at_waypoint:/home/sachin/rosbot-wifi-heatmap-sim/install/rosbot_interfaces:/opt/ros/jazzy/opt/gz_sim_vendor:/opt/ros/jazzy/opt/gz_sensors_vendor:/opt/ros/jazzy/opt/gz_physics_vendor:/opt/ros/jazzy/opt/sdformat_vendor:/opt/ros/jazzy/opt/gz_gui_vendor:/opt/ros/jazzy/opt/gz_transport_vendor:/opt/ros/jazzy/opt/gz_rendering_vendor:/opt/ros/jazzy/opt/gz_plugin_vendor:/opt/ros/jazzy/opt/gz_fuel_tools_vendor:/opt/ros/jazzy/opt/gz_msgs_vendor:/opt/ros/jazzy/opt/gz_common_vendor:/opt/ros/jazzy/opt/gz_math_vendor:/opt/ros/jazzy/opt/gz_utils_vendor:/opt/ros/jazzy/opt/gz_tools_vendor:/opt/ros/jazzy/opt/gz_ogre_next_vendor:/opt/ros/jazzy/opt/gz_dartsim_vendor:/opt/ros/jazzy/opt/gz_cmake_vendor:/opt/ros/jazzy'}), 'shell': False}
[1.278806] (mappers_bringup) StdoutLine: {'line': b'-- Install configuration: ""\n'}
[1.279071] (mappers_bringup) StdoutLine: {'line': b'-- Up-to-date: /home/sachin/rosbot-wifi-heatmap-sim/install/mappers_bringup/share/mappers_bringup/launch\n'}
[1.279245] (mappers_bringup) StdoutLine: {'line': b'-- Up-to-date: /home/sachin/rosbot-wifi-heatmap-sim/install/mappers_bringup/share/mappers_bringup/launch/mappers.launch.py\n'}
[1.279409] (mappers_bringup) StdoutLine: {'line': b'-- Up-to-date: /home/sachin/rosbot-wifi-heatmap-sim/install/mappers_bringup/share/mappers_bringup/launch/sim_nav2_slam.launch.py\n'}
[1.279540] (mappers_bringup) StdoutLine: {'line': b'-- Up-to-date: /home/sachin/rosbot-wifi-heatmap-sim/install/mappers_bringup/share/mappers_bringup/launch/sim_nav2_localization.launch.py\n'}
[1.279652] (mappers_bringup) StdoutLine: {'line': b'-- Up-to-date: /home/sachin/rosbot-wifi-heatmap-sim/install/mappers_bringup/share/mappers_bringup/config\n'}
[1.279750] (mappers_bringup) StdoutLine: {'line': b'-- Up-to-date: /home/sachin/rosbot-wifi-heatmap-sim/install/mappers_bringup/share/mappers_bringup/config/slam_params.yaml\n'}
[1.279841] (mappers_bringup) StdoutLine: {'line': b'-- Installing: /home/sachin/rosbot-wifi-heatmap-sim/install/mappers_bringup/share/mappers_bringup/config/nav2_params.yaml\n'}
[1.279932] (mappers_bringup) StdoutLine: {'line': b'-- Up-to-date: /home/sachin/rosbot-wifi-heatmap-sim/install/mappers_bringup/share/ament_index/resource_index/package_run_dependencies/mappers_bringup\n'}
[1.280022] (mappers_bringup) StdoutLine: {'line': b'-- Up-to-date: /home/sachin/rosbot-wifi-heatmap-sim/install/mappers_bringup/share/ament_index/resource_index/parent_prefix_path/mappers_bringup\n'}
[1.280113] (mappers_bringup) StdoutLine: {'line': b'-- Up-to-date: /home/sachin/rosbot-wifi-heatmap-sim/install/mappers_bringup/share/mappers_bringup/environment/ament_prefix_path.sh\n'}
[1.280203] (mappers_bringup) StdoutLine: {'line': b'-- Up-to-date: /home/sachin/rosbot-wifi-heatmap-sim/install/mappers_bringup/share/mappers_bringup/environment/ament_prefix_path.dsv\n'}
[1.280293] (mappers_bringup) StdoutLine: {'line': b'-- Up-to-date: /home/sachin/rosbot-wifi-heatmap-sim/install/mappers_bringup/share/mappers_bringup/environment/path.sh\n'}
[1.280426] (mappers_bringup) StdoutLine: {'line': b'-- Up-to-date: /home/sachin/rosbot-wifi-heatmap-sim/install/mappers_bringup/share/mappers_bringup/environment/path.dsv\n'}
[1.280477] (mappers_bringup) StdoutLine: {'line': b'-- Up-to-date: /home/sachin/rosbot-wifi-heatmap-sim/install/mappers_bringup/share/mappers_bringup/local_setup.bash\n'}
[1.280518] (mappers_bringup) StdoutLine: {'line': b'-- Up-to-date: /home/sachin/rosbot-wifi-heatmap-sim/install/mappers_bringup/share/mappers_bringup/local_setup.sh\n'}
[1.280556] (mappers_bringup) StdoutLine: {'line': b'-- Up-to-date: /home/sachin/rosbot-wifi-heatmap-sim/install/mappers_bringup/share/mappers_bringup/local_setup.zsh\n'}
[1.280595] (mappers_bringup) StdoutLine: {'line': b'-- Up-to-date: /home/sachin/rosbot-wifi-heatmap-sim/install/mappers_bringup/share/mappers_bringup/local_setup.dsv\n'}
[1.280659] (mappers_bringup) StdoutLine: {'line': b'-- Installing: /home/sachin/rosbot-wifi-heatmap-sim/install/mappers_bringup/share/mappers_bringup/package.dsv\n'}
[1.280701] (mappers_bringup) StdoutLine: {'line': b'-- Up-to-date: /home/sachin/rosbot-wifi-heatmap-sim/install/mappers_bringup/share/ament_index/resource_index/packages/mappers_bringup\n'}
[1.280747] (mappers_bringup) StdoutLine: {'line': b'-- Up-to-date: /home/sachin/rosbot-wifi-heatmap-sim/install/mappers_bringup/share/mappers_bringup/cmake/mappers_bringupConfig.cmake\n'}
[1.280789] (mappers_bringup) StdoutLine: {'line': b'-- Up-to-date: /home/sachin/rosbot-wifi-heatmap-sim/install/mappers_bringup/share/mappers_bringup/cmake/mappers_bringupConfig-version.cmake\n'}
[1.280861] (mappers_bringup) StdoutLine: {'line': b'-- Up-to-date: /home/sachin/rosbot-wifi-heatmap-sim/install/mappers_bringup/share/mappers_bringup/package.xml\n'}
[1.281219] (mappers_bringup) CommandEnded: {'returncode': 0}
[1.291611] (mappers_bringup) JobEnded: {'identifier': 'mappers_bringup', 'rc': 0}
[1.292052] (-) EventReactorShutdown: {}
