[0.000000] (-) TimerEvent: {}
[0.001211] (rosbot_interfaces) JobQueued: {'identifier': 'rosbot_interfaces', 'dependencies': OrderedDict()}
[0.001297] (waypoint_publisher_package) JobQueued: {'identifier': 'waypoint_publisher_package', 'dependencies': OrderedDict()}
[0.001370] (nav2_read_rssi_at_waypoint) JobQueued: {'identifier': 'nav2_read_rssi_at_waypoint', 'dependencies': OrderedDict({'rosbot_interfaces': '/home/sachin/rosbot-wifi-heatmap-sim/install/rosbot_interfaces'})}
[0.001425] (rssi_heatmap_generator_package) JobQueued: {'identifier': 'rssi_heatmap_generator_package', 'dependencies': OrderedDict({'rosbot_interfaces': '/home/sachin/rosbot-wifi-heatmap-sim/install/rosbot_interfaces'})}
[0.001847] (mappers_bringup) JobQueued: {'identifier': 'mappers_bringup', 'dependencies': OrderedDict({'rosbot_interfaces': '/home/sachin/rosbot-wifi-heatmap-sim/install/rosbot_interfaces', 'waypoint_publisher_package': '/home/sachin/rosbot-wifi-heatmap-sim/install/waypoint_publisher_package', 'nav2_read_rssi_at_waypoint': '/home/sachin/rosbot-wifi-heatmap-sim/install/nav2_read_rssi_at_waypoint', 'rssi_heatmap_generator_package': '/home/sachin/rosbot-wifi-heatmap-sim/install/rssi_heatmap_generator_package'})}
[0.002082] (rosbot_interfaces) JobStarted: {'identifier': 'rosbot_interfaces'}
[0.010638] (waypoint_publisher_package) JobStarted: {'identifier': 'waypoint_publisher_package'}
[0.020295] (rosbot_interfaces) JobProgress: {'identifier': 'rosbot_interfaces', 'progress': 'cmake'}
[0.021763] (rosbot_interfaces) JobProgress: {'identifier': 'rosbot_interfaces', 'progress': 'build'}
[0.021845] (rosbot_interfaces) Command: {'cmd': ['/usr/bin/cmake', '--build', '/home/sachin/rosbot-wifi-heatmap-sim/build/rosbot_interfaces', '--', '-j12', '-l12'], 'cwd': '/home/sachin/rosbot-wifi-heatmap-sim/build/rosbot_interfaces', 'env': OrderedDict({'LESSOPEN': '| /usr/bin/lesspipe %s', 'GZ_SIM_RESOURCE_PATH': '/opt/ros/jazzy/share:/home/sachin/gazebo_models', 'USER': 'sachin', 'GZ_CONFIG_PATH': '/opt/ros/jazzy/opt/gz_sim_vendor/share/gz:/opt/ros/jazzy/opt/sdformat_vendor/share/gz:/opt/ros/jazzy/opt/gz_gui_vendor/share/gz:/opt/ros/jazzy/opt/gz_transport_vendor/share/gz:/opt/ros/jazzy/opt/gz_rendering_vendor/share/gz:/opt/ros/jazzy/opt/gz_plugin_vendor/share/gz:/opt/ros/jazzy/opt/gz_fuel_tools_vendor/share/gz:/opt/ros/jazzy/opt/gz_msgs_vendor/share/gz:/opt/ros/jazzy/opt/gz_common_vendor/share/gz', 'XDG_SESSION_TYPE': 'x11', 'CLUTTER_DISABLE_MIPMAPPED_TEXT': '1', 'SHLVL': '1', 'LD_LIBRARY_PATH': '/home/sachin/rosbot-wifi-heatmap-sim/install/nav2_read_rssi_at_waypoint/lib:/home/sachin/rosbot-wifi-heatmap-sim/install/rosbot_interfaces/lib:/opt/ros/jazzy/opt/gz_sim_vendor/lib:/opt/ros/jazzy/opt/gz_sensors_vendor/lib:/opt/ros/jazzy/opt/gz_physics_vendor/lib:/opt/ros/jazzy/opt/sdformat_vendor/lib:/opt/ros/jazzy/opt/rviz_ogre_vendor/lib:/opt/ros/jazzy/lib/x86_64-linux-gnu:/opt/ros/jazzy/opt/gz_gui_vendor/lib:/opt/ros/jazzy/opt/gz_transport_vendor/lib:/opt/ros/jazzy/opt/gz_rendering_vendor/lib:/opt/ros/jazzy/opt/gz_plugin_vendor/lib:/opt/ros/jazzy/opt/gz_fuel_tools_vendor/lib:/opt/ros/jazzy/opt/gz_msgs_vendor/lib:/opt/ros/jazzy/opt/gz_common_vendor/lib:/opt/ros/jazzy/opt/gz_math_vendor/lib:/opt/ros/jazzy/opt/gz_utils_vendor/lib:/opt/ros/jazzy/opt/gz_tools_vendor/lib:/opt/ros/jazzy/opt/gz_ogre_next_vendor/lib:/opt/ros/jazzy/opt/gz_dartsim_vendor/lib:/opt/ros/jazzy/opt/gz_cmake_vendor/lib:/opt/ros/jazzy/lib', 'HOME': '/home/sachin', 'OLDPWD': '/home/sachin/turtlebot3_ws', 'DESKTOP_SESSION': 'ubuntu', 'ROS_PYTHON_VERSION': '3', 'GNOME_SHELL_SESSION_MODE': 'ubuntu', 'GTK_MODULES': 'gail:atk-bridge', 'PS1': '(.ros2_venv) \\[\\e]0;\\u@\\h: \\w\\a\\]${debian_chroot:+($debian_chroot)}\\[\\033[01;32m\\]\\u@\\h\\[\\033[00m\\]:\\[\\033[01;34m\\]\\w\\[\\033[00m\\]\\$', 'SYSTEMD_EXEC_PID': '2614', 'GSM_SKIP_SSH_AGENT_WORKAROUND': 'true', 'DBUS_SESSION_BUS_ADDRESS': 'unix:path=/run/user/1000/bus', 'COLORTERM': 'truecolor', 'DEBUGINFOD_URLS': 'https://debuginfod.ubuntu.com', 'COLCON_PREFIX_PATH': '/home/sachin/rosbot-wifi-heatmap-sim/install:/home/sachin/turtlebot3_ws/install', 'ROS_DISTRO': 'jazzy', 'LOGNAME': 'sachin', '_': '/usr/bin/colcon', 'ROS_VERSION': '2', 'PIP_BREAK_SYSTEM_PACKAGES': '1', 'MEMORY_PRESSURE_WATCH': '/sys/fs/cgroup/user.slice/user-1000.slice/user@1000.service/session.slice/org.gnome.Shell@x11.service/memory.pressure', 'XDG_SESSION_CLASS': 'user', 'USERNAME': 'sachin', 'TERM': 'xterm-256color', 'GNOME_DESKTOP_SESSION_ID': 'this-is-deprecated', 'WINDOWPATH': '2', 'PATH': '/home/sachin/.ros2_venv/bin:/opt/ros/jazzy/opt/gz_msgs_vendor/bin:/opt/ros/jazzy/opt/gz_tools_vendor/bin:/opt/ros/jazzy/opt/gz_ogre_next_vendor/bin:/opt/ros/jazzy/bin:/usr/local/sbin:/usr/local/bin:/usr/sbin:/usr/bin:/sbin:/bin:/usr/games:/usr/local/games:/snap/bin:/snap/bin', 'SESSION_MANAGER': 'local/SK:@/tmp/.ICE-unix/2583,unix/SK:/tmp/.ICE-unix/2583', 'XDG_MENU_PREFIX': 'gnome-', 'GNOME_TERMINAL_SCREEN': '/org/gnome/Terminal/screen/df379d0b_c7dc_4b7a_b5af_a8e2f23f471b', 'XDG_RUNTIME_DIR': '/run/user/1000', 'DISPLAY': ':1', 'LANG': 'en_US.UTF-8', 'XDG_CURRENT_DESKTOP': 'ubuntu:GNOME', 'VIRTUAL_ENV_PROMPT': '(.ros2_venv)', 'XMODIFIERS': '@im=ibus', 'XDG_SESSION_DESKTOP': 'ubuntu', 'XAUTHORITY': '/run/user/1000/gdm/Xauthority', 'LS_COLORS': 'rs=0:di=01;34:ln=01;36:mh=00:pi=40;33:so=01;35:do=01;35:bd=40;33;01:cd=40;33;01:or=40;31;01:mi=00:su=37;41:sg=30;43:ca=00:tw=30;42:ow=34;42:st=37;44:ex=01;32:*.tar=01;31:*.tgz=01;31:*.arc=01;31:*.arj=01;31:*.taz=01;31:*.lha=01;31:*.lz4=01;31:*.lzh=01;31:*.lzma=01;31:*.tlz=01;31:*.txz=01;31:*.tzo=01;31:*.t7z=01;31:*.zip=01;31:*.z=01;31:*.dz=01;31:*.gz=01;31:*.lrz=01;31:*.lz=01;31:*.lzo=01;31:*.xz=01;31:*.zst=01;31:*.tzst=01;31:*.bz2=01;31:*.bz=01;31:*.tbz=01;31:*.tbz2=01;31:*.tz=01;31:*.deb=01;31:*.rpm=01;31:*.jar=01;31:*.war=01;31:*.ear=01;31:*.sar=01;31:*.rar=01;31:*.alz=01;31:*.ace=01;31:*.zoo=01;31:*.cpio=01;31:*.7z=01;31:*.rz=01;31:*.cab=01;31:*.wim=01;31:*.swm=01;31:*.dwm=01;31:*.esd=01;31:*.avif=01;35:*.jpg=01;35:*.jpeg=01;35:*.mjpg=01;35:*.mjpeg=01;35:*.gif=01;35:*.bmp=01;35:*.pbm=01;35:*.pgm=01;35:*.ppm=01;35:*.tga=01;35:*.xbm=01;35:*.xpm=01;35:*.tif=01;35:*.tiff=01;35:*.png=01;35:*.svg=01;35:*.svgz=01;35:*.mng=01;35:*.pcx=01;35:*.mov=01;35:*.mpg=01;35:*.mpeg=01;35:*.m2v=01;35:*.mkv=01;35:*.webm=01;35:*.webp=01;35:*.ogm=01;35:*.mp4=01;35:*.m4v=01;35:*.mp4v=01;35:*.vob=01;35:*.qt=01;35:*.nuv=01;35:*.wmv=01;35:*.asf=01;35:*.rm=01;35:*.rmvb=01;35:*.flc=01;35:*.avi=01;35:*.fli=01;35:*.flv=01;35:*.gl=01;35:*.dl=01;35:*.xcf=01;35:*.xwd=01;35:*.yuv=01;35:*.cgm=01;35:*.emf=01;35:*.ogv=01;35:*.ogx=01;35:*.aac=00;36:*.au=00;36:*.flac=00;36:*.m4a=00;36:*.mid=00;36:*.midi=00;36:*.mka=00;36:*.mp3=00;36:*.mpc=00;36:*.ogg=00;36:*.ra=00;36:*.wav=00;36:*.oga=00;36:*.opus=00;36:*.spx=00;36:*.xspf=00;36:*~=00;90:*#=00;90:*.bak=00;90:*.crdownload=00;90:*.dpkg-dist=00;90:*.dpkg-new=00;90:*.dpkg-old=00;90:*.dpkg-tmp=00;90:*.old=00;90:*.orig=00;90:*.part=00;90:*.rej=00;90:*.rpmnew=00;90:*.rpmorig=00;90:*.rpmsave=00;90:*.swp=00;90:*.tmp=00;90:*.ucf-dist=00;90:*.ucf-new=00;90:*.ucf-old=00;90:', 'GNOME_TERMINAL_SERVICE': ':1.95', 'SSH_AUTH_SOCK': '/run/user/1000/keyring/ssh', 'ROS_DOMAIN_ID': '100', 'AMENT_PREFIX_PATH': '/home/sachin/rosbot-wifi-heatmap-sim/install/mappers_bringup:/home/sachin/rosbot-wifi-heatmap-sim/install/waypoint_publisher_package:/home/sachin/rosbot-wifi-heatmap-sim/install/rssi_heatmap_generator_package:/home/sachin/rosbot-wifi-heatmap-sim/install/nav2_read_rssi_at_waypoint:/home/sachin/rosbot-wifi-heatmap-sim/install/rosbot_interfaces:/home/sachin/turtlebot3_ws/install/turtlebot3_simulations:/home/sachin/turtlebot3_ws/install/turtlebot3_gazebo:/home/sachin/turtlebot3_ws/install/turtlebot3_fake_node:/opt/ros/jazzy', 'SHELL': '/bin/bash', 'QT_ACCESSIBILITY': '1', 'GDMSESSION': 'ubuntu', 'LESSCLOSE': '/usr/bin/lesspipe %s %s', 'GPG_AGENT_INFO': '/run/user/1000/gnupg/S.gpg-agent:0:1', 'VIRTUAL_ENV': '/home/sachin/.ros2_venv', 'ROS_AUTOMATIC_DISCOVERY_RANGE': 'SUBNET', 'QT_IM_MODULE': 'ibus', 'PWD': '/home/sachin/rosbot-wifi-heatmap-sim/build/rosbot_interfaces', 'LC_ALL': 'en_US.UTF-8', 'XDG_CONFIG_DIRS': '/etc/xdg/xdg-ubuntu:/etc/xdg', 'XDG_DATA_DIRS': '/usr/share/ubuntu:/usr/share/gnome:/usr/local/share/:/usr/share/:/var/lib/snapd/desktop', 'PYTHONPATH': '/home/sachin/rosbot-wifi-heatmap-sim/install/waypoint_publisher_package/lib/python3.12/site-packages:/home/sachin/rosbot-wifi-heatmap-sim/install/rssi_heatmap_generator_package/lib/python3.12/site-packages:/home/sachin/rosbot-wifi-heatmap-sim/install/rosbot_interfaces/lib/python3.12/site-packages:/opt/ros/jazzy/lib/python3.12/site-packages', 'COLCON': '1', 'MEMORY_PRESSURE_WRITE': 'c29tZSAyMDAwMDAgMjAwMDAwMAA=', 'VTE_VERSION': '7600', 'CMAKE_PREFIX_PATH': '/home/sachin/rosbot-wifi-heatmap-sim/install/mappers_bringup:/home/sachin/rosbot-wifi-heatmap-sim/install/nav2_read_rssi_at_waypoint:/home/sachin/rosbot-wifi-heatmap-sim/install/rosbot_interfaces:/home/sachin/turtlebot3_ws/install/turtlebot3_simulations:/home/sachin/turtlebot3_ws/install/turtlebot3_gazebo:/home/sachin/turtlebot3_ws/install/turtlebot3_fake_node:/opt/ros/jazzy/opt/gz_sim_vendor:/opt/ros/jazzy/opt/gz_sensors_vendor:/opt/ros/jazzy/opt/gz_physics_vendor:/opt/ros/jazzy/opt/sdformat_vendor:/opt/ros/jazzy/opt/gz_gui_vendor:/opt/ros/jazzy/opt/gz_transport_vendor:/opt/ros/jazzy/opt/gz_rendering_vendor:/opt/ros/jazzy/opt/gz_plugin_vendor:/opt/ros/jazzy/opt/gz_fuel_tools_vendor:/opt/ros/jazzy/opt/gz_msgs_vendor:/opt/ros/jazzy/opt/gz_common_vendor:/opt/ros/jazzy/opt/gz_math_vendor:/opt/ros/jazzy/opt/gz_utils_vendor:/opt/ros/jazzy/opt/gz_tools_vendor:/opt/ros/jazzy/opt/gz_ogre_next_vendor:/opt/ros/jazzy/opt/gz_dartsim_vendor:/opt/ros/jazzy/opt/gz_cmake_vendor:/home/sachin/rosbot-wifi-heatmap-sim/install/waypoint_publisher_package:/home/sachin/rosbot-wifi-heatmap-sim/install/rssi_heatmap_generator_package:/opt/ros/jazzy'}), 'shell': False}
[0.099724] (-) TimerEvent: {}
[0.103296] (rosbot_interfaces) StdoutLine: {'line': b'[  2%] Built target rosbot_interfaces__rs\n'}
[0.108262] (rosbot_interfaces) StdoutLine: {'line': b'[  5%] Built target rosbot_interfaces__rosidl_generator_type_description\n'}
[0.119500] (rosbot_interfaces) StdoutLine: {'line': b'[  5%] Built target ament_cmake_python_copy_rosbot_interfaces\n'}
[0.135042] (rosbot_interfaces) StdoutLine: {'line': b'[  8%] Built target rosbot_interfaces__cpp\n'}
[0.138322] (rosbot_interfaces) StdoutLine: {'line': b'[ 22%] Built target rosbot_interfaces__rosidl_generator_c\n'}
[0.164835] (rosbot_interfaces) StdoutLine: {'line': b'[ 31%] Built target rosbot_interfaces__rosidl_typesupport_c\n'}
[0.165246] (rosbot_interfaces) StdoutLine: {'line': b'[ 40%] Built target rosbot_interfaces__rosidl_typesupport_fastrtps_c\n'}
[0.165588] (rosbot_interfaces) StdoutLine: {'line': b'[ 48%] Built target rosbot_interfaces__rosidl_typesupport_cpp\n'}
[0.167168] (rosbot_interfaces) StdoutLine: {'line': b'[ 57%] Built target rosbot_interfaces__rosidl_typesupport_fastrtps_cpp\n'}
[0.174547] (rosbot_interfaces) StdoutLine: {'line': b'[ 65%] Built target rosbot_interfaces__rosidl_typesupport_introspection_cpp\n'}
[0.175760] (rosbot_interfaces) StdoutLine: {'line': b'[ 74%] Built target rosbot_interfaces__rosidl_typesupport_introspection_c\n'}
[0.199912] (-) TimerEvent: {}
[0.203519] (rosbot_interfaces) StdoutLine: {'line': b'[ 74%] Built target rosbot_interfaces\n'}
[0.234866] (rosbot_interfaces) StdoutLine: {'line': b'[ 77%] Built target rosbot_interfaces__py\n'}
[0.267364] (rosbot_interfaces) StdoutLine: {'line': b'[ 82%] Built target rosbot_interfaces__rosidl_generator_py\n'}
[0.296050] (rosbot_interfaces) StdoutLine: {'line': b'[ 88%] Built target rosbot_interfaces_s__rosidl_typesupport_c\n'}
[0.300150] (-) TimerEvent: {}
[0.302014] (rosbot_interfaces) StdoutLine: {'line': b'[ 94%] Built target rosbot_interfaces_s__rosidl_typesupport_fastrtps_c\n'}
[0.302436] (rosbot_interfaces) StdoutLine: {'line': b'[100%] Built target rosbot_interfaces_s__rosidl_typesupport_introspection_c\n'}
[0.400386] (-) TimerEvent: {}
[0.431073] (rosbot_interfaces) StdoutLine: {'line': b'running egg_info\n'}
[0.448299] (rosbot_interfaces) StdoutLine: {'line': b'writing rosbot_interfaces.egg-info/PKG-INFO\n'}
[0.448784] (rosbot_interfaces) StdoutLine: {'line': b'writing dependency_links to rosbot_interfaces.egg-info/dependency_links.txt\n'}
[0.449179] (rosbot_interfaces) StdoutLine: {'line': b'writing top-level names to rosbot_interfaces.egg-info/top_level.txt\n'}
[0.500347] (rosbot_interfaces) StdoutLine: {'line': b"reading manifest file 'rosbot_interfaces.egg-info/SOURCES.txt'\n"}
[0.500739] (-) TimerEvent: {}
[0.501922] (rosbot_interfaces) StdoutLine: {'line': b"writing manifest file 'rosbot_interfaces.egg-info/SOURCES.txt'\n"}
[0.542327] (rosbot_interfaces) StdoutLine: {'line': b'[100%] Built target ament_cmake_python_build_rosbot_interfaces_egg\n'}
[0.555934] (rosbot_interfaces) CommandEnded: {'returncode': 0}
[0.557502] (rosbot_interfaces) JobProgress: {'identifier': 'rosbot_interfaces', 'progress': 'install'}
[0.572865] (rosbot_interfaces) Command: {'cmd': ['/usr/bin/cmake', '--install', '/home/sachin/rosbot-wifi-heatmap-sim/build/rosbot_interfaces'], 'cwd': '/home/sachin/rosbot-wifi-heatmap-sim/build/rosbot_interfaces', 'env': OrderedDict({'LESSOPEN': '| /usr/bin/lesspipe %s', 'GZ_SIM_RESOURCE_PATH': '/opt/ros/jazzy/share:/home/sachin/gazebo_models', 'USER': 'sachin', 'GZ_CONFIG_PATH': '/opt/ros/jazzy/opt/gz_sim_vendor/share/gz:/opt/ros/jazzy/opt/sdformat_vendor/share/gz:/opt/ros/jazzy/opt/gz_gui_vendor/share/gz:/opt/ros/jazzy/opt/gz_transport_vendor/share/gz:/opt/ros/jazzy/opt/gz_rendering_vendor/share/gz:/opt/ros/jazzy/opt/gz_plugin_vendor/share/gz:/opt/ros/jazzy/opt/gz_fuel_tools_vendor/share/gz:/opt/ros/jazzy/opt/gz_msgs_vendor/share/gz:/opt/ros/jazzy/opt/gz_common_vendor/share/gz', 'XDG_SESSION_TYPE': 'x11', 'CLUTTER_DISABLE_MIPMAPPED_TEXT': '1', 'SHLVL': '1', 'LD_LIBRARY_PATH': '/home/sachin/rosbot-wifi-heatmap-sim/install/nav2_read_rssi_at_waypoint/lib:/home/sachin/rosbot-wifi-heatmap-sim/install/rosbot_interfaces/lib:/opt/ros/jazzy/opt/gz_sim_vendor/lib:/opt/ros/jazzy/opt/gz_sensors_vendor/lib:/opt/ros/jazzy/opt/gz_physics_vendor/lib:/opt/ros/jazzy/opt/sdformat_vendor/lib:/opt/ros/jazzy/opt/rviz_ogre_vendor/lib:/opt/ros/jazzy/lib/x86_64-linux-gnu:/opt/ros/jazzy/opt/gz_gui_vendor/lib:/opt/ros/jazzy/opt/gz_transport_vendor/lib:/opt/ros/jazzy/opt/gz_rendering_vendor/lib:/opt/ros/jazzy/opt/gz_plugin_vendor/lib:/opt/ros/jazzy/opt/gz_fuel_tools_vendor/lib:/opt/ros/jazzy/opt/gz_msgs_vendor/lib:/opt/ros/jazzy/opt/gz_common_vendor/lib:/opt/ros/jazzy/opt/gz_math_vendor/lib:/opt/ros/jazzy/opt/gz_utils_vendor/lib:/opt/ros/jazzy/opt/gz_tools_vendor/lib:/opt/ros/jazzy/opt/gz_ogre_next_vendor/lib:/opt/ros/jazzy/opt/gz_dartsim_vendor/lib:/opt/ros/jazzy/opt/gz_cmake_vendor/lib:/opt/ros/jazzy/lib', 'HOME': '/home/sachin', 'OLDPWD': '/home/sachin/turtlebot3_ws', 'DESKTOP_SESSION': 'ubuntu', 'ROS_PYTHON_VERSION': '3', 'GNOME_SHELL_SESSION_MODE': 'ubuntu', 'GTK_MODULES': 'gail:atk-bridge', 'PS1': '(.ros2_venv) \\[\\e]0;\\u@\\h: \\w\\a\\]${debian_chroot:+($debian_chroot)}\\[\\033[01;32m\\]\\u@\\h\\[\\033[00m\\]:\\[\\033[01;34m\\]\\w\\[\\033[00m\\]\\$', 'SYSTEMD_EXEC_PID': '2614', 'GSM_SKIP_SSH_AGENT_WORKAROUND': 'true', 'DBUS_SESSION_BUS_ADDRESS': 'unix:path=/run/user/1000/bus', 'COLORTERM': 'truecolor', 'DEBUGINFOD_URLS': 'https://debuginfod.ubuntu.com', 'COLCON_PREFIX_PATH': '/home/sachin/rosbot-wifi-heatmap-sim/install:/home/sachin/turtlebot3_ws/install', 'ROS_DISTRO': 'jazzy', 'LOGNAME': 'sachin', '_': '/usr/bin/colcon', 'ROS_VERSION': '2', 'PIP_BREAK_SYSTEM_PACKAGES': '1', 'MEMORY_PRESSURE_WATCH': '/sys/fs/cgroup/user.slice/user-1000.slice/user@1000.service/session.slice/org.gnome.Shell@x11.service/memory.pressure', 'XDG_SESSION_CLASS': 'user', 'USERNAME': 'sachin', 'TERM': 'xterm-256color', 'GNOME_DESKTOP_SESSION_ID': 'this-is-deprecated', 'WINDOWPATH': '2', 'PATH': '/home/sachin/.ros2_venv/bin:/opt/ros/jazzy/opt/gz_msgs_vendor/bin:/opt/ros/jazzy/opt/gz_tools_vendor/bin:/opt/ros/jazzy/opt/gz_ogre_next_vendor/bin:/opt/ros/jazzy/bin:/usr/local/sbin:/usr/local/bin:/usr/sbin:/usr/bin:/sbin:/bin:/usr/games:/usr/local/games:/snap/bin:/snap/bin', 'SESSION_MANAGER': 'local/SK:@/tmp/.ICE-unix/2583,unix/SK:/tmp/.ICE-unix/2583', 'XDG_MENU_PREFIX': 'gnome-', 'GNOME_TERMINAL_SCREEN': '/org/gnome/Terminal/screen/df379d0b_c7dc_4b7a_b5af_a8e2f23f471b', 'XDG_RUNTIME_DIR': '/run/user/1000', 'DISPLAY': ':1', 'LANG': 'en_US.UTF-8', 'XDG_CURRENT_DESKTOP': 'ubuntu:GNOME', 'VIRTUAL_ENV_PROMPT': '(.ros2_venv)', 'XMODIFIERS': '@im=ibus', 'XDG_SESSION_DESKTOP': 'ubuntu', 'XAUTHORITY': '/run/user/1000/gdm/Xauthority', 'LS_COLORS': 'rs=0:di=01;34:ln=01;36:mh=00:pi=40;33:so=01;35:do=01;35:bd=40;33;01:cd=40;33;01:or=40;31;01:mi=00:su=37;41:sg=30;43:ca=00:tw=30;42:ow=34;42:st=37;44:ex=01;32:*.tar=01;31:*.tgz=01;31:*.arc=01;31:*.arj=01;31:*.taz=01;31:*.lha=01;31:*.lz4=01;31:*.lzh=01;31:*.lzma=01;31:*.tlz=01;31:*.txz=01;31:*.tzo=01;31:*.t7z=01;31:*.zip=01;31:*.z=01;31:*.dz=01;31:*.gz=01;31:*.lrz=01;31:*.lz=01;31:*.lzo=01;31:*.xz=01;31:*.zst=01;31:*.tzst=01;31:*.bz2=01;31:*.bz=01;31:*.tbz=01;31:*.tbz2=01;31:*.tz=01;31:*.deb=01;31:*.rpm=01;31:*.jar=01;31:*.war=01;31:*.ear=01;31:*.sar=01;31:*.rar=01;31:*.alz=01;31:*.ace=01;31:*.zoo=01;31:*.cpio=01;31:*.7z=01;31:*.rz=01;31:*.cab=01;31:*.wim=01;31:*.swm=01;31:*.dwm=01;31:*.esd=01;31:*.avif=01;35:*.jpg=01;35:*.jpeg=01;35:*.mjpg=01;35:*.mjpeg=01;35:*.gif=01;35:*.bmp=01;35:*.pbm=01;35:*.pgm=01;35:*.ppm=01;35:*.tga=01;35:*.xbm=01;35:*.xpm=01;35:*.tif=01;35:*.tiff=01;35:*.png=01;35:*.svg=01;35:*.svgz=01;35:*.mng=01;35:*.pcx=01;35:*.mov=01;35:*.mpg=01;35:*.mpeg=01;35:*.m2v=01;35:*.mkv=01;35:*.webm=01;35:*.webp=01;35:*.ogm=01;35:*.mp4=01;35:*.m4v=01;35:*.mp4v=01;35:*.vob=01;35:*.qt=01;35:*.nuv=01;35:*.wmv=01;35:*.asf=01;35:*.rm=01;35:*.rmvb=01;35:*.flc=01;35:*.avi=01;35:*.fli=01;35:*.flv=01;35:*.gl=01;35:*.dl=01;35:*.xcf=01;35:*.xwd=01;35:*.yuv=01;35:*.cgm=01;35:*.emf=01;35:*.ogv=01;35:*.ogx=01;35:*.aac=00;36:*.au=00;36:*.flac=00;36:*.m4a=00;36:*.mid=00;36:*.midi=00;36:*.mka=00;36:*.mp3=00;36:*.mpc=00;36:*.ogg=00;36:*.ra=00;36:*.wav=00;36:*.oga=00;36:*.opus=00;36:*.spx=00;36:*.xspf=00;36:*~=00;90:*#=00;90:*.bak=00;90:*.crdownload=00;90:*.dpkg-dist=00;90:*.dpkg-new=00;90:*.dpkg-old=00;90:*.dpkg-tmp=00;90:*.old=00;90:*.orig=00;90:*.part=00;90:*.rej=00;90:*.rpmnew=00;90:*.rpmorig=00;90:*.rpmsave=00;90:*.swp=00;90:*.tmp=00;90:*.ucf-dist=00;90:*.ucf-new=00;90:*.ucf-old=00;90:', 'GNOME_TERMINAL_SERVICE': ':1.95', 'SSH_AUTH_SOCK': '/run/user/1000/keyring/ssh', 'ROS_DOMAIN_ID': '100', 'AMENT_PREFIX_PATH': '/home/sachin/rosbot-wifi-heatmap-sim/install/mappers_bringup:/home/sachin/rosbot-wifi-heatmap-sim/install/waypoint_publisher_package:/home/sachin/rosbot-wifi-heatmap-sim/install/rssi_heatmap_generator_package:/home/sachin/rosbot-wifi-heatmap-sim/install/nav2_read_rssi_at_waypoint:/home/sachin/rosbot-wifi-heatmap-sim/install/rosbot_interfaces:/home/sachin/turtlebot3_ws/install/turtlebot3_simulations:/home/sachin/turtlebot3_ws/install/turtlebot3_gazebo:/home/sachin/turtlebot3_ws/install/turtlebot3_fake_node:/opt/ros/jazzy', 'SHELL': '/bin/bash', 'QT_ACCESSIBILITY': '1', 'GDMSESSION': 'ubuntu', 'LESSCLOSE': '/usr/bin/lesspipe %s %s', 'GPG_AGENT_INFO': '/run/user/1000/gnupg/S.gpg-agent:0:1', 'VIRTUAL_ENV': '/home/sachin/.ros2_venv', 'ROS_AUTOMATIC_DISCOVERY_RANGE': 'SUBNET', 'QT_IM_MODULE': 'ibus', 'PWD': '/home/sachin/rosbot-wifi-heatmap-sim/build/rosbot_interfaces', 'LC_ALL': 'en_US.UTF-8', 'XDG_CONFIG_DIRS': '/etc/xdg/xdg-ubuntu:/etc/xdg', 'XDG_DATA_DIRS': '/usr/share/ubuntu:/usr/share/gnome:/usr/local/share/:/usr/share/:/var/lib/snapd/desktop', 'PYTHONPATH': '/home/sachin/rosbot-wifi-heatmap-sim/install/waypoint_publisher_package/lib/python3.12/site-packages:/home/sachin/rosbot-wifi-heatmap-sim/install/rssi_heatmap_generator_package/lib/python3.12/site-packages:/home/sachin/rosbot-wifi-heatmap-sim/install/rosbot_interfaces/lib/python3.12/site-packages:/opt/ros/jazzy/lib/python3.12/site-packages', 'COLCON': '1', 'MEMORY_PRESSURE_WRITE': 'c29tZSAyMDAwMDAgMjAwMDAwMAA=', 'VTE_VERSION': '7600', 'CMAKE_PREFIX_PATH': '/home/sachin/rosbot-wifi-heatmap-sim/install/mappers_bringup:/home/sachin/rosbot-wifi-heatmap-sim/install/nav2_read_rssi_at_waypoint:/home/sachin/rosbot-wifi-heatmap-sim/install/rosbot_interfaces:/home/sachin/turtlebot3_ws/install/turtlebot3_simulations:/home/sachin/turtlebot3_ws/install/turtlebot3_gazebo:/home/sachin/turtlebot3_ws/install/turtlebot3_fake_node:/opt/ros/jazzy/opt/gz_sim_vendor:/opt/ros/jazzy/opt/gz_sensors_vendor:/opt/ros/jazzy/opt/gz_physics_vendor:/opt/ros/jazzy/opt/sdformat_vendor:/opt/ros/jazzy/opt/gz_gui_vendor:/opt/ros/jazzy/opt/gz_transport_vendor:/opt/ros/jazzy/opt/gz_rendering_vendor:/opt/ros/jazzy/opt/gz_plugin_vendor:/opt/ros/jazzy/opt/gz_fuel_tools_vendor:/opt/ros/jazzy/opt/gz_msgs_vendor:/opt/ros/jazzy/opt/gz_common_vendor:/opt/ros/jazzy/opt/gz_math_vendor:/opt/ros/jazzy/opt/gz_utils_vendor:/opt/ros/jazzy/opt/gz_tools_vendor:/opt/ros/jazzy/opt/gz_ogre_next_vendor:/opt/ros/jazzy/opt/gz_dartsim_vendor:/opt/ros/jazzy/opt/gz_cmake_vendor:/home/sachin/rosbot-wifi-heatmap-sim/install/waypoint_publisher_package:/home/sachin/rosbot-wifi-heatmap-sim/install/rssi_heatmap_generator_package:/opt/ros/jazzy'}), 'shell': False}
[0.585920] (rosbot_interfaces) StdoutLine: {'line': b'-- Install configuration: ""\n'}
[0.586370] (rosbot_interfaces) StdoutLine: {'line': b'-- Up-to-date: /home/sachin/rosbot-wifi-heatmap-sim/install/rosbot_interfaces/share/ament_index/resource_index/rosidl_interfaces/rosbot_interfaces\n'}
[0.586552] (rosbot_interfaces) StdoutLine: {'line': b'-- Up-to-date: /home/sachin/rosbot-wifi-heatmap-sim/install/rosbot_interfaces/share/rosbot_interfaces/msg/RssiAtWaypoint.json\n'}
[0.586727] (rosbot_interfaces) StdoutLine: {'line': b'-- Up-to-date: /home/sachin/rosbot-wifi-heatmap-sim/install/rosbot_interfaces/include/rosbot_interfaces/rosbot_interfaces\n'}
[0.586913] (rosbot_interfaces) StdoutLine: {'line': b'-- Up-to-date: /home/sachin/rosbot-wifi-heatmap-sim/install/rosbot_interfaces/include/rosbot_interfaces/rosbot_interfaces/msg\n'}
[0.587115] (rosbot_interfaces) StdoutLine: {'line': b'-- Up-to-date: /home/sachin/rosbot-wifi-heatmap-sim/install/rosbot_interfaces/include/rosbot_interfaces/rosbot_interfaces/msg/detail\n'}
[0.587285] (rosbot_interfaces) StdoutLine: {'line': b'-- Up-to-date: /home/sachin/rosbot-wifi-heatmap-sim/install/rosbot_interfaces/include/rosbot_interfaces/rosbot_interfaces/msg/detail/rssi_at_waypoint__struct.h\n'}
[0.587450] (rosbot_interfaces) StdoutLine: {'line': b'-- Up-to-date: /home/sachin/rosbot-wifi-heatmap-sim/install/rosbot_interfaces/include/rosbot_interfaces/rosbot_interfaces/msg/detail/rssi_at_waypoint__type_support.c\n'}
[0.587641] (rosbot_interfaces) StdoutLine: {'line': b'-- Up-to-date: /home/sachin/rosbot-wifi-heatmap-sim/install/rosbot_interfaces/include/rosbot_interfaces/rosbot_interfaces/msg/detail/rssi_at_waypoint__description.c\n'}
[0.587872] (rosbot_interfaces) StdoutLine: {'line': b'-- Up-to-date: /home/sachin/rosbot-wifi-heatmap-sim/install/rosbot_interfaces/include/rosbot_interfaces/rosbot_interfaces/msg/detail/rssi_at_waypoint__functions.h\n'}
[0.588059] (rosbot_interfaces) StdoutLine: {'line': b'-- Up-to-date: /home/sachin/rosbot-wifi-heatmap-sim/install/rosbot_interfaces/include/rosbot_interfaces/rosbot_interfaces/msg/detail/rssi_at_waypoint__functions.c\n'}
[0.588260] (rosbot_interfaces) StdoutLine: {'line': b'-- Up-to-date: /home/sachin/rosbot-wifi-heatmap-sim/install/rosbot_interfaces/include/rosbot_interfaces/rosbot_interfaces/msg/detail/rssi_at_waypoint__type_support.h\n'}
[0.588400] (rosbot_interfaces) StdoutLine: {'line': b'-- Up-to-date: /home/sachin/rosbot-wifi-heatmap-sim/install/rosbot_interfaces/include/rosbot_interfaces/rosbot_interfaces/msg/rssi_at_waypoint.h\n'}
[0.588564] (rosbot_interfaces) StdoutLine: {'line': b'-- Up-to-date: /home/sachin/rosbot-wifi-heatmap-sim/install/rosbot_interfaces/include/rosbot_interfaces/rosbot_interfaces/msg/rosidl_generator_c__visibility_control.h\n'}
[0.588735] (rosbot_interfaces) StdoutLine: {'line': b'-- Up-to-date: /home/sachin/rosbot-wifi-heatmap-sim/install/rosbot_interfaces/share/rosbot_interfaces/environment/library_path.sh\n'}
[0.588929] (rosbot_interfaces) StdoutLine: {'line': b'-- Up-to-date: /home/sachin/rosbot-wifi-heatmap-sim/install/rosbot_interfaces/share/rosbot_interfaces/environment/library_path.dsv\n'}
[0.589079] (rosbot_interfaces) StdoutLine: {'line': b'-- Up-to-date: /home/sachin/rosbot-wifi-heatmap-sim/install/rosbot_interfaces/lib/librosbot_interfaces__rosidl_generator_c.so\n'}
[0.589453] (rosbot_interfaces) StdoutLine: {'line': b'-- Up-to-date: /home/sachin/rosbot-wifi-heatmap-sim/install/rosbot_interfaces/include/rosbot_interfaces/rosbot_interfaces\n'}
[0.589627] (rosbot_interfaces) StdoutLine: {'line': b'-- Up-to-date: /home/sachin/rosbot-wifi-heatmap-sim/install/rosbot_interfaces/include/rosbot_interfaces/rosbot_interfaces/msg\n'}
[0.589707] (rosbot_interfaces) StdoutLine: {'line': b'-- Up-to-date: /home/sachin/rosbot-wifi-heatmap-sim/install/rosbot_interfaces/include/rosbot_interfaces/rosbot_interfaces/msg/detail\n'}
[0.589847] (rosbot_interfaces) StdoutLine: {'line': b'-- Up-to-date: /home/sachin/rosbot-wifi-heatmap-sim/install/rosbot_interfaces/include/rosbot_interfaces/rosbot_interfaces/msg/detail/rssi_at_waypoint__rosidl_typesupport_fastrtps_c.h\n'}
[0.589920] (rosbot_interfaces) StdoutLine: {'line': b'-- Up-to-date: /home/sachin/rosbot-wifi-heatmap-sim/install/rosbot_interfaces/include/rosbot_interfaces/rosbot_interfaces/msg/rosidl_typesupport_fastrtps_c__visibility_control.h\n'}
[0.589991] (rosbot_interfaces) StdoutLine: {'line': b'-- Up-to-date: /home/sachin/rosbot-wifi-heatmap-sim/install/rosbot_interfaces/lib/librosbot_interfaces__rosidl_typesupport_fastrtps_c.so\n'}
[0.590071] (rosbot_interfaces) StdoutLine: {'line': b'-- Up-to-date: /home/sachin/rosbot-wifi-heatmap-sim/install/rosbot_interfaces/include/rosbot_interfaces/rosbot_interfaces\n'}
[0.590142] (rosbot_interfaces) StdoutLine: {'line': b'-- Up-to-date: /home/sachin/rosbot-wifi-heatmap-sim/install/rosbot_interfaces/include/rosbot_interfaces/rosbot_interfaces/msg\n'}
[0.590214] (rosbot_interfaces) StdoutLine: {'line': b'-- Up-to-date: /home/sachin/rosbot-wifi-heatmap-sim/install/rosbot_interfaces/include/rosbot_interfaces/rosbot_interfaces/msg/detail\n'}
[0.590284] (rosbot_interfaces) StdoutLine: {'line': b'-- Up-to-date: /home/sachin/rosbot-wifi-heatmap-sim/install/rosbot_interfaces/include/rosbot_interfaces/rosbot_interfaces/msg/detail/rssi_at_waypoint__struct.hpp\n'}
[0.590355] (rosbot_interfaces) StdoutLine: {'line': b'-- Up-to-date: /home/sachin/rosbot-wifi-heatmap-sim/install/rosbot_interfaces/include/rosbot_interfaces/rosbot_interfaces/msg/detail/rssi_at_waypoint__traits.hpp\n'}
[0.590429] (rosbot_interfaces) StdoutLine: {'line': b'-- Up-to-date: /home/sachin/rosbot-wifi-heatmap-sim/install/rosbot_interfaces/include/rosbot_interfaces/rosbot_interfaces/msg/detail/rssi_at_waypoint__builder.hpp\n'}
[0.590499] (rosbot_interfaces) StdoutLine: {'line': b'-- Up-to-date: /home/sachin/rosbot-wifi-heatmap-sim/install/rosbot_interfaces/include/rosbot_interfaces/rosbot_interfaces/msg/detail/rssi_at_waypoint__type_support.hpp\n'}
[0.590569] (rosbot_interfaces) StdoutLine: {'line': b'-- Up-to-date: /home/sachin/rosbot-wifi-heatmap-sim/install/rosbot_interfaces/include/rosbot_interfaces/rosbot_interfaces/msg/rssi_at_waypoint.hpp\n'}
[0.590638] (rosbot_interfaces) StdoutLine: {'line': b'-- Up-to-date: /home/sachin/rosbot-wifi-heatmap-sim/install/rosbot_interfaces/include/rosbot_interfaces/rosbot_interfaces/msg/rosidl_generator_cpp__visibility_control.hpp\n'}
[0.590861] (rosbot_interfaces) StdoutLine: {'line': b'-- Up-to-date: /home/sachin/rosbot-wifi-heatmap-sim/install/rosbot_interfaces/include/rosbot_interfaces/rosbot_interfaces\n'}
[0.591027] (rosbot_interfaces) StdoutLine: {'line': b'-- Up-to-date: /home/sachin/rosbot-wifi-heatmap-sim/install/rosbot_interfaces/include/rosbot_interfaces/rosbot_interfaces/msg\n'}
[0.591230] (rosbot_interfaces) StdoutLine: {'line': b'-- Up-to-date: /home/sachin/rosbot-wifi-heatmap-sim/install/rosbot_interfaces/include/rosbot_interfaces/rosbot_interfaces/msg/detail\n'}
[0.591311] (rosbot_interfaces) StdoutLine: {'line': b'-- Up-to-date: /home/sachin/rosbot-wifi-heatmap-sim/install/rosbot_interfaces/include/rosbot_interfaces/rosbot_interfaces/msg/detail/dds_fastrtps\n'}
[0.591385] (rosbot_interfaces) StdoutLine: {'line': b'-- Up-to-date: /home/sachin/rosbot-wifi-heatmap-sim/install/rosbot_interfaces/include/rosbot_interfaces/rosbot_interfaces/msg/detail/rssi_at_waypoint__rosidl_typesupport_fastrtps_cpp.hpp\n'}
[0.591492] (rosbot_interfaces) StdoutLine: {'line': b'-- Up-to-date: /home/sachin/rosbot-wifi-heatmap-sim/install/rosbot_interfaces/include/rosbot_interfaces/rosbot_interfaces/msg/rosidl_typesupport_fastrtps_cpp__visibility_control.h\n'}
[0.591559] (rosbot_interfaces) StdoutLine: {'line': b'-- Up-to-date: /home/sachin/rosbot-wifi-heatmap-sim/install/rosbot_interfaces/lib/librosbot_interfaces__rosidl_typesupport_fastrtps_cpp.so\n'}
[0.591626] (rosbot_interfaces) StdoutLine: {'line': b'-- Up-to-date: /home/sachin/rosbot-wifi-heatmap-sim/install/rosbot_interfaces/include/rosbot_interfaces/rosbot_interfaces\n'}
[0.591692] (rosbot_interfaces) StdoutLine: {'line': b'-- Up-to-date: /home/sachin/rosbot-wifi-heatmap-sim/install/rosbot_interfaces/include/rosbot_interfaces/rosbot_interfaces/msg\n'}
[0.591760] (rosbot_interfaces) StdoutLine: {'line': b'-- Up-to-date: /home/sachin/rosbot-wifi-heatmap-sim/install/rosbot_interfaces/include/rosbot_interfaces/rosbot_interfaces/msg/rosidl_typesupport_introspection_c__visibility_control.h\n'}
[0.591827] (rosbot_interfaces) StdoutLine: {'line': b'-- Up-to-date: /home/sachin/rosbot-wifi-heatmap-sim/install/rosbot_interfaces/include/rosbot_interfaces/rosbot_interfaces/msg/detail\n'}
[0.591894] (rosbot_interfaces) StdoutLine: {'line': b'-- Up-to-date: /home/sachin/rosbot-wifi-heatmap-sim/install/rosbot_interfaces/include/rosbot_interfaces/rosbot_interfaces/msg/detail/rssi_at_waypoint__type_support.c\n'}
[0.591961] (rosbot_interfaces) StdoutLine: {'line': b'-- Up-to-date: /home/sachin/rosbot-wifi-heatmap-sim/install/rosbot_interfaces/include/rosbot_interfaces/rosbot_interfaces/msg/detail/rssi_at_waypoint__rosidl_typesupport_introspection_c.h\n'}
[0.592041] (rosbot_interfaces) StdoutLine: {'line': b'-- Up-to-date: /home/sachin/rosbot-wifi-heatmap-sim/install/rosbot_interfaces/lib/librosbot_interfaces__rosidl_typesupport_introspection_c.so\n'}
[0.592108] (rosbot_interfaces) StdoutLine: {'line': b'-- Up-to-date: /home/sachin/rosbot-wifi-heatmap-sim/install/rosbot_interfaces/lib/librosbot_interfaces__rosidl_typesupport_c.so\n'}
[0.592180] (rosbot_interfaces) StdoutLine: {'line': b'-- Up-to-date: /home/sachin/rosbot-wifi-heatmap-sim/install/rosbot_interfaces/include/rosbot_interfaces/rosbot_interfaces\n'}
[0.592245] (rosbot_interfaces) StdoutLine: {'line': b'-- Up-to-date: /home/sachin/rosbot-wifi-heatmap-sim/install/rosbot_interfaces/include/rosbot_interfaces/rosbot_interfaces/msg\n'}
[0.592311] (rosbot_interfaces) StdoutLine: {'line': b'-- Up-to-date: /home/sachin/rosbot-wifi-heatmap-sim/install/rosbot_interfaces/include/rosbot_interfaces/rosbot_interfaces/msg/detail\n'}
[0.592378] (rosbot_interfaces) StdoutLine: {'line': b'-- Up-to-date: /home/sachin/rosbot-wifi-heatmap-sim/install/rosbot_interfaces/include/rosbot_interfaces/rosbot_interfaces/msg/detail/rssi_at_waypoint__type_support.cpp\n'}
[0.592444] (rosbot_interfaces) StdoutLine: {'line': b'-- Up-to-date: /home/sachin/rosbot-wifi-heatmap-sim/install/rosbot_interfaces/include/rosbot_interfaces/rosbot_interfaces/msg/detail/rssi_at_waypoint__rosidl_typesupport_introspection_cpp.hpp\n'}
[0.592512] (rosbot_interfaces) StdoutLine: {'line': b'-- Up-to-date: /home/sachin/rosbot-wifi-heatmap-sim/install/rosbot_interfaces/lib/librosbot_interfaces__rosidl_typesupport_introspection_cpp.so\n'}
[0.592578] (rosbot_interfaces) StdoutLine: {'line': b'-- Up-to-date: /home/sachin/rosbot-wifi-heatmap-sim/install/rosbot_interfaces/lib/librosbot_interfaces__rosidl_typesupport_cpp.so\n'}
[0.592642] (rosbot_interfaces) StdoutLine: {'line': b'-- Up-to-date: /home/sachin/rosbot-wifi-heatmap-sim/install/rosbot_interfaces/share/rosbot_interfaces/environment/pythonpath.sh\n'}
[0.592709] (rosbot_interfaces) StdoutLine: {'line': b'-- Up-to-date: /home/sachin/rosbot-wifi-heatmap-sim/install/rosbot_interfaces/share/rosbot_interfaces/environment/pythonpath.dsv\n'}
[0.592775] (rosbot_interfaces) StdoutLine: {'line': b'-- Up-to-date: /home/sachin/rosbot-wifi-heatmap-sim/install/rosbot_interfaces/lib/python3.12/site-packages/rosbot_interfaces-1.0.0-py3.12.egg-info\n'}
[0.592844] (rosbot_interfaces) StdoutLine: {'line': b'-- Installing: /home/sachin/rosbot-wifi-heatmap-sim/install/rosbot_interfaces/lib/python3.12/site-packages/rosbot_interfaces-1.0.0-py3.12.egg-info/PKG-INFO\n'}
[0.592912] (rosbot_interfaces) StdoutLine: {'line': b'-- Installing: /home/sachin/rosbot-wifi-heatmap-sim/install/rosbot_interfaces/lib/python3.12/site-packages/rosbot_interfaces-1.0.0-py3.12.egg-info/dependency_links.txt\n'}
[0.592976] (rosbot_interfaces) StdoutLine: {'line': b'-- Installing: /home/sachin/rosbot-wifi-heatmap-sim/install/rosbot_interfaces/lib/python3.12/site-packages/rosbot_interfaces-1.0.0-py3.12.egg-info/SOURCES.txt\n'}
[0.593048] (rosbot_interfaces) StdoutLine: {'line': b'-- Installing: /home/sachin/rosbot-wifi-heatmap-sim/install/rosbot_interfaces/lib/python3.12/site-packages/rosbot_interfaces-1.0.0-py3.12.egg-info/top_level.txt\n'}
[0.593115] (rosbot_interfaces) StdoutLine: {'line': b'-- Up-to-date: /home/sachin/rosbot-wifi-heatmap-sim/install/rosbot_interfaces/lib/python3.12/site-packages/rosbot_interfaces\n'}
[0.593180] (rosbot_interfaces) StdoutLine: {'line': b'-- Up-to-date: /home/sachin/rosbot-wifi-heatmap-sim/install/rosbot_interfaces/lib/python3.12/site-packages/rosbot_interfaces/rosbot_interfaces_s__rosidl_typesupport_fastrtps_c.so\n'}
[0.593247] (rosbot_interfaces) StdoutLine: {'line': b'-- Up-to-date: /home/sachin/rosbot-wifi-heatmap-sim/install/rosbot_interfaces/lib/python3.12/site-packages/rosbot_interfaces/rosbot_interfaces_s__rosidl_typesupport_introspection_c.so\n'}
[0.593314] (rosbot_interfaces) StdoutLine: {'line': b'-- Up-to-date: /home/sachin/rosbot-wifi-heatmap-sim/install/rosbot_interfaces/lib/python3.12/site-packages/rosbot_interfaces/_rosbot_interfaces_s.ep.rosidl_typesupport_c.c\n'}
[0.593379] (rosbot_interfaces) StdoutLine: {'line': b'-- Up-to-date: /home/sachin/rosbot-wifi-heatmap-sim/install/rosbot_interfaces/lib/python3.12/site-packages/rosbot_interfaces/__init__.py\n'}
[0.593447] (rosbot_interfaces) StdoutLine: {'line': b'-- Up-to-date: /home/sachin/rosbot-wifi-heatmap-sim/install/rosbot_interfaces/lib/python3.12/site-packages/rosbot_interfaces/rosbot_interfaces_s__rosidl_typesupport_c.so\n'}
[0.593513] (rosbot_interfaces) StdoutLine: {'line': b'-- Up-to-date: /home/sachin/rosbot-wifi-heatmap-sim/install/rosbot_interfaces/lib/python3.12/site-packages/rosbot_interfaces/_rosbot_interfaces_s.ep.rosidl_typesupport_fastrtps_c.c\n'}
[0.593579] (rosbot_interfaces) StdoutLine: {'line': b'-- Up-to-date: /home/sachin/rosbot-wifi-heatmap-sim/install/rosbot_interfaces/lib/python3.12/site-packages/rosbot_interfaces/msg\n'}
[0.593644] (rosbot_interfaces) StdoutLine: {'line': b'-- Up-to-date: /home/sachin/rosbot-wifi-heatmap-sim/install/rosbot_interfaces/lib/python3.12/site-packages/rosbot_interfaces/msg/_rssi_at_waypoint.py\n'}
[0.593710] (rosbot_interfaces) StdoutLine: {'line': b'-- Up-to-date: /home/sachin/rosbot-wifi-heatmap-sim/install/rosbot_interfaces/lib/python3.12/site-packages/rosbot_interfaces/msg/_rssi_at_waypoint_s.c\n'}
[0.593775] (rosbot_interfaces) StdoutLine: {'line': b'-- Up-to-date: /home/sachin/rosbot-wifi-heatmap-sim/install/rosbot_interfaces/lib/python3.12/site-packages/rosbot_interfaces/msg/__init__.py\n'}
[0.593840] (rosbot_interfaces) StdoutLine: {'line': b'-- Up-to-date: /home/sachin/rosbot-wifi-heatmap-sim/install/rosbot_interfaces/lib/python3.12/site-packages/rosbot_interfaces/_rosbot_interfaces_s.ep.rosidl_typesupport_introspection_c.c\n'}
[0.600940] (-) TimerEvent: {}
[0.636409] (rosbot_interfaces) StdoutLine: {'line': b"Listing '/home/sachin/rosbot-wifi-heatmap-sim/install/rosbot_interfaces/lib/python3.12/site-packages/rosbot_interfaces'...\n"}
[0.636639] (rosbot_interfaces) StdoutLine: {'line': b"Listing '/home/sachin/rosbot-wifi-heatmap-sim/install/rosbot_interfaces/lib/python3.12/site-packages/rosbot_interfaces/msg'...\n"}
[0.643744] (rosbot_interfaces) StdoutLine: {'line': b'-- Up-to-date: /home/sachin/rosbot-wifi-heatmap-sim/install/rosbot_interfaces/lib/python3.12/site-packages/rosbot_interfaces/rosbot_interfaces_s__rosidl_typesupport_fastrtps_c.so\n'}
[0.644364] (rosbot_interfaces) StdoutLine: {'line': b'-- Up-to-date: /home/sachin/rosbot-wifi-heatmap-sim/install/rosbot_interfaces/lib/python3.12/site-packages/rosbot_interfaces/rosbot_interfaces_s__rosidl_typesupport_introspection_c.so\n'}
[0.644787] (rosbot_interfaces) StdoutLine: {'line': b'-- Up-to-date: /home/sachin/rosbot-wifi-heatmap-sim/install/rosbot_interfaces/lib/python3.12/site-packages/rosbot_interfaces/rosbot_interfaces_s__rosidl_typesupport_c.so\n'}
[0.645406] (rosbot_interfaces) StdoutLine: {'line': b'-- Up-to-date: /home/sachin/rosbot-wifi-heatmap-sim/install/rosbot_interfaces/lib/librosbot_interfaces__rosidl_generator_py.so\n'}
[0.645652] (rosbot_interfaces) StdoutLine: {'line': b'-- Up-to-date: /home/sachin/rosbot-wifi-heatmap-sim/install/rosbot_interfaces/share/ament_index/resource_index/rust_packages/rosbot_interfaces\n'}
[0.645739] (rosbot_interfaces) StdoutLine: {'line': b'-- Up-to-date: /home/sachin/rosbot-wifi-heatmap-sim/install/rosbot_interfaces/share/rosbot_interfaces/rust\n'}
[0.646118] (rosbot_interfaces) StdoutLine: {'line': b'-- Up-to-date: /home/sachin/rosbot-wifi-heatmap-sim/install/rosbot_interfaces/share/rosbot_interfaces/rust/Cargo.toml\n'}
[0.646566] (rosbot_interfaces) StdoutLine: {'line': b'-- Up-to-date: /home/sachin/rosbot-wifi-heatmap-sim/install/rosbot_interfaces/share/rosbot_interfaces/rust/src\n'}
[0.646742] (rosbot_interfaces) StdoutLine: {'line': b'-- Up-to-date: /home/sachin/rosbot-wifi-heatmap-sim/install/rosbot_interfaces/share/rosbot_interfaces/rust/src/lib.rs\n'}
[0.646831] (rosbot_interfaces) StdoutLine: {'line': b'-- Up-to-date: /home/sachin/rosbot-wifi-heatmap-sim/install/rosbot_interfaces/share/rosbot_interfaces/rust/src/msg\n'}
[0.646911] (rosbot_interfaces) StdoutLine: {'line': b'-- Up-to-date: /home/sachin/rosbot-wifi-heatmap-sim/install/rosbot_interfaces/share/rosbot_interfaces/rust/src/msg/rmw.rs\n'}
[0.647001] (rosbot_interfaces) StdoutLine: {'line': b'-- Up-to-date: /home/sachin/rosbot-wifi-heatmap-sim/install/rosbot_interfaces/share/rosbot_interfaces/rust/src/msg.rs\n'}
[0.647111] (rosbot_interfaces) StdoutLine: {'line': b'-- Up-to-date: /home/sachin/rosbot-wifi-heatmap-sim/install/rosbot_interfaces/share/rosbot_interfaces/rust/build.rs\n'}
[0.647197] (rosbot_interfaces) StdoutLine: {'line': b'-- Up-to-date: /home/sachin/rosbot-wifi-heatmap-sim/install/rosbot_interfaces/share/rosbot_interfaces/msg/RssiAtWaypoint.idl\n'}
[0.647321] (rosbot_interfaces) StdoutLine: {'line': b'-- Up-to-date: /home/sachin/rosbot-wifi-heatmap-sim/install/rosbot_interfaces/share/rosbot_interfaces/msg/RssiAtWaypoint.msg\n'}
[0.647426] (rosbot_interfaces) StdoutLine: {'line': b'-- Up-to-date: /home/sachin/rosbot-wifi-heatmap-sim/install/rosbot_interfaces/share/ament_index/resource_index/package_run_dependencies/rosbot_interfaces\n'}
[0.647520] (rosbot_interfaces) StdoutLine: {'line': b'-- Up-to-date: /home/sachin/rosbot-wifi-heatmap-sim/install/rosbot_interfaces/share/ament_index/resource_index/parent_prefix_path/rosbot_interfaces\n'}
[0.647584] (rosbot_interfaces) StdoutLine: {'line': b'-- Up-to-date: /home/sachin/rosbot-wifi-heatmap-sim/install/rosbot_interfaces/share/rosbot_interfaces/environment/ament_prefix_path.sh\n'}
[0.647653] (rosbot_interfaces) StdoutLine: {'line': b'-- Up-to-date: /home/sachin/rosbot-wifi-heatmap-sim/install/rosbot_interfaces/share/rosbot_interfaces/environment/ament_prefix_path.dsv\n'}
[0.647746] (rosbot_interfaces) StdoutLine: {'line': b'-- Up-to-date: /home/sachin/rosbot-wifi-heatmap-sim/install/rosbot_interfaces/share/rosbot_interfaces/environment/path.sh\n'}
[0.647814] (rosbot_interfaces) StdoutLine: {'line': b'-- Up-to-date: /home/sachin/rosbot-wifi-heatmap-sim/install/rosbot_interfaces/share/rosbot_interfaces/environment/path.dsv\n'}
[0.647879] (rosbot_interfaces) StdoutLine: {'line': b'-- Up-to-date: /home/sachin/rosbot-wifi-heatmap-sim/install/rosbot_interfaces/share/rosbot_interfaces/local_setup.bash\n'}
[0.647964] (rosbot_interfaces) StdoutLine: {'line': b'-- Up-to-date: /home/sachin/rosbot-wifi-heatmap-sim/install/rosbot_interfaces/share/rosbot_interfaces/local_setup.sh\n'}
[0.648039] (rosbot_interfaces) StdoutLine: {'line': b'-- Up-to-date: /home/sachin/rosbot-wifi-heatmap-sim/install/rosbot_interfaces/share/rosbot_interfaces/local_setup.zsh\n'}
[0.648109] (rosbot_interfaces) StdoutLine: {'line': b'-- Up-to-date: /home/sachin/rosbot-wifi-heatmap-sim/install/rosbot_interfaces/share/rosbot_interfaces/local_setup.dsv\n'}
[0.648172] (rosbot_interfaces) StdoutLine: {'line': b'-- Installing: /home/sachin/rosbot-wifi-heatmap-sim/install/rosbot_interfaces/share/rosbot_interfaces/package.dsv\n'}
[0.648238] (rosbot_interfaces) StdoutLine: {'line': b'-- Up-to-date: /home/sachin/rosbot-wifi-heatmap-sim/install/rosbot_interfaces/share/ament_index/resource_index/packages/rosbot_interfaces\n'}
[0.648309] (rosbot_interfaces) StdoutLine: {'line': b'-- Up-to-date: /home/sachin/rosbot-wifi-heatmap-sim/install/rosbot_interfaces/share/rosbot_interfaces/cmake/export_rosbot_interfaces__rosidl_generator_cExport.cmake\n'}
[0.648394] (rosbot_interfaces) StdoutLine: {'line': b'-- Up-to-date: /home/sachin/rosbot-wifi-heatmap-sim/install/rosbot_interfaces/share/rosbot_interfaces/cmake/export_rosbot_interfaces__rosidl_generator_cExport-noconfig.cmake\n'}
[0.648462] (rosbot_interfaces) StdoutLine: {'line': b'-- Up-to-date: /home/sachin/rosbot-wifi-heatmap-sim/install/rosbot_interfaces/share/rosbot_interfaces/cmake/export_rosbot_interfaces__rosidl_typesupport_fastrtps_cExport.cmake\n'}
[0.648547] (rosbot_interfaces) StdoutLine: {'line': b'-- Up-to-date: /home/sachin/rosbot-wifi-heatmap-sim/install/rosbot_interfaces/share/rosbot_interfaces/cmake/export_rosbot_interfaces__rosidl_typesupport_fastrtps_cExport-noconfig.cmake\n'}
[0.648614] (rosbot_interfaces) StdoutLine: {'line': b'-- Up-to-date: /home/sachin/rosbot-wifi-heatmap-sim/install/rosbot_interfaces/share/rosbot_interfaces/cmake/export_rosbot_interfaces__rosidl_generator_cppExport.cmake\n'}
[0.648698] (rosbot_interfaces) StdoutLine: {'line': b'-- Up-to-date: /home/sachin/rosbot-wifi-heatmap-sim/install/rosbot_interfaces/share/rosbot_interfaces/cmake/export_rosbot_interfaces__rosidl_typesupport_fastrtps_cppExport.cmake\n'}
[0.648763] (rosbot_interfaces) StdoutLine: {'line': b'-- Up-to-date: /home/sachin/rosbot-wifi-heatmap-sim/install/rosbot_interfaces/share/rosbot_interfaces/cmake/export_rosbot_interfaces__rosidl_typesupport_fastrtps_cppExport-noconfig.cmake\n'}
[0.648831] (rosbot_interfaces) StdoutLine: {'line': b'-- Up-to-date: /home/sachin/rosbot-wifi-heatmap-sim/install/rosbot_interfaces/share/rosbot_interfaces/cmake/rosbot_interfaces__rosidl_typesupport_introspection_cExport.cmake\n'}
[0.648915] (rosbot_interfaces) StdoutLine: {'line': b'-- Up-to-date: /home/sachin/rosbot-wifi-heatmap-sim/install/rosbot_interfaces/share/rosbot_interfaces/cmake/rosbot_interfaces__rosidl_typesupport_introspection_cExport-noconfig.cmake\n'}
[0.648981] (rosbot_interfaces) StdoutLine: {'line': b'-- Up-to-date: /home/sachin/rosbot-wifi-heatmap-sim/install/rosbot_interfaces/share/rosbot_interfaces/cmake/rosbot_interfaces__rosidl_typesupport_cExport.cmake\n'}
[0.649054] (rosbot_interfaces) StdoutLine: {'line': b'-- Up-to-date: /home/sachin/rosbot-wifi-heatmap-sim/install/rosbot_interfaces/share/rosbot_interfaces/cmake/rosbot_interfaces__rosidl_typesupport_cExport-noconfig.cmake\n'}
[0.649138] (rosbot_interfaces) StdoutLine: {'line': b'-- Up-to-date: /home/sachin/rosbot-wifi-heatmap-sim/install/rosbot_interfaces/share/rosbot_interfaces/cmake/rosbot_interfaces__rosidl_typesupport_introspection_cppExport.cmake\n'}
[0.649201] (rosbot_interfaces) StdoutLine: {'line': b'-- Up-to-date: /home/sachin/rosbot-wifi-heatmap-sim/install/rosbot_interfaces/share/rosbot_interfaces/cmake/rosbot_interfaces__rosidl_typesupport_introspection_cppExport-noconfig.cmake\n'}
[0.649290] (rosbot_interfaces) StdoutLine: {'line': b'-- Up-to-date: /home/sachin/rosbot-wifi-heatmap-sim/install/rosbot_interfaces/share/rosbot_interfaces/cmake/rosbot_interfaces__rosidl_typesupport_cppExport.cmake\n'}
[0.649372] (rosbot_interfaces) StdoutLine: {'line': b'-- Up-to-date: /home/sachin/rosbot-wifi-heatmap-sim/install/rosbot_interfaces/share/rosbot_interfaces/cmake/rosbot_interfaces__rosidl_typesupport_cppExport-noconfig.cmake\n'}
[0.649479] (rosbot_interfaces) StdoutLine: {'line': b'-- Up-to-date: /home/sachin/rosbot-wifi-heatmap-sim/install/rosbot_interfaces/share/rosbot_interfaces/cmake/export_rosbot_interfaces__rosidl_generator_pyExport.cmake\n'}
[0.649577] (rosbot_interfaces) StdoutLine: {'line': b'-- Up-to-date: /home/sachin/rosbot-wifi-heatmap-sim/install/rosbot_interfaces/share/rosbot_interfaces/cmake/export_rosbot_interfaces__rosidl_generator_pyExport-noconfig.cmake\n'}
[0.649650] (rosbot_interfaces) StdoutLine: {'line': b'-- Up-to-date: /home/sachin/rosbot-wifi-heatmap-sim/install/rosbot_interfaces/share/rosbot_interfaces/cmake/rosidl_cmake-extras.cmake\n'}
[0.649717] (rosbot_interfaces) StdoutLine: {'line': b'-- Up-to-date: /home/sachin/rosbot-wifi-heatmap-sim/install/rosbot_interfaces/share/rosbot_interfaces/cmake/ament_cmake_export_dependencies-extras.cmake\n'}
[0.649801] (rosbot_interfaces) StdoutLine: {'line': b'-- Up-to-date: /home/sachin/rosbot-wifi-heatmap-sim/install/rosbot_interfaces/share/rosbot_interfaces/cmake/ament_cmake_export_include_directories-extras.cmake\n'}
[0.649911] (rosbot_interfaces) StdoutLine: {'line': b'-- Up-to-date: /home/sachin/rosbot-wifi-heatmap-sim/install/rosbot_interfaces/share/rosbot_interfaces/cmake/ament_cmake_export_libraries-extras.cmake\n'}
[0.649979] (rosbot_interfaces) StdoutLine: {'line': b'-- Up-to-date: /home/sachin/rosbot-wifi-heatmap-sim/install/rosbot_interfaces/share/rosbot_interfaces/cmake/ament_cmake_export_targets-extras.cmake\n'}
[0.650046] (rosbot_interfaces) StdoutLine: {'line': b'-- Up-to-date: /home/sachin/rosbot-wifi-heatmap-sim/install/rosbot_interfaces/share/rosbot_interfaces/cmake/rosidl_cmake_export_typesupport_targets-extras.cmake\n'}
[0.650110] (rosbot_interfaces) StdoutLine: {'line': b'-- Up-to-date: /home/sachin/rosbot-wifi-heatmap-sim/install/rosbot_interfaces/share/rosbot_interfaces/cmake/rosidl_cmake_export_typesupport_libraries-extras.cmake\n'}
[0.650173] (rosbot_interfaces) StdoutLine: {'line': b'-- Up-to-date: /home/sachin/rosbot-wifi-heatmap-sim/install/rosbot_interfaces/share/rosbot_interfaces/cmake/rosbot_interfacesConfig.cmake\n'}
[0.650236] (rosbot_interfaces) StdoutLine: {'line': b'-- Up-to-date: /home/sachin/rosbot-wifi-heatmap-sim/install/rosbot_interfaces/share/rosbot_interfaces/cmake/rosbot_interfacesConfig-version.cmake\n'}
[0.650298] (rosbot_interfaces) StdoutLine: {'line': b'-- Up-to-date: /home/sachin/rosbot-wifi-heatmap-sim/install/rosbot_interfaces/share/rosbot_interfaces/package.xml\n'}
[0.652785] (rosbot_interfaces) CommandEnded: {'returncode': 0}
[0.676675] (rosbot_interfaces) JobEnded: {'identifier': 'rosbot_interfaces', 'rc': 0}
[0.677731] (nav2_read_rssi_at_waypoint) JobStarted: {'identifier': 'nav2_read_rssi_at_waypoint'}
[0.683971] (rssi_heatmap_generator_package) JobStarted: {'identifier': 'rssi_heatmap_generator_package'}
[0.695395] (nav2_read_rssi_at_waypoint) JobProgress: {'identifier': 'nav2_read_rssi_at_waypoint', 'progress': 'cmake'}
[0.696843] (nav2_read_rssi_at_waypoint) JobProgress: {'identifier': 'nav2_read_rssi_at_waypoint', 'progress': 'build'}
[0.697268] (nav2_read_rssi_at_waypoint) Command: {'cmd': ['/usr/bin/cmake', '--build', '/home/sachin/rosbot-wifi-heatmap-sim/build/nav2_read_rssi_at_waypoint', '--', '-j12', '-l12'], 'cwd': '/home/sachin/rosbot-wifi-heatmap-sim/build/nav2_read_rssi_at_waypoint', 'env': OrderedDict({'LESSOPEN': '| /usr/bin/lesspipe %s', 'GZ_SIM_RESOURCE_PATH': '/opt/ros/jazzy/share:/home/sachin/gazebo_models', 'USER': 'sachin', 'GZ_CONFIG_PATH': '/opt/ros/jazzy/opt/gz_sim_vendor/share/gz:/opt/ros/jazzy/opt/sdformat_vendor/share/gz:/opt/ros/jazzy/opt/gz_gui_vendor/share/gz:/opt/ros/jazzy/opt/gz_transport_vendor/share/gz:/opt/ros/jazzy/opt/gz_rendering_vendor/share/gz:/opt/ros/jazzy/opt/gz_plugin_vendor/share/gz:/opt/ros/jazzy/opt/gz_fuel_tools_vendor/share/gz:/opt/ros/jazzy/opt/gz_msgs_vendor/share/gz:/opt/ros/jazzy/opt/gz_common_vendor/share/gz', 'XDG_SESSION_TYPE': 'x11', 'CLUTTER_DISABLE_MIPMAPPED_TEXT': '1', 'SHLVL': '1', 'LD_LIBRARY_PATH': '/home/sachin/rosbot-wifi-heatmap-sim/install/rosbot_interfaces/lib:/home/sachin/rosbot-wifi-heatmap-sim/install/nav2_read_rssi_at_waypoint/lib:/opt/ros/jazzy/opt/gz_sim_vendor/lib:/opt/ros/jazzy/opt/gz_sensors_vendor/lib:/opt/ros/jazzy/opt/gz_physics_vendor/lib:/opt/ros/jazzy/opt/sdformat_vendor/lib:/opt/ros/jazzy/opt/rviz_ogre_vendor/lib:/opt/ros/jazzy/lib/x86_64-linux-gnu:/opt/ros/jazzy/opt/gz_gui_vendor/lib:/opt/ros/jazzy/opt/gz_transport_vendor/lib:/opt/ros/jazzy/opt/gz_rendering_vendor/lib:/opt/ros/jazzy/opt/gz_plugin_vendor/lib:/opt/ros/jazzy/opt/gz_fuel_tools_vendor/lib:/opt/ros/jazzy/opt/gz_msgs_vendor/lib:/opt/ros/jazzy/opt/gz_common_vendor/lib:/opt/ros/jazzy/opt/gz_math_vendor/lib:/opt/ros/jazzy/opt/gz_utils_vendor/lib:/opt/ros/jazzy/opt/gz_tools_vendor/lib:/opt/ros/jazzy/opt/gz_ogre_next_vendor/lib:/opt/ros/jazzy/opt/gz_dartsim_vendor/lib:/opt/ros/jazzy/opt/gz_cmake_vendor/lib:/opt/ros/jazzy/lib', 'HOME': '/home/sachin', 'OLDPWD': '/home/sachin/turtlebot3_ws', 'DESKTOP_SESSION': 'ubuntu', 'ROS_PYTHON_VERSION': '3', 'GNOME_SHELL_SESSION_MODE': 'ubuntu', 'GTK_MODULES': 'gail:atk-bridge', 'PS1': '(.ros2_venv) \\[\\e]0;\\u@\\h: \\w\\a\\]${debian_chroot:+($debian_chroot)}\\[\\033[01;32m\\]\\u@\\h\\[\\033[00m\\]:\\[\\033[01;34m\\]\\w\\[\\033[00m\\]\\$', 'SYSTEMD_EXEC_PID': '2614', 'GSM_SKIP_SSH_AGENT_WORKAROUND': 'true', 'DBUS_SESSION_BUS_ADDRESS': 'unix:path=/run/user/1000/bus', 'COLORTERM': 'truecolor', 'DEBUGINFOD_URLS': 'https://debuginfod.ubuntu.com', 'COLCON_PREFIX_PATH': '/home/sachin/rosbot-wifi-heatmap-sim/install:/home/sachin/turtlebot3_ws/install', 'ROS_DISTRO': 'jazzy', 'LOGNAME': 'sachin', '_': '/usr/bin/colcon', 'ROS_VERSION': '2', 'PIP_BREAK_SYSTEM_PACKAGES': '1', 'MEMORY_PRESSURE_WATCH': '/sys/fs/cgroup/user.slice/user-1000.slice/user@1000.service/session.slice/org.gnome.Shell@x11.service/memory.pressure', 'XDG_SESSION_CLASS': 'user', 'USERNAME': 'sachin', 'TERM': 'xterm-256color', 'GNOME_DESKTOP_SESSION_ID': 'this-is-deprecated', 'WINDOWPATH': '2', 'PATH': '/home/sachin/.ros2_venv/bin:/opt/ros/jazzy/opt/gz_msgs_vendor/bin:/opt/ros/jazzy/opt/gz_tools_vendor/bin:/opt/ros/jazzy/opt/gz_ogre_next_vendor/bin:/opt/ros/jazzy/bin:/usr/local/sbin:/usr/local/bin:/usr/sbin:/usr/bin:/sbin:/bin:/usr/games:/usr/local/games:/snap/bin:/snap/bin', 'SESSION_MANAGER': 'local/SK:@/tmp/.ICE-unix/2583,unix/SK:/tmp/.ICE-unix/2583', 'XDG_MENU_PREFIX': 'gnome-', 'GNOME_TERMINAL_SCREEN': '/org/gnome/Terminal/screen/df379d0b_c7dc_4b7a_b5af_a8e2f23f471b', 'XDG_RUNTIME_DIR': '/run/user/1000', 'DISPLAY': ':1', 'LANG': 'en_US.UTF-8', 'XDG_CURRENT_DESKTOP': 'ubuntu:GNOME', 'VIRTUAL_ENV_PROMPT': '(.ros2_venv)', 'XMODIFIERS': '@im=ibus', 'XDG_SESSION_DESKTOP': 'ubuntu', 'XAUTHORITY': '/run/user/1000/gdm/Xauthority', 'LS_COLORS': 'rs=0:di=01;34:ln=01;36:mh=00:pi=40;33:so=01;35:do=01;35:bd=40;33;01:cd=40;33;01:or=40;31;01:mi=00:su=37;41:sg=30;43:ca=00:tw=30;42:ow=34;42:st=37;44:ex=01;32:*.tar=01;31:*.tgz=01;31:*.arc=01;31:*.arj=01;31:*.taz=01;31:*.lha=01;31:*.lz4=01;31:*.lzh=01;31:*.lzma=01;31:*.tlz=01;31:*.txz=01;31:*.tzo=01;31:*.t7z=01;31:*.zip=01;31:*.z=01;31:*.dz=01;31:*.gz=01;31:*.lrz=01;31:*.lz=01;31:*.lzo=01;31:*.xz=01;31:*.zst=01;31:*.tzst=01;31:*.bz2=01;31:*.bz=01;31:*.tbz=01;31:*.tbz2=01;31:*.tz=01;31:*.deb=01;31:*.rpm=01;31:*.jar=01;31:*.war=01;31:*.ear=01;31:*.sar=01;31:*.rar=01;31:*.alz=01;31:*.ace=01;31:*.zoo=01;31:*.cpio=01;31:*.7z=01;31:*.rz=01;31:*.cab=01;31:*.wim=01;31:*.swm=01;31:*.dwm=01;31:*.esd=01;31:*.avif=01;35:*.jpg=01;35:*.jpeg=01;35:*.mjpg=01;35:*.mjpeg=01;35:*.gif=01;35:*.bmp=01;35:*.pbm=01;35:*.pgm=01;35:*.ppm=01;35:*.tga=01;35:*.xbm=01;35:*.xpm=01;35:*.tif=01;35:*.tiff=01;35:*.png=01;35:*.svg=01;35:*.svgz=01;35:*.mng=01;35:*.pcx=01;35:*.mov=01;35:*.mpg=01;35:*.mpeg=01;35:*.m2v=01;35:*.mkv=01;35:*.webm=01;35:*.webp=01;35:*.ogm=01;35:*.mp4=01;35:*.m4v=01;35:*.mp4v=01;35:*.vob=01;35:*.qt=01;35:*.nuv=01;35:*.wmv=01;35:*.asf=01;35:*.rm=01;35:*.rmvb=01;35:*.flc=01;35:*.avi=01;35:*.fli=01;35:*.flv=01;35:*.gl=01;35:*.dl=01;35:*.xcf=01;35:*.xwd=01;35:*.yuv=01;35:*.cgm=01;35:*.emf=01;35:*.ogv=01;35:*.ogx=01;35:*.aac=00;36:*.au=00;36:*.flac=00;36:*.m4a=00;36:*.mid=00;36:*.midi=00;36:*.mka=00;36:*.mp3=00;36:*.mpc=00;36:*.ogg=00;36:*.ra=00;36:*.wav=00;36:*.oga=00;36:*.opus=00;36:*.spx=00;36:*.xspf=00;36:*~=00;90:*#=00;90:*.bak=00;90:*.crdownload=00;90:*.dpkg-dist=00;90:*.dpkg-new=00;90:*.dpkg-old=00;90:*.dpkg-tmp=00;90:*.old=00;90:*.orig=00;90:*.part=00;90:*.rej=00;90:*.rpmnew=00;90:*.rpmorig=00;90:*.rpmsave=00;90:*.swp=00;90:*.tmp=00;90:*.ucf-dist=00;90:*.ucf-new=00;90:*.ucf-old=00;90:', 'GNOME_TERMINAL_SERVICE': ':1.95', 'SSH_AUTH_SOCK': '/run/user/1000/keyring/ssh', 'ROS_DOMAIN_ID': '100', 'AMENT_PREFIX_PATH': '/home/sachin/rosbot-wifi-heatmap-sim/install/mappers_bringup:/home/sachin/rosbot-wifi-heatmap-sim/install/waypoint_publisher_package:/home/sachin/rosbot-wifi-heatmap-sim/install/rssi_heatmap_generator_package:/home/sachin/rosbot-wifi-heatmap-sim/install/nav2_read_rssi_at_waypoint:/home/sachin/rosbot-wifi-heatmap-sim/install/rosbot_interfaces:/home/sachin/turtlebot3_ws/install/turtlebot3_simulations:/home/sachin/turtlebot3_ws/install/turtlebot3_gazebo:/home/sachin/turtlebot3_ws/install/turtlebot3_fake_node:/opt/ros/jazzy', 'SHELL': '/bin/bash', 'QT_ACCESSIBILITY': '1', 'GDMSESSION': 'ubuntu', 'LESSCLOSE': '/usr/bin/lesspipe %s %s', 'GPG_AGENT_INFO': '/run/user/1000/gnupg/S.gpg-agent:0:1', 'VIRTUAL_ENV': '/home/sachin/.ros2_venv', 'ROS_AUTOMATIC_DISCOVERY_RANGE': 'SUBNET', 'QT_IM_MODULE': 'ibus', 'PWD': '/home/sachin/rosbot-wifi-heatmap-sim/build/nav2_read_rssi_at_waypoint', 'LC_ALL': 'en_US.UTF-8', 'XDG_CONFIG_DIRS': '/etc/xdg/xdg-ubuntu:/etc/xdg', 'XDG_DATA_DIRS': '/usr/share/ubuntu:/usr/share/gnome:/usr/local/share/:/usr/share/:/var/lib/snapd/desktop', 'PYTHONPATH': '/home/sachin/rosbot-wifi-heatmap-sim/install/rosbot_interfaces/lib/python3.12/site-packages:/home/sachin/rosbot-wifi-heatmap-sim/install/waypoint_publisher_package/lib/python3.12/site-packages:/home/sachin/rosbot-wifi-heatmap-sim/install/rssi_heatmap_generator_package/lib/python3.12/site-packages:/opt/ros/jazzy/lib/python3.12/site-packages', 'COLCON': '1', 'MEMORY_PRESSURE_WRITE': 'c29tZSAyMDAwMDAgMjAwMDAwMAA=', 'VTE_VERSION': '7600', 'CMAKE_PREFIX_PATH': '/home/sachin/rosbot-wifi-heatmap-sim/install/rosbot_interfaces:/home/sachin/rosbot-wifi-heatmap-sim/install/mappers_bringup:/home/sachin/rosbot-wifi-heatmap-sim/install/nav2_read_rssi_at_waypoint:/home/sachin/turtlebot3_ws/install/turtlebot3_simulations:/home/sachin/turtlebot3_ws/install/turtlebot3_gazebo:/home/sachin/turtlebot3_ws/install/turtlebot3_fake_node:/opt/ros/jazzy/opt/gz_sim_vendor:/opt/ros/jazzy/opt/gz_sensors_vendor:/opt/ros/jazzy/opt/gz_physics_vendor:/opt/ros/jazzy/opt/sdformat_vendor:/opt/ros/jazzy/opt/gz_gui_vendor:/opt/ros/jazzy/opt/gz_transport_vendor:/opt/ros/jazzy/opt/gz_rendering_vendor:/opt/ros/jazzy/opt/gz_plugin_vendor:/opt/ros/jazzy/opt/gz_fuel_tools_vendor:/opt/ros/jazzy/opt/gz_msgs_vendor:/opt/ros/jazzy/opt/gz_common_vendor:/opt/ros/jazzy/opt/gz_math_vendor:/opt/ros/jazzy/opt/gz_utils_vendor:/opt/ros/jazzy/opt/gz_tools_vendor:/opt/ros/jazzy/opt/gz_ogre_next_vendor:/opt/ros/jazzy/opt/gz_dartsim_vendor:/opt/ros/jazzy/opt/gz_cmake_vendor:/home/sachin/rosbot-wifi-heatmap-sim/install/waypoint_publisher_package:/home/sachin/rosbot-wifi-heatmap-sim/install/rssi_heatmap_generator_package:/opt/ros/jazzy'}), 'shell': False}
[0.701090] (-) TimerEvent: {}
[0.798170] (nav2_read_rssi_at_waypoint) StdoutLine: {'line': b'[100%] Built target nav2_read_rssi_at_waypoint\n'}
[0.801168] (-) TimerEvent: {}
[0.901536] (-) TimerEvent: {}
[0.985209] (nav2_read_rssi_at_waypoint) CommandEnded: {'returncode': 0}
[0.986087] (nav2_read_rssi_at_waypoint) JobProgress: {'identifier': 'nav2_read_rssi_at_waypoint', 'progress': 'install'}
[0.986590] (nav2_read_rssi_at_waypoint) Command: {'cmd': ['/usr/bin/cmake', '--install', '/home/sachin/rosbot-wifi-heatmap-sim/build/nav2_read_rssi_at_waypoint'], 'cwd': '/home/sachin/rosbot-wifi-heatmap-sim/build/nav2_read_rssi_at_waypoint', 'env': OrderedDict({'LESSOPEN': '| /usr/bin/lesspipe %s', 'GZ_SIM_RESOURCE_PATH': '/opt/ros/jazzy/share:/home/sachin/gazebo_models', 'USER': 'sachin', 'GZ_CONFIG_PATH': '/opt/ros/jazzy/opt/gz_sim_vendor/share/gz:/opt/ros/jazzy/opt/sdformat_vendor/share/gz:/opt/ros/jazzy/opt/gz_gui_vendor/share/gz:/opt/ros/jazzy/opt/gz_transport_vendor/share/gz:/opt/ros/jazzy/opt/gz_rendering_vendor/share/gz:/opt/ros/jazzy/opt/gz_plugin_vendor/share/gz:/opt/ros/jazzy/opt/gz_fuel_tools_vendor/share/gz:/opt/ros/jazzy/opt/gz_msgs_vendor/share/gz:/opt/ros/jazzy/opt/gz_common_vendor/share/gz', 'XDG_SESSION_TYPE': 'x11', 'CLUTTER_DISABLE_MIPMAPPED_TEXT': '1', 'SHLVL': '1', 'LD_LIBRARY_PATH': '/home/sachin/rosbot-wifi-heatmap-sim/install/rosbot_interfaces/lib:/home/sachin/rosbot-wifi-heatmap-sim/install/nav2_read_rssi_at_waypoint/lib:/opt/ros/jazzy/opt/gz_sim_vendor/lib:/opt/ros/jazzy/opt/gz_sensors_vendor/lib:/opt/ros/jazzy/opt/gz_physics_vendor/lib:/opt/ros/jazzy/opt/sdformat_vendor/lib:/opt/ros/jazzy/opt/rviz_ogre_vendor/lib:/opt/ros/jazzy/lib/x86_64-linux-gnu:/opt/ros/jazzy/opt/gz_gui_vendor/lib:/opt/ros/jazzy/opt/gz_transport_vendor/lib:/opt/ros/jazzy/opt/gz_rendering_vendor/lib:/opt/ros/jazzy/opt/gz_plugin_vendor/lib:/opt/ros/jazzy/opt/gz_fuel_tools_vendor/lib:/opt/ros/jazzy/opt/gz_msgs_vendor/lib:/opt/ros/jazzy/opt/gz_common_vendor/lib:/opt/ros/jazzy/opt/gz_math_vendor/lib:/opt/ros/jazzy/opt/gz_utils_vendor/lib:/opt/ros/jazzy/opt/gz_tools_vendor/lib:/opt/ros/jazzy/opt/gz_ogre_next_vendor/lib:/opt/ros/jazzy/opt/gz_dartsim_vendor/lib:/opt/ros/jazzy/opt/gz_cmake_vendor/lib:/opt/ros/jazzy/lib', 'HOME': '/home/sachin', 'OLDPWD': '/home/sachin/turtlebot3_ws', 'DESKTOP_SESSION': 'ubuntu', 'ROS_PYTHON_VERSION': '3', 'GNOME_SHELL_SESSION_MODE': 'ubuntu', 'GTK_MODULES': 'gail:atk-bridge', 'PS1': '(.ros2_venv) \\[\\e]0;\\u@\\h: \\w\\a\\]${debian_chroot:+($debian_chroot)}\\[\\033[01;32m\\]\\u@\\h\\[\\033[00m\\]:\\[\\033[01;34m\\]\\w\\[\\033[00m\\]\\$', 'SYSTEMD_EXEC_PID': '2614', 'GSM_SKIP_SSH_AGENT_WORKAROUND': 'true', 'DBUS_SESSION_BUS_ADDRESS': 'unix:path=/run/user/1000/bus', 'COLORTERM': 'truecolor', 'DEBUGINFOD_URLS': 'https://debuginfod.ubuntu.com', 'COLCON_PREFIX_PATH': '/home/sachin/rosbot-wifi-heatmap-sim/install:/home/sachin/turtlebot3_ws/install', 'ROS_DISTRO': 'jazzy', 'LOGNAME': 'sachin', '_': '/usr/bin/colcon', 'ROS_VERSION': '2', 'PIP_BREAK_SYSTEM_PACKAGES': '1', 'MEMORY_PRESSURE_WATCH': '/sys/fs/cgroup/user.slice/user-1000.slice/user@1000.service/session.slice/org.gnome.Shell@x11.service/memory.pressure', 'XDG_SESSION_CLASS': 'user', 'USERNAME': 'sachin', 'TERM': 'xterm-256color', 'GNOME_DESKTOP_SESSION_ID': 'this-is-deprecated', 'WINDOWPATH': '2', 'PATH': '/home/sachin/.ros2_venv/bin:/opt/ros/jazzy/opt/gz_msgs_vendor/bin:/opt/ros/jazzy/opt/gz_tools_vendor/bin:/opt/ros/jazzy/opt/gz_ogre_next_vendor/bin:/opt/ros/jazzy/bin:/usr/local/sbin:/usr/local/bin:/usr/sbin:/usr/bin:/sbin:/bin:/usr/games:/usr/local/games:/snap/bin:/snap/bin', 'SESSION_MANAGER': 'local/SK:@/tmp/.ICE-unix/2583,unix/SK:/tmp/.ICE-unix/2583', 'XDG_MENU_PREFIX': 'gnome-', 'GNOME_TERMINAL_SCREEN': '/org/gnome/Terminal/screen/df379d0b_c7dc_4b7a_b5af_a8e2f23f471b', 'XDG_RUNTIME_DIR': '/run/user/1000', 'DISPLAY': ':1', 'LANG': 'en_US.UTF-8', 'XDG_CURRENT_DESKTOP': 'ubuntu:GNOME', 'VIRTUAL_ENV_PROMPT': '(.ros2_venv)', 'XMODIFIERS': '@im=ibus', 'XDG_SESSION_DESKTOP': 'ubuntu', 'XAUTHORITY': '/run/user/1000/gdm/Xauthority', 'LS_COLORS': 'rs=0:di=01;34:ln=01;36:mh=00:pi=40;33:so=01;35:do=01;35:bd=40;33;01:cd=40;33;01:or=40;31;01:mi=00:su=37;41:sg=30;43:ca=00:tw=30;42:ow=34;42:st=37;44:ex=01;32:*.tar=01;31:*.tgz=01;31:*.arc=01;31:*.arj=01;31:*.taz=01;31:*.lha=01;31:*.lz4=01;31:*.lzh=01;31:*.lzma=01;31:*.tlz=01;31:*.txz=01;31:*.tzo=01;31:*.t7z=01;31:*.zip=01;31:*.z=01;31:*.dz=01;31:*.gz=01;31:*.lrz=01;31:*.lz=01;31:*.lzo=01;31:*.xz=01;31:*.zst=01;31:*.tzst=01;31:*.bz2=01;31:*.bz=01;31:*.tbz=01;31:*.tbz2=01;31:*.tz=01;31:*.deb=01;31:*.rpm=01;31:*.jar=01;31:*.war=01;31:*.ear=01;31:*.sar=01;31:*.rar=01;31:*.alz=01;31:*.ace=01;31:*.zoo=01;31:*.cpio=01;31:*.7z=01;31:*.rz=01;31:*.cab=01;31:*.wim=01;31:*.swm=01;31:*.dwm=01;31:*.esd=01;31:*.avif=01;35:*.jpg=01;35:*.jpeg=01;35:*.mjpg=01;35:*.mjpeg=01;35:*.gif=01;35:*.bmp=01;35:*.pbm=01;35:*.pgm=01;35:*.ppm=01;35:*.tga=01;35:*.xbm=01;35:*.xpm=01;35:*.tif=01;35:*.tiff=01;35:*.png=01;35:*.svg=01;35:*.svgz=01;35:*.mng=01;35:*.pcx=01;35:*.mov=01;35:*.mpg=01;35:*.mpeg=01;35:*.m2v=01;35:*.mkv=01;35:*.webm=01;35:*.webp=01;35:*.ogm=01;35:*.mp4=01;35:*.m4v=01;35:*.mp4v=01;35:*.vob=01;35:*.qt=01;35:*.nuv=01;35:*.wmv=01;35:*.asf=01;35:*.rm=01;35:*.rmvb=01;35:*.flc=01;35:*.avi=01;35:*.fli=01;35:*.flv=01;35:*.gl=01;35:*.dl=01;35:*.xcf=01;35:*.xwd=01;35:*.yuv=01;35:*.cgm=01;35:*.emf=01;35:*.ogv=01;35:*.ogx=01;35:*.aac=00;36:*.au=00;36:*.flac=00;36:*.m4a=00;36:*.mid=00;36:*.midi=00;36:*.mka=00;36:*.mp3=00;36:*.mpc=00;36:*.ogg=00;36:*.ra=00;36:*.wav=00;36:*.oga=00;36:*.opus=00;36:*.spx=00;36:*.xspf=00;36:*~=00;90:*#=00;90:*.bak=00;90:*.crdownload=00;90:*.dpkg-dist=00;90:*.dpkg-new=00;90:*.dpkg-old=00;90:*.dpkg-tmp=00;90:*.old=00;90:*.orig=00;90:*.part=00;90:*.rej=00;90:*.rpmnew=00;90:*.rpmorig=00;90:*.rpmsave=00;90:*.swp=00;90:*.tmp=00;90:*.ucf-dist=00;90:*.ucf-new=00;90:*.ucf-old=00;90:', 'GNOME_TERMINAL_SERVICE': ':1.95', 'SSH_AUTH_SOCK': '/run/user/1000/keyring/ssh', 'ROS_DOMAIN_ID': '100', 'AMENT_PREFIX_PATH': '/home/sachin/rosbot-wifi-heatmap-sim/install/mappers_bringup:/home/sachin/rosbot-wifi-heatmap-sim/install/waypoint_publisher_package:/home/sachin/rosbot-wifi-heatmap-sim/install/rssi_heatmap_generator_package:/home/sachin/rosbot-wifi-heatmap-sim/install/nav2_read_rssi_at_waypoint:/home/sachin/rosbot-wifi-heatmap-sim/install/rosbot_interfaces:/home/sachin/turtlebot3_ws/install/turtlebot3_simulations:/home/sachin/turtlebot3_ws/install/turtlebot3_gazebo:/home/sachin/turtlebot3_ws/install/turtlebot3_fake_node:/opt/ros/jazzy', 'SHELL': '/bin/bash', 'QT_ACCESSIBILITY': '1', 'GDMSESSION': 'ubuntu', 'LESSCLOSE': '/usr/bin/lesspipe %s %s', 'GPG_AGENT_INFO': '/run/user/1000/gnupg/S.gpg-agent:0:1', 'VIRTUAL_ENV': '/home/sachin/.ros2_venv', 'ROS_AUTOMATIC_DISCOVERY_RANGE': 'SUBNET', 'QT_IM_MODULE': 'ibus', 'PWD': '/home/sachin/rosbot-wifi-heatmap-sim/build/nav2_read_rssi_at_waypoint', 'LC_ALL': 'en_US.UTF-8', 'XDG_CONFIG_DIRS': '/etc/xdg/xdg-ubuntu:/etc/xdg', 'XDG_DATA_DIRS': '/usr/share/ubuntu:/usr/share/gnome:/usr/local/share/:/usr/share/:/var/lib/snapd/desktop', 'PYTHONPATH': '/home/sachin/rosbot-wifi-heatmap-sim/install/rosbot_interfaces/lib/python3.12/site-packages:/home/sachin/rosbot-wifi-heatmap-sim/install/waypoint_publisher_package/lib/python3.12/site-packages:/home/sachin/rosbot-wifi-heatmap-sim/install/rssi_heatmap_generator_package/lib/python3.12/site-packages:/opt/ros/jazzy/lib/python3.12/site-packages', 'COLCON': '1', 'MEMORY_PRESSURE_WRITE': 'c29tZSAyMDAwMDAgMjAwMDAwMAA=', 'VTE_VERSION': '7600', 'CMAKE_PREFIX_PATH': '/home/sachin/rosbot-wifi-heatmap-sim/install/rosbot_interfaces:/home/sachin/rosbot-wifi-heatmap-sim/install/mappers_bringup:/home/sachin/rosbot-wifi-heatmap-sim/install/nav2_read_rssi_at_waypoint:/home/sachin/turtlebot3_ws/install/turtlebot3_simulations:/home/sachin/turtlebot3_ws/install/turtlebot3_gazebo:/home/sachin/turtlebot3_ws/install/turtlebot3_fake_node:/opt/ros/jazzy/opt/gz_sim_vendor:/opt/ros/jazzy/opt/gz_sensors_vendor:/opt/ros/jazzy/opt/gz_physics_vendor:/opt/ros/jazzy/opt/sdformat_vendor:/opt/ros/jazzy/opt/gz_gui_vendor:/opt/ros/jazzy/opt/gz_transport_vendor:/opt/ros/jazzy/opt/gz_rendering_vendor:/opt/ros/jazzy/opt/gz_plugin_vendor:/opt/ros/jazzy/opt/gz_fuel_tools_vendor:/opt/ros/jazzy/opt/gz_msgs_vendor:/opt/ros/jazzy/opt/gz_common_vendor:/opt/ros/jazzy/opt/gz_math_vendor:/opt/ros/jazzy/opt/gz_utils_vendor:/opt/ros/jazzy/opt/gz_tools_vendor:/opt/ros/jazzy/opt/gz_ogre_next_vendor:/opt/ros/jazzy/opt/gz_dartsim_vendor:/opt/ros/jazzy/opt/gz_cmake_vendor:/home/sachin/rosbot-wifi-heatmap-sim/install/waypoint_publisher_package:/home/sachin/rosbot-wifi-heatmap-sim/install/rssi_heatmap_generator_package:/opt/ros/jazzy'}), 'shell': False}
[1.000692] (nav2_read_rssi_at_waypoint) StdoutLine: {'line': b'-- Install configuration: ""\n'}
[1.000997] (nav2_read_rssi_at_waypoint) StdoutLine: {'line': b'-- Up-to-date: /home/sachin/rosbot-wifi-heatmap-sim/install/nav2_read_rssi_at_waypoint/share/nav2_read_rssi_at_waypoint/nav2_read_rssi_at_waypoint.xml\n'}
[1.001205] (nav2_read_rssi_at_waypoint) StdoutLine: {'line': b'-- Up-to-date: /home/sachin/rosbot-wifi-heatmap-sim/install/nav2_read_rssi_at_waypoint/lib/libnav2_read_rssi_at_waypoint.so\n'}
[1.001416] (nav2_read_rssi_at_waypoint) StdoutLine: {'line': b'-- Up-to-date: /home/sachin/rosbot-wifi-heatmap-sim/install/nav2_read_rssi_at_waypoint/include/\n'}
[1.001549] (nav2_read_rssi_at_waypoint) StdoutLine: {'line': b'-- Up-to-date: /home/sachin/rosbot-wifi-heatmap-sim/install/nav2_read_rssi_at_waypoint/include//nav2_read_rssi_at_waypoint\n'}
[1.001637] (-) TimerEvent: {}
[1.001844] (nav2_read_rssi_at_waypoint) StdoutLine: {'line': b'-- Up-to-date: /home/sachin/rosbot-wifi-heatmap-sim/install/nav2_read_rssi_at_waypoint/include//nav2_read_rssi_at_waypoint/read_rssi_at_waypoint.hpp\n'}
[1.001958] (nav2_read_rssi_at_waypoint) StdoutLine: {'line': b'-- Up-to-date: /home/sachin/rosbot-wifi-heatmap-sim/install/nav2_read_rssi_at_waypoint/include//nav2_read_rssi_at_waypoint/simulated_rssi.hpp\n'}
[1.002134] (nav2_read_rssi_at_waypoint) StdoutLine: {'line': b'-- Up-to-date: /home/sachin/rosbot-wifi-heatmap-sim/install/nav2_read_rssi_at_waypoint/share/nav2_read_rssi_at_waypoint/nav2_read_rssi_at_waypoint.xml\n'}
[1.002214] (nav2_read_rssi_at_waypoint) StdoutLine: {'line': b'-- Up-to-date: /home/sachin/rosbot-wifi-heatmap-sim/install/nav2_read_rssi_at_waypoint/share/nav2_read_rssi_at_waypoint/environment/library_path.sh\n'}
[1.002318] (nav2_read_rssi_at_waypoint) StdoutLine: {'line': b'-- Up-to-date: /home/sachin/rosbot-wifi-heatmap-sim/install/nav2_read_rssi_at_waypoint/share/nav2_read_rssi_at_waypoint/environment/library_path.dsv\n'}
[1.002438] (nav2_read_rssi_at_waypoint) StdoutLine: {'line': b'-- Up-to-date: /home/sachin/rosbot-wifi-heatmap-sim/install/nav2_read_rssi_at_waypoint/share/ament_index/resource_index/package_run_dependencies/nav2_read_rssi_at_waypoint\n'}
[1.002609] (nav2_read_rssi_at_waypoint) StdoutLine: {'line': b'-- Up-to-date: /home/sachin/rosbot-wifi-heatmap-sim/install/nav2_read_rssi_at_waypoint/share/ament_index/resource_index/parent_prefix_path/nav2_read_rssi_at_waypoint\n'}
[1.002736] (nav2_read_rssi_at_waypoint) StdoutLine: {'line': b'-- Up-to-date: /home/sachin/rosbot-wifi-heatmap-sim/install/nav2_read_rssi_at_waypoint/share/nav2_read_rssi_at_waypoint/environment/ament_prefix_path.sh\n'}
[1.002930] (nav2_read_rssi_at_waypoint) StdoutLine: {'line': b'-- Up-to-date: /home/sachin/rosbot-wifi-heatmap-sim/install/nav2_read_rssi_at_waypoint/share/nav2_read_rssi_at_waypoint/environment/ament_prefix_path.dsv\n'}
[1.003109] (nav2_read_rssi_at_waypoint) StdoutLine: {'line': b'-- Up-to-date: /home/sachin/rosbot-wifi-heatmap-sim/install/nav2_read_rssi_at_waypoint/share/nav2_read_rssi_at_waypoint/environment/path.sh\n'}
[1.003287] (nav2_read_rssi_at_waypoint) StdoutLine: {'line': b'-- Up-to-date: /home/sachin/rosbot-wifi-heatmap-sim/install/nav2_read_rssi_at_waypoint/share/nav2_read_rssi_at_waypoint/environment/path.dsv\n'}
[1.003401] (nav2_read_rssi_at_waypoint) StdoutLine: {'line': b'-- Up-to-date: /home/sachin/rosbot-wifi-heatmap-sim/install/nav2_read_rssi_at_waypoint/share/nav2_read_rssi_at_waypoint/local_setup.bash\n'}
[1.003510] (nav2_read_rssi_at_waypoint) StdoutLine: {'line': b'-- Up-to-date: /home/sachin/rosbot-wifi-heatmap-sim/install/nav2_read_rssi_at_waypoint/share/nav2_read_rssi_at_waypoint/local_setup.sh\n'}
[1.003631] (nav2_read_rssi_at_waypoint) StdoutLine: {'line': b'-- Up-to-date: /home/sachin/rosbot-wifi-heatmap-sim/install/nav2_read_rssi_at_waypoint/share/nav2_read_rssi_at_waypoint/local_setup.zsh\n'}
[1.003740] (nav2_read_rssi_at_waypoint) StdoutLine: {'line': b'-- Up-to-date: /home/sachin/rosbot-wifi-heatmap-sim/install/nav2_read_rssi_at_waypoint/share/nav2_read_rssi_at_waypoint/local_setup.dsv\n'}
[1.003843] (nav2_read_rssi_at_waypoint) StdoutLine: {'line': b'-- Installing: /home/sachin/rosbot-wifi-heatmap-sim/install/nav2_read_rssi_at_waypoint/share/nav2_read_rssi_at_waypoint/package.dsv\n'}
[1.003956] (nav2_read_rssi_at_waypoint) StdoutLine: {'line': b'-- Up-to-date: /home/sachin/rosbot-wifi-heatmap-sim/install/nav2_read_rssi_at_waypoint/share/ament_index/resource_index/packages/nav2_read_rssi_at_waypoint\n'}
[1.004070] (nav2_read_rssi_at_waypoint) StdoutLine: {'line': b'-- Up-to-date: /home/sachin/rosbot-wifi-heatmap-sim/install/nav2_read_rssi_at_waypoint/share/ament_index/resource_index/nav2_waypoint_follower__pluginlib__plugin/nav2_read_rssi_at_waypoint\n'}
[1.004212] (nav2_read_rssi_at_waypoint) StdoutLine: {'line': b'-- Up-to-date: /home/sachin/rosbot-wifi-heatmap-sim/install/nav2_read_rssi_at_waypoint/share/nav2_read_rssi_at_waypoint/cmake/ament_cmake_export_include_directories-extras.cmake\n'}
[1.004317] (nav2_read_rssi_at_waypoint) StdoutLine: {'line': b'-- Up-to-date: /home/sachin/rosbot-wifi-heatmap-sim/install/nav2_read_rssi_at_waypoint/share/nav2_read_rssi_at_waypoint/cmake/ament_cmake_export_libraries-extras.cmake\n'}
[1.004456] (nav2_read_rssi_at_waypoint) StdoutLine: {'line': b'-- Up-to-date: /home/sachin/rosbot-wifi-heatmap-sim/install/nav2_read_rssi_at_waypoint/share/nav2_read_rssi_at_waypoint/cmake/ament_cmake_export_dependencies-extras.cmake\n'}
[1.004578] (nav2_read_rssi_at_waypoint) StdoutLine: {'line': b'-- Up-to-date: /home/sachin/rosbot-wifi-heatmap-sim/install/nav2_read_rssi_at_waypoint/share/nav2_read_rssi_at_waypoint/cmake/nav2_read_rssi_at_waypointConfig.cmake\n'}
[1.004686] (nav2_read_rssi_at_waypoint) StdoutLine: {'line': b'-- Up-to-date: /home/sachin/rosbot-wifi-heatmap-sim/install/nav2_read_rssi_at_waypoint/share/nav2_read_rssi_at_waypoint/cmake/nav2_read_rssi_at_waypointConfig-version.cmake\n'}
[1.004810] (nav2_read_rssi_at_waypoint) StdoutLine: {'line': b'-- Up-to-date: /home/sachin/rosbot-wifi-heatmap-sim/install/nav2_read_rssi_at_waypoint/share/nav2_read_rssi_at_waypoint/package.xml\n'}
[1.006201] (nav2_read_rssi_at_waypoint) CommandEnded: {'returncode': 0}
[1.023127] (nav2_read_rssi_at_waypoint) JobEnded: {'identifier': 'nav2_read_rssi_at_waypoint', 'rc': 0}
[1.101848] (-) TimerEvent: {}
[1.172254] (waypoint_publisher_package) Command: {'cmd': ['/usr/bin/python3', '-W', 'ignore:setup.py install is deprecated', '-W', 'ignore:easy_install command is deprecated', 'setup.py', 'egg_info', '--egg-base', '../../build/waypoint_publisher_package', 'build', '--build-base', '/home/sachin/rosbot-wifi-heatmap-sim/build/waypoint_publisher_package/build', 'install', '--record', '/home/sachin/rosbot-wifi-heatmap-sim/build/waypoint_publisher_package/install.log', '--single-version-externally-managed', 'install_data'], 'cwd': '/home/sachin/rosbot-wifi-heatmap-sim/src/waypoint_publisher_package', 'env': {'LESSOPEN': '| /usr/bin/lesspipe %s', 'GZ_SIM_RESOURCE_PATH': '/opt/ros/jazzy/share:/home/sachin/gazebo_models', 'USER': 'sachin', 'GZ_CONFIG_PATH': '/opt/ros/jazzy/opt/gz_sim_vendor/share/gz:/opt/ros/jazzy/opt/sdformat_vendor/share/gz:/opt/ros/jazzy/opt/gz_gui_vendor/share/gz:/opt/ros/jazzy/opt/gz_transport_vendor/share/gz:/opt/ros/jazzy/opt/gz_rendering_vendor/share/gz:/opt/ros/jazzy/opt/gz_plugin_vendor/share/gz:/opt/ros/jazzy/opt/gz_fuel_tools_vendor/share/gz:/opt/ros/jazzy/opt/gz_msgs_vendor/share/gz:/opt/ros/jazzy/opt/gz_common_vendor/share/gz', 'XDG_SESSION_TYPE': 'x11', 'CLUTTER_DISABLE_MIPMAPPED_TEXT': '1', 'SHLVL': '1', 'LD_LIBRARY_PATH': '/home/sachin/rosbot-wifi-heatmap-sim/install/nav2_read_rssi_at_waypoint/lib:/home/sachin/rosbot-wifi-heatmap-sim/install/rosbot_interfaces/lib:/opt/ros/jazzy/opt/gz_sim_vendor/lib:/opt/ros/jazzy/opt/gz_sensors_vendor/lib:/opt/ros/jazzy/opt/gz_physics_vendor/lib:/opt/ros/jazzy/opt/sdformat_vendor/lib:/opt/ros/jazzy/opt/rviz_ogre_vendor/lib:/opt/ros/jazzy/lib/x86_64-linux-gnu:/opt/ros/jazzy/opt/gz_gui_vendor/lib:/opt/ros/jazzy/opt/gz_transport_vendor/lib:/opt/ros/jazzy/opt/gz_rendering_vendor/lib:/opt/ros/jazzy/opt/gz_plugin_vendor/lib:/opt/ros/jazzy/opt/gz_fuel_tools_vendor/lib:/opt/ros/jazzy/opt/gz_msgs_vendor/lib:/opt/ros/jazzy/opt/gz_common_vendor/lib:/opt/ros/jazzy/opt/gz_math_vendor/lib:/opt/ros/jazzy/opt/gz_utils_vendor/lib:/opt/ros/jazzy/opt/gz_tools_vendor/lib:/opt/ros/jazzy/opt/gz_ogre_next_vendor/lib:/opt/ros/jazzy/opt/gz_dartsim_vendor/lib:/opt/ros/jazzy/opt/gz_cmake_vendor/lib:/opt/ros/jazzy/lib', 'HOME': '/home/sachin', 'OLDPWD': '/home/sachin/turtlebot3_ws', 'DESKTOP_SESSION': 'ubuntu', 'ROS_PYTHON_VERSION': '3', 'GNOME_SHELL_SESSION_MODE': 'ubuntu', 'GTK_MODULES': 'gail:atk-bridge', 'PS1': '(.ros2_venv) \\[\\e]0;\\u@\\h: \\w\\a\\]${debian_chroot:+($debian_chroot)}\\[\\033[01;32m\\]\\u@\\h\\[\\033[00m\\]:\\[\\033[01;34m\\]\\w\\[\\033[00m\\]\\$', 'SYSTEMD_EXEC_PID': '2614', 'GSM_SKIP_SSH_AGENT_WORKAROUND': 'true', 'DBUS_SESSION_BUS_ADDRESS': 'unix:path=/run/user/1000/bus', 'COLORTERM': 'truecolor', 'DEBUGINFOD_URLS': 'https://debuginfod.ubuntu.com', 'COLCON_PREFIX_PATH': '/home/sachin/rosbot-wifi-heatmap-sim/install:/home/sachin/turtlebot3_ws/install', 'ROS_DISTRO': 'jazzy', 'LOGNAME': 'sachin', '_': '/usr/bin/colcon', 'ROS_VERSION': '2', 'PIP_BREAK_SYSTEM_PACKAGES': '1', 'MEMORY_PRESSURE_WATCH': '/sys/fs/cgroup/user.slice/user-1000.slice/user@1000.service/session.slice/org.gnome.Shell@x11.service/memory.pressure', 'XDG_SESSION_CLASS': 'user', 'USERNAME': 'sachin', 'TERM': 'xterm-256color', 'GNOME_DESKTOP_SESSION_ID': 'this-is-deprecated', 'WINDOWPATH': '2', 'PATH': '/home/sachin/.ros2_venv/bin:/opt/ros/jazzy/opt/gz_msgs_vendor/bin:/opt/ros/jazzy/opt/gz_tools_vendor/bin:/opt/ros/jazzy/opt/gz_ogre_next_vendor/bin:/opt/ros/jazzy/bin:/usr/local/sbin:/usr/local/bin:/usr/sbin:/usr/bin:/sbin:/bin:/usr/games:/usr/local/games:/snap/bin:/snap/bin', 'SESSION_MANAGER': 'local/SK:@/tmp/.ICE-unix/2583,unix/SK:/tmp/.ICE-unix/2583', 'XDG_MENU_PREFIX': 'gnome-', 'GNOME_TERMINAL_SCREEN': '/org/gnome/Terminal/screen/df379d0b_c7dc_4b7a_b5af_a8e2f23f471b', 'XDG_RUNTIME_DIR': '/run/user/1000', 'DISPLAY': ':1', 'LANG': 'en_US.UTF-8', 'XDG_CURRENT_DESKTOP': 'ubuntu:GNOME', 'VIRTUAL_ENV_PROMPT': '(.ros2_venv)', 'XMODIFIERS': '@im=ibus', 'XDG_SESSION_DESKTOP': 'ubuntu', 'XAUTHORITY': '/run/user/1000/gdm/Xauthority', 'LS_COLORS': 'rs=0:di=01;34:ln=01;36:mh=00:pi=40;33:so=01;35:do=01;35:bd=40;33;01:cd=40;33;01:or=40;31;01:mi=00:su=37;41:sg=30;43:ca=00:tw=30;42:ow=34;42:st=37;44:ex=01;32:*.tar=01;31:*.tgz=01;31:*.arc=01;31:*.arj=01;31:*.taz=01;31:*.lha=01;31:*.lz4=01;31:*.lzh=01;31:*.lzma=01;31:*.tlz=01;31:*.txz=01;31:*.tzo=01;31:*.t7z=01;31:*.zip=01;31:*.z=01;31:*.dz=01;31:*.gz=01;31:*.lrz=01;31:*.lz=01;31:*.lzo=01;31:*.xz=01;31:*.zst=01;31:*.tzst=01;31:*.bz2=01;31:*.bz=01;31:*.tbz=01;31:*.tbz2=01;31:*.tz=01;31:*.deb=01;31:*.rpm=01;31:*.jar=01;31:*.war=01;31:*.ear=01;31:*.sar=01;31:*.rar=01;31:*.alz=01;31:*.ace=01;31:*.zoo=01;31:*.cpio=01;31:*.7z=01;31:*.rz=01;31:*.cab=01;31:*.wim=01;31:*.swm=01;31:*.dwm=01;31:*.esd=01;31:*.avif=01;35:*.jpg=01;35:*.jpeg=01;35:*.mjpg=01;35:*.mjpeg=01;35:*.gif=01;35:*.bmp=01;35:*.pbm=01;35:*.pgm=01;35:*.ppm=01;35:*.tga=01;35:*.xbm=01;35:*.xpm=01;35:*.tif=01;35:*.tiff=01;35:*.png=01;35:*.svg=01;35:*.svgz=01;35:*.mng=01;35:*.pcx=01;35:*.mov=01;35:*.mpg=01;35:*.mpeg=01;35:*.m2v=01;35:*.mkv=01;35:*.webm=01;35:*.webp=01;35:*.ogm=01;35:*.mp4=01;35:*.m4v=01;35:*.mp4v=01;35:*.vob=01;35:*.qt=01;35:*.nuv=01;35:*.wmv=01;35:*.asf=01;35:*.rm=01;35:*.rmvb=01;35:*.flc=01;35:*.avi=01;35:*.fli=01;35:*.flv=01;35:*.gl=01;35:*.dl=01;35:*.xcf=01;35:*.xwd=01;35:*.yuv=01;35:*.cgm=01;35:*.emf=01;35:*.ogv=01;35:*.ogx=01;35:*.aac=00;36:*.au=00;36:*.flac=00;36:*.m4a=00;36:*.mid=00;36:*.midi=00;36:*.mka=00;36:*.mp3=00;36:*.mpc=00;36:*.ogg=00;36:*.ra=00;36:*.wav=00;36:*.oga=00;36:*.opus=00;36:*.spx=00;36:*.xspf=00;36:*~=00;90:*#=00;90:*.bak=00;90:*.crdownload=00;90:*.dpkg-dist=00;90:*.dpkg-new=00;90:*.dpkg-old=00;90:*.dpkg-tmp=00;90:*.old=00;90:*.orig=00;90:*.part=00;90:*.rej=00;90:*.rpmnew=00;90:*.rpmorig=00;90:*.rpmsave=00;90:*.swp=00;90:*.tmp=00;90:*.ucf-dist=00;90:*.ucf-new=00;90:*.ucf-old=00;90:', 'GNOME_TERMINAL_SERVICE': ':1.95', 'SSH_AUTH_SOCK': '/run/user/1000/keyring/ssh', 'ROS_DOMAIN_ID': '100', 'AMENT_PREFIX_PATH': '/home/sachin/rosbot-wifi-heatmap-sim/install/mappers_bringup:/home/sachin/rosbot-wifi-heatmap-sim/install/waypoint_publisher_package:/home/sachin/rosbot-wifi-heatmap-sim/install/rssi_heatmap_generator_package:/home/sachin/rosbot-wifi-heatmap-sim/install/nav2_read_rssi_at_waypoint:/home/sachin/rosbot-wifi-heatmap-sim/install/rosbot_interfaces:/home/sachin/turtlebot3_ws/install/turtlebot3_simulations:/home/sachin/turtlebot3_ws/install/turtlebot3_gazebo:/home/sachin/turtlebot3_ws/install/turtlebot3_fake_node:/opt/ros/jazzy', 'SHELL': '/bin/bash', 'QT_ACCESSIBILITY': '1', 'GDMSESSION': 'ubuntu', 'LESSCLOSE': '/usr/bin/lesspipe %s %s', 'GPG_AGENT_INFO': '/run/user/1000/gnupg/S.gpg-agent:0:1', 'VIRTUAL_ENV': '/home/sachin/.ros2_venv', 'ROS_AUTOMATIC_DISCOVERY_RANGE': 'SUBNET', 'QT_IM_MODULE': 'ibus', 'PWD': '/home/sachin/rosbot-wifi-heatmap-sim/build/waypoint_publisher_package', 'LC_ALL': 'en_US.UTF-8', 'XDG_CONFIG_DIRS': '/etc/xdg/xdg-ubuntu:/etc/xdg', 'XDG_DATA_DIRS': '/usr/share/ubuntu:/usr/share/gnome:/usr/local/share/:/usr/share/:/var/lib/snapd/desktop', 'PYTHONPATH': '/home/sachin/rosbot-wifi-heatmap-sim/build/waypoint_publisher_package/prefix_override:/usr/lib/python3/dist-packages/colcon_core/task/python/colcon_distutils_commands:/home/sachin/rosbot-wifi-heatmap-sim/install/waypoint_publisher_package/lib/python3.12/site-packages:/home/sachin/rosbot-wifi-heatmap-sim/install/waypoint_publisher_package/lib/python3.12/site-packages:/home/sachin/rosbot-wifi-heatmap-sim/install/rssi_heatmap_generator_package/lib/python3.12/site-packages:/home/sachin/rosbot-wifi-heatmap-sim/install/rosbot_interfaces/lib/python3.12/site-packages:/opt/ros/jazzy/lib/python3.12/site-packages', 'COLCON': '1', 'MEMORY_PRESSURE_WRITE': 'c29tZSAyMDAwMDAgMjAwMDAwMAA=', 'VTE_VERSION': '7600', 'CMAKE_PREFIX_PATH': '/home/sachin/rosbot-wifi-heatmap-sim/install/mappers_bringup:/home/sachin/rosbot-wifi-heatmap-sim/install/nav2_read_rssi_at_waypoint:/home/sachin/rosbot-wifi-heatmap-sim/install/rosbot_interfaces:/home/sachin/turtlebot3_ws/install/turtlebot3_simulations:/home/sachin/turtlebot3_ws/install/turtlebot3_gazebo:/home/sachin/turtlebot3_ws/install/turtlebot3_fake_node:/opt/ros/jazzy/opt/gz_sim_vendor:/opt/ros/jazzy/opt/gz_sensors_vendor:/opt/ros/jazzy/opt/gz_physics_vendor:/opt/ros/jazzy/opt/sdformat_vendor:/opt/ros/jazzy/opt/gz_gui_vendor:/opt/ros/jazzy/opt/gz_transport_vendor:/opt/ros/jazzy/opt/gz_rendering_vendor:/opt/ros/jazzy/opt/gz_plugin_vendor:/opt/ros/jazzy/opt/gz_fuel_tools_vendor:/opt/ros/jazzy/opt/gz_msgs_vendor:/opt/ros/jazzy/opt/gz_common_vendor:/opt/ros/jazzy/opt/gz_math_vendor:/opt/ros/jazzy/opt/gz_utils_vendor:/opt/ros/jazzy/opt/gz_tools_vendor:/opt/ros/jazzy/opt/gz_ogre_next_vendor:/opt/ros/jazzy/opt/gz_dartsim_vendor:/opt/ros/jazzy/opt/gz_cmake_vendor'}, 'shell': False}
[1.202086] (-) TimerEvent: {}
[1.302525] (-) TimerEvent: {}
[1.402978] (-) TimerEvent: {}
[1.492350] (waypoint_publisher_package) StdoutLine: {'line': b'running egg_info\n'}
[1.503258] (-) TimerEvent: {}
[1.514956] (waypoint_publisher_package) StdoutLine: {'line': b'writing ../../build/waypoint_publisher_package/waypoint_publisher_package.egg-info/PKG-INFO\n'}
[1.520379] (waypoint_publisher_package) StdoutLine: {'line': b'writing dependency_links to ../../build/waypoint_publisher_package/waypoint_publisher_package.egg-info/dependency_links.txt\n'}
[1.520819] (waypoint_publisher_package) StdoutLine: {'line': b'writing entry points to ../../build/waypoint_publisher_package/waypoint_publisher_package.egg-info/entry_points.txt\n'}
[1.520992] (waypoint_publisher_package) StdoutLine: {'line': b'writing requirements to ../../build/waypoint_publisher_package/waypoint_publisher_package.egg-info/requires.txt\n'}
[1.521166] (waypoint_publisher_package) StdoutLine: {'line': b'writing top-level names to ../../build/waypoint_publisher_package/waypoint_publisher_package.egg-info/top_level.txt\n'}
[1.568067] (waypoint_publisher_package) StdoutLine: {'line': b"reading manifest file '../../build/waypoint_publisher_package/waypoint_publisher_package.egg-info/SOURCES.txt'\n"}
[1.569405] (waypoint_publisher_package) StdoutLine: {'line': b"writing manifest file '../../build/waypoint_publisher_package/waypoint_publisher_package.egg-info/SOURCES.txt'\n"}
[1.569723] (waypoint_publisher_package) StdoutLine: {'line': b'running build\n'}
[1.569957] (waypoint_publisher_package) StdoutLine: {'line': b'running build_py\n'}
[1.570133] (waypoint_publisher_package) StdoutLine: {'line': b'running install\n'}
[1.577683] (waypoint_publisher_package) StdoutLine: {'line': b'running install_lib\n'}
[1.601379] (waypoint_publisher_package) StdoutLine: {'line': b'running install_data\n'}
[1.601714] (waypoint_publisher_package) StdoutLine: {'line': b'running install_egg_info\n'}
[1.603484] (-) TimerEvent: {}
[1.628261] (waypoint_publisher_package) StdoutLine: {'line': b"removing '/home/sachin/rosbot-wifi-heatmap-sim/install/waypoint_publisher_package/lib/python3.12/site-packages/waypoint_publisher_package-1.0.0-py3.12.egg-info' (and everything under it)\n"}
[1.628618] (waypoint_publisher_package) StdoutLine: {'line': b'Copying ../../build/waypoint_publisher_package/waypoint_publisher_package.egg-info to /home/sachin/rosbot-wifi-heatmap-sim/install/waypoint_publisher_package/lib/python3.12/site-packages/waypoint_publisher_package-1.0.0-py3.12.egg-info\n'}
[1.629546] (waypoint_publisher_package) StdoutLine: {'line': b'running install_scripts\n'}
[1.696879] (rssi_heatmap_generator_package) Command: {'cmd': ['/usr/bin/python3', '-W', 'ignore:setup.py install is deprecated', '-W', 'ignore:easy_install command is deprecated', 'setup.py', 'egg_info', '--egg-base', '../../build/rssi_heatmap_generator_package', 'build', '--build-base', '/home/sachin/rosbot-wifi-heatmap-sim/build/rssi_heatmap_generator_package/build', 'install', '--record', '/home/sachin/rosbot-wifi-heatmap-sim/build/rssi_heatmap_generator_package/install.log', '--single-version-externally-managed', 'install_data'], 'cwd': '/home/sachin/rosbot-wifi-heatmap-sim/src/rssi_heatmap_generator_package', 'env': {'LESSOPEN': '| /usr/bin/lesspipe %s', 'GZ_SIM_RESOURCE_PATH': '/opt/ros/jazzy/share:/home/sachin/gazebo_models', 'USER': 'sachin', 'GZ_CONFIG_PATH': '/opt/ros/jazzy/opt/gz_sim_vendor/share/gz:/opt/ros/jazzy/opt/sdformat_vendor/share/gz:/opt/ros/jazzy/opt/gz_gui_vendor/share/gz:/opt/ros/jazzy/opt/gz_transport_vendor/share/gz:/opt/ros/jazzy/opt/gz_rendering_vendor/share/gz:/opt/ros/jazzy/opt/gz_plugin_vendor/share/gz:/opt/ros/jazzy/opt/gz_fuel_tools_vendor/share/gz:/opt/ros/jazzy/opt/gz_msgs_vendor/share/gz:/opt/ros/jazzy/opt/gz_common_vendor/share/gz', 'XDG_SESSION_TYPE': 'x11', 'CLUTTER_DISABLE_MIPMAPPED_TEXT': '1', 'SHLVL': '1', 'LD_LIBRARY_PATH': '/home/sachin/rosbot-wifi-heatmap-sim/install/rosbot_interfaces/lib:/home/sachin/rosbot-wifi-heatmap-sim/install/nav2_read_rssi_at_waypoint/lib:/opt/ros/jazzy/opt/gz_sim_vendor/lib:/opt/ros/jazzy/opt/gz_sensors_vendor/lib:/opt/ros/jazzy/opt/gz_physics_vendor/lib:/opt/ros/jazzy/opt/sdformat_vendor/lib:/opt/ros/jazzy/opt/rviz_ogre_vendor/lib:/opt/ros/jazzy/lib/x86_64-linux-gnu:/opt/ros/jazzy/opt/gz_gui_vendor/lib:/opt/ros/jazzy/opt/gz_transport_vendor/lib:/opt/ros/jazzy/opt/gz_rendering_vendor/lib:/opt/ros/jazzy/opt/gz_plugin_vendor/lib:/opt/ros/jazzy/opt/gz_fuel_tools_vendor/lib:/opt/ros/jazzy/opt/gz_msgs_vendor/lib:/opt/ros/jazzy/opt/gz_common_vendor/lib:/opt/ros/jazzy/opt/gz_math_vendor/lib:/opt/ros/jazzy/opt/gz_utils_vendor/lib:/opt/ros/jazzy/opt/gz_tools_vendor/lib:/opt/ros/jazzy/opt/gz_ogre_next_vendor/lib:/opt/ros/jazzy/opt/gz_dartsim_vendor/lib:/opt/ros/jazzy/opt/gz_cmake_vendor/lib:/opt/ros/jazzy/lib', 'HOME': '/home/sachin', 'OLDPWD': '/home/sachin/turtlebot3_ws', 'DESKTOP_SESSION': 'ubuntu', 'ROS_PYTHON_VERSION': '3', 'GNOME_SHELL_SESSION_MODE': 'ubuntu', 'GTK_MODULES': 'gail:atk-bridge', 'PS1': '(.ros2_venv) \\[\\e]0;\\u@\\h: \\w\\a\\]${debian_chroot:+($debian_chroot)}\\[\\033[01;32m\\]\\u@\\h\\[\\033[00m\\]:\\[\\033[01;34m\\]\\w\\[\\033[00m\\]\\$', 'SYSTEMD_EXEC_PID': '2614', 'GSM_SKIP_SSH_AGENT_WORKAROUND': 'true', 'DBUS_SESSION_BUS_ADDRESS': 'unix:path=/run/user/1000/bus', 'COLORTERM': 'truecolor', 'DEBUGINFOD_URLS': 'https://debuginfod.ubuntu.com', 'COLCON_PREFIX_PATH': '/home/sachin/rosbot-wifi-heatmap-sim/install:/home/sachin/turtlebot3_ws/install', 'ROS_DISTRO': 'jazzy', 'LOGNAME': 'sachin', '_': '/usr/bin/colcon', 'ROS_VERSION': '2', 'PIP_BREAK_SYSTEM_PACKAGES': '1', 'MEMORY_PRESSURE_WATCH': '/sys/fs/cgroup/user.slice/user-1000.slice/user@1000.service/session.slice/org.gnome.Shell@x11.service/memory.pressure', 'XDG_SESSION_CLASS': 'user', 'USERNAME': 'sachin', 'TERM': 'xterm-256color', 'GNOME_DESKTOP_SESSION_ID': 'this-is-deprecated', 'WINDOWPATH': '2', 'PATH': '/home/sachin/.ros2_venv/bin:/opt/ros/jazzy/opt/gz_msgs_vendor/bin:/opt/ros/jazzy/opt/gz_tools_vendor/bin:/opt/ros/jazzy/opt/gz_ogre_next_vendor/bin:/opt/ros/jazzy/bin:/usr/local/sbin:/usr/local/bin:/usr/sbin:/usr/bin:/sbin:/bin:/usr/games:/usr/local/games:/snap/bin:/snap/bin', 'SESSION_MANAGER': 'local/SK:@/tmp/.ICE-unix/2583,unix/SK:/tmp/.ICE-unix/2583', 'XDG_MENU_PREFIX': 'gnome-', 'GNOME_TERMINAL_SCREEN': '/org/gnome/Terminal/screen/df379d0b_c7dc_4b7a_b5af_a8e2f23f471b', 'XDG_RUNTIME_DIR': '/run/user/1000', 'DISPLAY': ':1', 'LANG': 'en_US.UTF-8', 'XDG_CURRENT_DESKTOP': 'ubuntu:GNOME', 'VIRTUAL_ENV_PROMPT': '(.ros2_venv)', 'XMODIFIERS': '@im=ibus', 'XDG_SESSION_DESKTOP': 'ubuntu', 'XAUTHORITY': '/run/user/1000/gdm/Xauthority', 'LS_COLORS': 'rs=0:di=01;34:ln=01;36:mh=00:pi=40;33:so=01;35:do=01;35:bd=40;33;01:cd=40;33;01:or=40;31;01:mi=00:su=37;41:sg=30;43:ca=00:tw=30;42:ow=34;42:st=37;44:ex=01;32:*.tar=01;31:*.tgz=01;31:*.arc=01;31:*.arj=01;31:*.taz=01;31:*.lha=01;31:*.lz4=01;31:*.lzh=01;31:*.lzma=01;31:*.tlz=01;31:*.txz=01;31:*.tzo=01;31:*.t7z=01;31:*.zip=01;31:*.z=01;31:*.dz=01;31:*.gz=01;31:*.lrz=01;31:*.lz=01;31:*.lzo=01;31:*.xz=01;31:*.zst=01;31:*.tzst=01;31:*.bz2=01;31:*.bz=01;31:*.tbz=01;31:*.tbz2=01;31:*.tz=01;31:*.deb=01;31:*.rpm=01;31:*.jar=01;31:*.war=01;31:*.ear=01;31:*.sar=01;31:*.rar=01;31:*.alz=01;31:*.ace=01;31:*.zoo=01;31:*.cpio=01;31:*.7z=01;31:*.rz=01;31:*.cab=01;31:*.wim=01;31:*.swm=01;31:*.dwm=01;31:*.esd=01;31:*.avif=01;35:*.jpg=01;35:*.jpeg=01;35:*.mjpg=01;35:*.mjpeg=01;35:*.gif=01;35:*.bmp=01;35:*.pbm=01;35:*.pgm=01;35:*.ppm=01;35:*.tga=01;35:*.xbm=01;35:*.xpm=01;35:*.tif=01;35:*.tiff=01;35:*.png=01;35:*.svg=01;35:*.svgz=01;35:*.mng=01;35:*.pcx=01;35:*.mov=01;35:*.mpg=01;35:*.mpeg=01;35:*.m2v=01;35:*.mkv=01;35:*.webm=01;35:*.webp=01;35:*.ogm=01;35:*.mp4=01;35:*.m4v=01;35:*.mp4v=01;35:*.vob=01;35:*.qt=01;35:*.nuv=01;35:*.wmv=01;35:*.asf=01;35:*.rm=01;35:*.rmvb=01;35:*.flc=01;35:*.avi=01;35:*.fli=01;35:*.flv=01;35:*.gl=01;35:*.dl=01;35:*.xcf=01;35:*.xwd=01;35:*.yuv=01;35:*.cgm=01;35:*.emf=01;35:*.ogv=01;35:*.ogx=01;35:*.aac=00;36:*.au=00;36:*.flac=00;36:*.m4a=00;36:*.mid=00;36:*.midi=00;36:*.mka=00;36:*.mp3=00;36:*.mpc=00;36:*.ogg=00;36:*.ra=00;36:*.wav=00;36:*.oga=00;36:*.opus=00;36:*.spx=00;36:*.xspf=00;36:*~=00;90:*#=00;90:*.bak=00;90:*.crdownload=00;90:*.dpkg-dist=00;90:*.dpkg-new=00;90:*.dpkg-old=00;90:*.dpkg-tmp=00;90:*.old=00;90:*.orig=00;90:*.part=00;90:*.rej=00;90:*.rpmnew=00;90:*.rpmorig=00;90:*.rpmsave=00;90:*.swp=00;90:*.tmp=00;90:*.ucf-dist=00;90:*.ucf-new=00;90:*.ucf-old=00;90:', 'GNOME_TERMINAL_SERVICE': ':1.95', 'SSH_AUTH_SOCK': '/run/user/1000/keyring/ssh', 'ROS_DOMAIN_ID': '100', 'AMENT_PREFIX_PATH': '/home/sachin/rosbot-wifi-heatmap-sim/install/mappers_bringup:/home/sachin/rosbot-wifi-heatmap-sim/install/waypoint_publisher_package:/home/sachin/rosbot-wifi-heatmap-sim/install/rssi_heatmap_generator_package:/home/sachin/rosbot-wifi-heatmap-sim/install/nav2_read_rssi_at_waypoint:/home/sachin/rosbot-wifi-heatmap-sim/install/rosbot_interfaces:/home/sachin/turtlebot3_ws/install/turtlebot3_simulations:/home/sachin/turtlebot3_ws/install/turtlebot3_gazebo:/home/sachin/turtlebot3_ws/install/turtlebot3_fake_node:/opt/ros/jazzy', 'SHELL': '/bin/bash', 'QT_ACCESSIBILITY': '1', 'GDMSESSION': 'ubuntu', 'LESSCLOSE': '/usr/bin/lesspipe %s %s', 'GPG_AGENT_INFO': '/run/user/1000/gnupg/S.gpg-agent:0:1', 'VIRTUAL_ENV': '/home/sachin/.ros2_venv', 'ROS_AUTOMATIC_DISCOVERY_RANGE': 'SUBNET', 'QT_IM_MODULE': 'ibus', 'PWD': '/home/sachin/rosbot-wifi-heatmap-sim/build/rssi_heatmap_generator_package', 'LC_ALL': 'en_US.UTF-8', 'XDG_CONFIG_DIRS': '/etc/xdg/xdg-ubuntu:/etc/xdg', 'XDG_DATA_DIRS': '/usr/share/ubuntu:/usr/share/gnome:/usr/local/share/:/usr/share/:/var/lib/snapd/desktop', 'PYTHONPATH': '/home/sachin/rosbot-wifi-heatmap-sim/build/rssi_heatmap_generator_package/prefix_override:/usr/lib/python3/dist-packages/colcon_core/task/python/colcon_distutils_commands:/home/sachin/rosbot-wifi-heatmap-sim/install/rssi_heatmap_generator_package/lib/python3.12/site-packages:/home/sachin/rosbot-wifi-heatmap-sim/install/rosbot_interfaces/lib/python3.12/site-packages:/home/sachin/rosbot-wifi-heatmap-sim/install/waypoint_publisher_package/lib/python3.12/site-packages:/home/sachin/rosbot-wifi-heatmap-sim/install/rssi_heatmap_generator_package/lib/python3.12/site-packages:/opt/ros/jazzy/lib/python3.12/site-packages', 'COLCON': '1', 'MEMORY_PRESSURE_WRITE': 'c29tZSAyMDAwMDAgMjAwMDAwMAA=', 'VTE_VERSION': '7600', 'CMAKE_PREFIX_PATH': '/home/sachin/rosbot-wifi-heatmap-sim/install/rosbot_interfaces:/home/sachin/rosbot-wifi-heatmap-sim/install/mappers_bringup:/home/sachin/rosbot-wifi-heatmap-sim/install/nav2_read_rssi_at_waypoint:/home/sachin/turtlebot3_ws/install/turtlebot3_simulations:/home/sachin/turtlebot3_ws/install/turtlebot3_gazebo:/home/sachin/turtlebot3_ws/install/turtlebot3_fake_node:/opt/ros/jazzy/opt/gz_sim_vendor:/opt/ros/jazzy/opt/gz_sensors_vendor:/opt/ros/jazzy/opt/gz_physics_vendor:/opt/ros/jazzy/opt/sdformat_vendor:/opt/ros/jazzy/opt/gz_gui_vendor:/opt/ros/jazzy/opt/gz_transport_vendor:/opt/ros/jazzy/opt/gz_rendering_vendor:/opt/ros/jazzy/opt/gz_plugin_vendor:/opt/ros/jazzy/opt/gz_fuel_tools_vendor:/opt/ros/jazzy/opt/gz_msgs_vendor:/opt/ros/jazzy/opt/gz_common_vendor:/opt/ros/jazzy/opt/gz_math_vendor:/opt/ros/jazzy/opt/gz_utils_vendor:/opt/ros/jazzy/opt/gz_tools_vendor:/opt/ros/jazzy/opt/gz_ogre_next_vendor:/opt/ros/jazzy/opt/gz_dartsim_vendor:/opt/ros/jazzy/opt/gz_cmake_vendor'}, 'shell': False}
[1.703592] (-) TimerEvent: {}
[1.788091] (waypoint_publisher_package) StdoutLine: {'line': b'Installing node script to /home/sachin/rosbot-wifi-heatmap-sim/install/waypoint_publisher_package/lib/waypoint_publisher_package\n'}
[1.788744] (waypoint_publisher_package) StdoutLine: {'line': b"writing list of installed files to '/home/sachin/rosbot-wifi-heatmap-sim/build/waypoint_publisher_package/install.log'\n"}
[1.803835] (-) TimerEvent: {}
[1.825998] (waypoint_publisher_package) CommandEnded: {'returncode': 0}
[1.832902] (waypoint_publisher_package) JobEnded: {'identifier': 'waypoint_publisher_package', 'rc': 0}
[1.904046] (-) TimerEvent: {}
[2.004464] (-) TimerEvent: {}
[2.020719] (rssi_heatmap_generator_package) StdoutLine: {'line': b'running egg_info\n'}
[2.043514] (rssi_heatmap_generator_package) StdoutLine: {'line': b'writing ../../build/rssi_heatmap_generator_package/rssi_heatmap_generator_package.egg-info/PKG-INFO\n'}
[2.049609] (rssi_heatmap_generator_package) StdoutLine: {'line': b'writing dependency_links to ../../build/rssi_heatmap_generator_package/rssi_heatmap_generator_package.egg-info/dependency_links.txt\n'}
[2.050058] (rssi_heatmap_generator_package) StdoutLine: {'line': b'writing entry points to ../../build/rssi_heatmap_generator_package/rssi_heatmap_generator_package.egg-info/entry_points.txt\n'}
[2.050248] (rssi_heatmap_generator_package) StdoutLine: {'line': b'writing requirements to ../../build/rssi_heatmap_generator_package/rssi_heatmap_generator_package.egg-info/requires.txt\n'}
[2.050325] (rssi_heatmap_generator_package) StdoutLine: {'line': b'writing top-level names to ../../build/rssi_heatmap_generator_package/rssi_heatmap_generator_package.egg-info/top_level.txt\n'}
[2.097379] (rssi_heatmap_generator_package) StdoutLine: {'line': b"reading manifest file '../../build/rssi_heatmap_generator_package/rssi_heatmap_generator_package.egg-info/SOURCES.txt'\n"}
[2.098646] (rssi_heatmap_generator_package) StdoutLine: {'line': b"writing manifest file '../../build/rssi_heatmap_generator_package/rssi_heatmap_generator_package.egg-info/SOURCES.txt'\n"}
[2.098956] (rssi_heatmap_generator_package) StdoutLine: {'line': b'running build\n'}
[2.099049] (rssi_heatmap_generator_package) StdoutLine: {'line': b'running build_py\n'}
[2.099548] (rssi_heatmap_generator_package) StdoutLine: {'line': b'running install\n'}
[2.104634] (-) TimerEvent: {}
[2.107059] (rssi_heatmap_generator_package) StdoutLine: {'line': b'running install_lib\n'}
[2.131708] (rssi_heatmap_generator_package) StdoutLine: {'line': b'running install_data\n'}
[2.131892] (rssi_heatmap_generator_package) StdoutLine: {'line': b'running install_egg_info\n'}
[2.156422] (rssi_heatmap_generator_package) StdoutLine: {'line': b"removing '/home/sachin/rosbot-wifi-heatmap-sim/install/rssi_heatmap_generator_package/lib/python3.12/site-packages/rssi_heatmap_generator_package-1.0.0-py3.12.egg-info' (and everything under it)\n"}
[2.156943] (rssi_heatmap_generator_package) StdoutLine: {'line': b'Copying ../../build/rssi_heatmap_generator_package/rssi_heatmap_generator_package.egg-info to /home/sachin/rosbot-wifi-heatmap-sim/install/rssi_heatmap_generator_package/lib/python3.12/site-packages/rssi_heatmap_generator_package-1.0.0-py3.12.egg-info\n'}
[2.157873] (rssi_heatmap_generator_package) StdoutLine: {'line': b'running install_scripts\n'}
[2.204824] (-) TimerEvent: {}
[2.305180] (-) TimerEvent: {}
[2.312121] (rssi_heatmap_generator_package) StdoutLine: {'line': b'Installing node script to /home/sachin/rosbot-wifi-heatmap-sim/install/rssi_heatmap_generator_package/lib/rssi_heatmap_generator_package\n'}
[2.312654] (rssi_heatmap_generator_package) StdoutLine: {'line': b"writing list of installed files to '/home/sachin/rosbot-wifi-heatmap-sim/build/rssi_heatmap_generator_package/install.log'\n"}
[2.346772] (rssi_heatmap_generator_package) CommandEnded: {'returncode': 0}
[2.354416] (rssi_heatmap_generator_package) JobEnded: {'identifier': 'rssi_heatmap_generator_package', 'rc': 0}
[2.355254] (mappers_bringup) JobStarted: {'identifier': 'mappers_bringup'}
[2.379960] (mappers_bringup) JobProgress: {'identifier': 'mappers_bringup', 'progress': 'cmake'}
[2.381009] (mappers_bringup) JobProgress: {'identifier': 'mappers_bringup', 'progress': 'build'}
[2.381734] (mappers_bringup) Command: {'cmd': ['/usr/bin/cmake', '--build', '/home/sachin/rosbot-wifi-heatmap-sim/build/mappers_bringup', '--', '-j12', '-l12'], 'cwd': '/home/sachin/rosbot-wifi-heatmap-sim/build/mappers_bringup', 'env': OrderedDict({'LESSOPEN': '| /usr/bin/lesspipe %s', 'GZ_SIM_RESOURCE_PATH': '/opt/ros/jazzy/share:/home/sachin/gazebo_models', 'USER': 'sachin', 'GZ_CONFIG_PATH': '/opt/ros/jazzy/opt/gz_sim_vendor/share/gz:/opt/ros/jazzy/opt/sdformat_vendor/share/gz:/opt/ros/jazzy/opt/gz_gui_vendor/share/gz:/opt/ros/jazzy/opt/gz_transport_vendor/share/gz:/opt/ros/jazzy/opt/gz_rendering_vendor/share/gz:/opt/ros/jazzy/opt/gz_plugin_vendor/share/gz:/opt/ros/jazzy/opt/gz_fuel_tools_vendor/share/gz:/opt/ros/jazzy/opt/gz_msgs_vendor/share/gz:/opt/ros/jazzy/opt/gz_common_vendor/share/gz', 'XDG_SESSION_TYPE': 'x11', 'CLUTTER_DISABLE_MIPMAPPED_TEXT': '1', 'SHLVL': '1', 'LD_LIBRARY_PATH': '/home/sachin/rosbot-wifi-heatmap-sim/install/nav2_read_rssi_at_waypoint/lib:/home/sachin/rosbot-wifi-heatmap-sim/install/rosbot_interfaces/lib:/opt/ros/jazzy/opt/gz_sim_vendor/lib:/opt/ros/jazzy/opt/gz_sensors_vendor/lib:/opt/ros/jazzy/opt/gz_physics_vendor/lib:/opt/ros/jazzy/opt/sdformat_vendor/lib:/opt/ros/jazzy/opt/rviz_ogre_vendor/lib:/opt/ros/jazzy/lib/x86_64-linux-gnu:/opt/ros/jazzy/opt/gz_gui_vendor/lib:/opt/ros/jazzy/opt/gz_transport_vendor/lib:/opt/ros/jazzy/opt/gz_rendering_vendor/lib:/opt/ros/jazzy/opt/gz_plugin_vendor/lib:/opt/ros/jazzy/opt/gz_fuel_tools_vendor/lib:/opt/ros/jazzy/opt/gz_msgs_vendor/lib:/opt/ros/jazzy/opt/gz_common_vendor/lib:/opt/ros/jazzy/opt/gz_math_vendor/lib:/opt/ros/jazzy/opt/gz_utils_vendor/lib:/opt/ros/jazzy/opt/gz_tools_vendor/lib:/opt/ros/jazzy/opt/gz_ogre_next_vendor/lib:/opt/ros/jazzy/opt/gz_dartsim_vendor/lib:/opt/ros/jazzy/opt/gz_cmake_vendor/lib:/opt/ros/jazzy/lib', 'HOME': '/home/sachin', 'OLDPWD': '/home/sachin/turtlebot3_ws', 'DESKTOP_SESSION': 'ubuntu', 'ROS_PYTHON_VERSION': '3', 'GNOME_SHELL_SESSION_MODE': 'ubuntu', 'GTK_MODULES': 'gail:atk-bridge', 'PS1': '(.ros2_venv) \\[\\e]0;\\u@\\h: \\w\\a\\]${debian_chroot:+($debian_chroot)}\\[\\033[01;32m\\]\\u@\\h\\[\\033[00m\\]:\\[\\033[01;34m\\]\\w\\[\\033[00m\\]\\$', 'SYSTEMD_EXEC_PID': '2614', 'GSM_SKIP_SSH_AGENT_WORKAROUND': 'true', 'DBUS_SESSION_BUS_ADDRESS': 'unix:path=/run/user/1000/bus', 'COLORTERM': 'truecolor', 'DEBUGINFOD_URLS': 'https://debuginfod.ubuntu.com', 'COLCON_PREFIX_PATH': '/home/sachin/rosbot-wifi-heatmap-sim/install:/home/sachin/turtlebot3_ws/install', 'ROS_DISTRO': 'jazzy', 'LOGNAME': 'sachin', '_': '/usr/bin/colcon', 'ROS_VERSION': '2', 'PIP_BREAK_SYSTEM_PACKAGES': '1', 'MEMORY_PRESSURE_WATCH': '/sys/fs/cgroup/user.slice/user-1000.slice/user@1000.service/session.slice/org.gnome.Shell@x11.service/memory.pressure', 'XDG_SESSION_CLASS': 'user', 'USERNAME': 'sachin', 'TERM': 'xterm-256color', 'GNOME_DESKTOP_SESSION_ID': 'this-is-deprecated', 'WINDOWPATH': '2', 'PATH': '/home/sachin/.ros2_venv/bin:/opt/ros/jazzy/opt/gz_msgs_vendor/bin:/opt/ros/jazzy/opt/gz_tools_vendor/bin:/opt/ros/jazzy/opt/gz_ogre_next_vendor/bin:/opt/ros/jazzy/bin:/usr/local/sbin:/usr/local/bin:/usr/sbin:/usr/bin:/sbin:/bin:/usr/games:/usr/local/games:/snap/bin:/snap/bin', 'SESSION_MANAGER': 'local/SK:@/tmp/.ICE-unix/2583,unix/SK:/tmp/.ICE-unix/2583', 'XDG_MENU_PREFIX': 'gnome-', 'GNOME_TERMINAL_SCREEN': '/org/gnome/Terminal/screen/df379d0b_c7dc_4b7a_b5af_a8e2f23f471b', 'XDG_RUNTIME_DIR': '/run/user/1000', 'DISPLAY': ':1', 'LANG': 'en_US.UTF-8', 'XDG_CURRENT_DESKTOP': 'ubuntu:GNOME', 'VIRTUAL_ENV_PROMPT': '(.ros2_venv)', 'XMODIFIERS': '@im=ibus', 'XDG_SESSION_DESKTOP': 'ubuntu', 'XAUTHORITY': '/run/user/1000/gdm/Xauthority', 'LS_COLORS': 'rs=0:di=01;34:ln=01;36:mh=00:pi=40;33:so=01;35:do=01;35:bd=40;33;01:cd=40;33;01:or=40;31;01:mi=00:su=37;41:sg=30;43:ca=00:tw=30;42:ow=34;42:st=37;44:ex=01;32:*.tar=01;31:*.tgz=01;31:*.arc=01;31:*.arj=01;31:*.taz=01;31:*.lha=01;31:*.lz4=01;31:*.lzh=01;31:*.lzma=01;31:*.tlz=01;31:*.txz=01;31:*.tzo=01;31:*.t7z=01;31:*.zip=01;31:*.z=01;31:*.dz=01;31:*.gz=01;31:*.lrz=01;31:*.lz=01;31:*.lzo=01;31:*.xz=01;31:*.zst=01;31:*.tzst=01;31:*.bz2=01;31:*.bz=01;31:*.tbz=01;31:*.tbz2=01;31:*.tz=01;31:*.deb=01;31:*.rpm=01;31:*.jar=01;31:*.war=01;31:*.ear=01;31:*.sar=01;31:*.rar=01;31:*.alz=01;31:*.ace=01;31:*.zoo=01;31:*.cpio=01;31:*.7z=01;31:*.rz=01;31:*.cab=01;31:*.wim=01;31:*.swm=01;31:*.dwm=01;31:*.esd=01;31:*.avif=01;35:*.jpg=01;35:*.jpeg=01;35:*.mjpg=01;35:*.mjpeg=01;35:*.gif=01;35:*.bmp=01;35:*.pbm=01;35:*.pgm=01;35:*.ppm=01;35:*.tga=01;35:*.xbm=01;35:*.xpm=01;35:*.tif=01;35:*.tiff=01;35:*.png=01;35:*.svg=01;35:*.svgz=01;35:*.mng=01;35:*.pcx=01;35:*.mov=01;35:*.mpg=01;35:*.mpeg=01;35:*.m2v=01;35:*.mkv=01;35:*.webm=01;35:*.webp=01;35:*.ogm=01;35:*.mp4=01;35:*.m4v=01;35:*.mp4v=01;35:*.vob=01;35:*.qt=01;35:*.nuv=01;35:*.wmv=01;35:*.asf=01;35:*.rm=01;35:*.rmvb=01;35:*.flc=01;35:*.avi=01;35:*.fli=01;35:*.flv=01;35:*.gl=01;35:*.dl=01;35:*.xcf=01;35:*.xwd=01;35:*.yuv=01;35:*.cgm=01;35:*.emf=01;35:*.ogv=01;35:*.ogx=01;35:*.aac=00;36:*.au=00;36:*.flac=00;36:*.m4a=00;36:*.mid=00;36:*.midi=00;36:*.mka=00;36:*.mp3=00;36:*.mpc=00;36:*.ogg=00;36:*.ra=00;36:*.wav=00;36:*.oga=00;36:*.opus=00;36:*.spx=00;36:*.xspf=00;36:*~=00;90:*#=00;90:*.bak=00;90:*.crdownload=00;90:*.dpkg-dist=00;90:*.dpkg-new=00;90:*.dpkg-old=00;90:*.dpkg-tmp=00;90:*.old=00;90:*.orig=00;90:*.part=00;90:*.rej=00;90:*.rpmnew=00;90:*.rpmorig=00;90:*.rpmsave=00;90:*.swp=00;90:*.tmp=00;90:*.ucf-dist=00;90:*.ucf-new=00;90:*.ucf-old=00;90:', 'GNOME_TERMINAL_SERVICE': ':1.95', 'SSH_AUTH_SOCK': '/run/user/1000/keyring/ssh', 'ROS_DOMAIN_ID': '100', 'AMENT_PREFIX_PATH': '/home/sachin/rosbot-wifi-heatmap-sim/install/rssi_heatmap_generator_package:/home/sachin/rosbot-wifi-heatmap-sim/install/waypoint_publisher_package:/home/sachin/rosbot-wifi-heatmap-sim/install/mappers_bringup:/home/sachin/rosbot-wifi-heatmap-sim/install/nav2_read_rssi_at_waypoint:/home/sachin/rosbot-wifi-heatmap-sim/install/rosbot_interfaces:/home/sachin/turtlebot3_ws/install/turtlebot3_simulations:/home/sachin/turtlebot3_ws/install/turtlebot3_gazebo:/home/sachin/turtlebot3_ws/install/turtlebot3_fake_node:/opt/ros/jazzy', 'SHELL': '/bin/bash', 'QT_ACCESSIBILITY': '1', 'GDMSESSION': 'ubuntu', 'LESSCLOSE': '/usr/bin/lesspipe %s %s', 'GPG_AGENT_INFO': '/run/user/1000/gnupg/S.gpg-agent:0:1', 'VIRTUAL_ENV': '/home/sachin/.ros2_venv', 'ROS_AUTOMATIC_DISCOVERY_RANGE': 'SUBNET', 'QT_IM_MODULE': 'ibus', 'PWD': '/home/sachin/rosbot-wifi-heatmap-sim/build/mappers_bringup', 'LC_ALL': 'en_US.UTF-8', 'XDG_CONFIG_DIRS': '/etc/xdg/xdg-ubuntu:/etc/xdg', 'XDG_DATA_DIRS': '/usr/share/ubuntu:/usr/share/gnome:/usr/local/share/:/usr/share/:/var/lib/snapd/desktop', 'PYTHONPATH': '/home/sachin/rosbot-wifi-heatmap-sim/install/rssi_heatmap_generator_package/lib/python3.12/site-packages:/home/sachin/rosbot-wifi-heatmap-sim/install/waypoint_publisher_package/lib/python3.12/site-packages:/home/sachin/rosbot-wifi-heatmap-sim/install/rosbot_interfaces/lib/python3.12/site-packages:/opt/ros/jazzy/lib/python3.12/site-packages', 'COLCON': '1', 'MEMORY_PRESSURE_WRITE': 'c29tZSAyMDAwMDAgMjAwMDAwMAA=', 'VTE_VERSION': '7600', 'CMAKE_PREFIX_PATH': '/home/sachin/rosbot-wifi-heatmap-sim/install/nav2_read_rssi_at_waypoint:/home/sachin/rosbot-wifi-heatmap-sim/install/rosbot_interfaces:/home/sachin/rosbot-wifi-heatmap-sim/install/mappers_bringup:/home/sachin/turtlebot3_ws/install/turtlebot3_simulations:/home/sachin/turtlebot3_ws/install/turtlebot3_gazebo:/home/sachin/turtlebot3_ws/install/turtlebot3_fake_node:/opt/ros/jazzy/opt/gz_sim_vendor:/opt/ros/jazzy/opt/gz_sensors_vendor:/opt/ros/jazzy/opt/gz_physics_vendor:/opt/ros/jazzy/opt/sdformat_vendor:/opt/ros/jazzy/opt/gz_gui_vendor:/opt/ros/jazzy/opt/gz_transport_vendor:/opt/ros/jazzy/opt/gz_rendering_vendor:/opt/ros/jazzy/opt/gz_plugin_vendor:/opt/ros/jazzy/opt/gz_fuel_tools_vendor:/opt/ros/jazzy/opt/gz_msgs_vendor:/opt/ros/jazzy/opt/gz_common_vendor:/opt/ros/jazzy/opt/gz_math_vendor:/opt/ros/jazzy/opt/gz_utils_vendor:/opt/ros/jazzy/opt/gz_tools_vendor:/opt/ros/jazzy/opt/gz_ogre_next_vendor:/opt/ros/jazzy/opt/gz_dartsim_vendor:/opt/ros/jazzy/opt/gz_cmake_vendor:/home/sachin/rosbot-wifi-heatmap-sim/install/waypoint_publisher_package:/home/sachin/rosbot-wifi-heatmap-sim/install/rssi_heatmap_generator_package:/opt/ros/jazzy'}), 'shell': False}
[2.405407] (-) TimerEvent: {}
[2.449665] (mappers_bringup) CommandEnded: {'returncode': 0}
[2.450661] (mappers_bringup) JobProgress: {'identifier': 'mappers_bringup', 'progress': 'install'}
[2.451428] (mappers_bringup) Command: {'cmd': ['/usr/bin/cmake', '--install', '/home/sachin/rosbot-wifi-heatmap-sim/build/mappers_bringup'], 'cwd': '/home/sachin/rosbot-wifi-heatmap-sim/build/mappers_bringup', 'env': OrderedDict({'LESSOPEN': '| /usr/bin/lesspipe %s', 'GZ_SIM_RESOURCE_PATH': '/opt/ros/jazzy/share:/home/sachin/gazebo_models', 'USER': 'sachin', 'GZ_CONFIG_PATH': '/opt/ros/jazzy/opt/gz_sim_vendor/share/gz:/opt/ros/jazzy/opt/sdformat_vendor/share/gz:/opt/ros/jazzy/opt/gz_gui_vendor/share/gz:/opt/ros/jazzy/opt/gz_transport_vendor/share/gz:/opt/ros/jazzy/opt/gz_rendering_vendor/share/gz:/opt/ros/jazzy/opt/gz_plugin_vendor/share/gz:/opt/ros/jazzy/opt/gz_fuel_tools_vendor/share/gz:/opt/ros/jazzy/opt/gz_msgs_vendor/share/gz:/opt/ros/jazzy/opt/gz_common_vendor/share/gz', 'XDG_SESSION_TYPE': 'x11', 'CLUTTER_DISABLE_MIPMAPPED_TEXT': '1', 'SHLVL': '1', 'LD_LIBRARY_PATH': '/home/sachin/rosbot-wifi-heatmap-sim/install/nav2_read_rssi_at_waypoint/lib:/home/sachin/rosbot-wifi-heatmap-sim/install/rosbot_interfaces/lib:/opt/ros/jazzy/opt/gz_sim_vendor/lib:/opt/ros/jazzy/opt/gz_sensors_vendor/lib:/opt/ros/jazzy/opt/gz_physics_vendor/lib:/opt/ros/jazzy/opt/sdformat_vendor/lib:/opt/ros/jazzy/opt/rviz_ogre_vendor/lib:/opt/ros/jazzy/lib/x86_64-linux-gnu:/opt/ros/jazzy/opt/gz_gui_vendor/lib:/opt/ros/jazzy/opt/gz_transport_vendor/lib:/opt/ros/jazzy/opt/gz_rendering_vendor/lib:/opt/ros/jazzy/opt/gz_plugin_vendor/lib:/opt/ros/jazzy/opt/gz_fuel_tools_vendor/lib:/opt/ros/jazzy/opt/gz_msgs_vendor/lib:/opt/ros/jazzy/opt/gz_common_vendor/lib:/opt/ros/jazzy/opt/gz_math_vendor/lib:/opt/ros/jazzy/opt/gz_utils_vendor/lib:/opt/ros/jazzy/opt/gz_tools_vendor/lib:/opt/ros/jazzy/opt/gz_ogre_next_vendor/lib:/opt/ros/jazzy/opt/gz_dartsim_vendor/lib:/opt/ros/jazzy/opt/gz_cmake_vendor/lib:/opt/ros/jazzy/lib', 'HOME': '/home/sachin', 'OLDPWD': '/home/sachin/turtlebot3_ws', 'DESKTOP_SESSION': 'ubuntu', 'ROS_PYTHON_VERSION': '3', 'GNOME_SHELL_SESSION_MODE': 'ubuntu', 'GTK_MODULES': 'gail:atk-bridge', 'PS1': '(.ros2_venv) \\[\\e]0;\\u@\\h: \\w\\a\\]${debian_chroot:+($debian_chroot)}\\[\\033[01;32m\\]\\u@\\h\\[\\033[00m\\]:\\[\\033[01;34m\\]\\w\\[\\033[00m\\]\\$', 'SYSTEMD_EXEC_PID': '2614', 'GSM_SKIP_SSH_AGENT_WORKAROUND': 'true', 'DBUS_SESSION_BUS_ADDRESS': 'unix:path=/run/user/1000/bus', 'COLORTERM': 'truecolor', 'DEBUGINFOD_URLS': 'https://debuginfod.ubuntu.com', 'COLCON_PREFIX_PATH': '/home/sachin/rosbot-wifi-heatmap-sim/install:/home/sachin/turtlebot3_ws/install', 'ROS_DISTRO': 'jazzy', 'LOGNAME': 'sachin', '_': '/usr/bin/colcon', 'ROS_VERSION': '2', 'PIP_BREAK_SYSTEM_PACKAGES': '1', 'MEMORY_PRESSURE_WATCH': '/sys/fs/cgroup/user.slice/user-1000.slice/user@1000.service/session.slice/org.gnome.Shell@x11.service/memory.pressure', 'XDG_SESSION_CLASS': 'user', 'USERNAME': 'sachin', 'TERM': 'xterm-256color', 'GNOME_DESKTOP_SESSION_ID': 'this-is-deprecated', 'WINDOWPATH': '2', 'PATH': '/home/sachin/.ros2_venv/bin:/opt/ros/jazzy/opt/gz_msgs_vendor/bin:/opt/ros/jazzy/opt/gz_tools_vendor/bin:/opt/ros/jazzy/opt/gz_ogre_next_vendor/bin:/opt/ros/jazzy/bin:/usr/local/sbin:/usr/local/bin:/usr/sbin:/usr/bin:/sbin:/bin:/usr/games:/usr/local/games:/snap/bin:/snap/bin', 'SESSION_MANAGER': 'local/SK:@/tmp/.ICE-unix/2583,unix/SK:/tmp/.ICE-unix/2583', 'XDG_MENU_PREFIX': 'gnome-', 'GNOME_TERMINAL_SCREEN': '/org/gnome/Terminal/screen/df379d0b_c7dc_4b7a_b5af_a8e2f23f471b', 'XDG_RUNTIME_DIR': '/run/user/1000', 'DISPLAY': ':1', 'LANG': 'en_US.UTF-8', 'XDG_CURRENT_DESKTOP': 'ubuntu:GNOME', 'VIRTUAL_ENV_PROMPT': '(.ros2_venv)', 'XMODIFIERS': '@im=ibus', 'XDG_SESSION_DESKTOP': 'ubuntu', 'XAUTHORITY': '/run/user/1000/gdm/Xauthority', 'LS_COLORS': 'rs=0:di=01;34:ln=01;36:mh=00:pi=40;33:so=01;35:do=01;35:bd=40;33;01:cd=40;33;01:or=40;31;01:mi=00:su=37;41:sg=30;43:ca=00:tw=30;42:ow=34;42:st=37;44:ex=01;32:*.tar=01;31:*.tgz=01;31:*.arc=01;31:*.arj=01;31:*.taz=01;31:*.lha=01;31:*.lz4=01;31:*.lzh=01;31:*.lzma=01;31:*.tlz=01;31:*.txz=01;31:*.tzo=01;31:*.t7z=01;31:*.zip=01;31:*.z=01;31:*.dz=01;31:*.gz=01;31:*.lrz=01;31:*.lz=01;31:*.lzo=01;31:*.xz=01;31:*.zst=01;31:*.tzst=01;31:*.bz2=01;31:*.bz=01;31:*.tbz=01;31:*.tbz2=01;31:*.tz=01;31:*.deb=01;31:*.rpm=01;31:*.jar=01;31:*.war=01;31:*.ear=01;31:*.sar=01;31:*.rar=01;31:*.alz=01;31:*.ace=01;31:*.zoo=01;31:*.cpio=01;31:*.7z=01;31:*.rz=01;31:*.cab=01;31:*.wim=01;31:*.swm=01;31:*.dwm=01;31:*.esd=01;31:*.avif=01;35:*.jpg=01;35:*.jpeg=01;35:*.mjpg=01;35:*.mjpeg=01;35:*.gif=01;35:*.bmp=01;35:*.pbm=01;35:*.pgm=01;35:*.ppm=01;35:*.tga=01;35:*.xbm=01;35:*.xpm=01;35:*.tif=01;35:*.tiff=01;35:*.png=01;35:*.svg=01;35:*.svgz=01;35:*.mng=01;35:*.pcx=01;35:*.mov=01;35:*.mpg=01;35:*.mpeg=01;35:*.m2v=01;35:*.mkv=01;35:*.webm=01;35:*.webp=01;35:*.ogm=01;35:*.mp4=01;35:*.m4v=01;35:*.mp4v=01;35:*.vob=01;35:*.qt=01;35:*.nuv=01;35:*.wmv=01;35:*.asf=01;35:*.rm=01;35:*.rmvb=01;35:*.flc=01;35:*.avi=01;35:*.fli=01;35:*.flv=01;35:*.gl=01;35:*.dl=01;35:*.xcf=01;35:*.xwd=01;35:*.yuv=01;35:*.cgm=01;35:*.emf=01;35:*.ogv=01;35:*.ogx=01;35:*.aac=00;36:*.au=00;36:*.flac=00;36:*.m4a=00;36:*.mid=00;36:*.midi=00;36:*.mka=00;36:*.mp3=00;36:*.mpc=00;36:*.ogg=00;36:*.ra=00;36:*.wav=00;36:*.oga=00;36:*.opus=00;36:*.spx=00;36:*.xspf=00;36:*~=00;90:*#=00;90:*.bak=00;90:*.crdownload=00;90:*.dpkg-dist=00;90:*.dpkg-new=00;90:*.dpkg-old=00;90:*.dpkg-tmp=00;90:*.old=00;90:*.orig=00;90:*.part=00;90:*.rej=00;90:*.rpmnew=00;90:*.rpmorig=00;90:*.rpmsave=00;90:*.swp=00;90:*.tmp=00;90:*.ucf-dist=00;90:*.ucf-new=00;90:*.ucf-old=00;90:', 'GNOME_TERMINAL_SERVICE': ':1.95', 'SSH_AUTH_SOCK': '/run/user/1000/keyring/ssh', 'ROS_DOMAIN_ID': '100', 'AMENT_PREFIX_PATH': '/home/sachin/rosbot-wifi-heatmap-sim/install/rssi_heatmap_generator_package:/home/sachin/rosbot-wifi-heatmap-sim/install/waypoint_publisher_package:/home/sachin/rosbot-wifi-heatmap-sim/install/mappers_bringup:/home/sachin/rosbot-wifi-heatmap-sim/install/nav2_read_rssi_at_waypoint:/home/sachin/rosbot-wifi-heatmap-sim/install/rosbot_interfaces:/home/sachin/turtlebot3_ws/install/turtlebot3_simulations:/home/sachin/turtlebot3_ws/install/turtlebot3_gazebo:/home/sachin/turtlebot3_ws/install/turtlebot3_fake_node:/opt/ros/jazzy', 'SHELL': '/bin/bash', 'QT_ACCESSIBILITY': '1', 'GDMSESSION': 'ubuntu', 'LESSCLOSE': '/usr/bin/lesspipe %s %s', 'GPG_AGENT_INFO': '/run/user/1000/gnupg/S.gpg-agent:0:1', 'VIRTUAL_ENV': '/home/sachin/.ros2_venv', 'ROS_AUTOMATIC_DISCOVERY_RANGE': 'SUBNET', 'QT_IM_MODULE': 'ibus', 'PWD': '/home/sachin/rosbot-wifi-heatmap-sim/build/mappers_bringup', 'LC_ALL': 'en_US.UTF-8', 'XDG_CONFIG_DIRS': '/etc/xdg/xdg-ubuntu:/etc/xdg', 'XDG_DATA_DIRS': '/usr/share/ubuntu:/usr/share/gnome:/usr/local/share/:/usr/share/:/var/lib/snapd/desktop', 'PYTHONPATH': '/home/sachin/rosbot-wifi-heatmap-sim/install/rssi_heatmap_generator_package/lib/python3.12/site-packages:/home/sachin/rosbot-wifi-heatmap-sim/install/waypoint_publisher_package/lib/python3.12/site-packages:/home/sachin/rosbot-wifi-heatmap-sim/install/rosbot_interfaces/lib/python3.12/site-packages:/opt/ros/jazzy/lib/python3.12/site-packages', 'COLCON': '1', 'MEMORY_PRESSURE_WRITE': 'c29tZSAyMDAwMDAgMjAwMDAwMAA=', 'VTE_VERSION': '7600', 'CMAKE_PREFIX_PATH': '/home/sachin/rosbot-wifi-heatmap-sim/install/nav2_read_rssi_at_waypoint:/home/sachin/rosbot-wifi-heatmap-sim/install/rosbot_interfaces:/home/sachin/rosbot-wifi-heatmap-sim/install/mappers_bringup:/home/sachin/turtlebot3_ws/install/turtlebot3_simulations:/home/sachin/turtlebot3_ws/install/turtlebot3_gazebo:/home/sachin/turtlebot3_ws/install/turtlebot3_fake_node:/opt/ros/jazzy/opt/gz_sim_vendor:/opt/ros/jazzy/opt/gz_sensors_vendor:/opt/ros/jazzy/opt/gz_physics_vendor:/opt/ros/jazzy/opt/sdformat_vendor:/opt/ros/jazzy/opt/gz_gui_vendor:/opt/ros/jazzy/opt/gz_transport_vendor:/opt/ros/jazzy/opt/gz_rendering_vendor:/opt/ros/jazzy/opt/gz_plugin_vendor:/opt/ros/jazzy/opt/gz_fuel_tools_vendor:/opt/ros/jazzy/opt/gz_msgs_vendor:/opt/ros/jazzy/opt/gz_common_vendor:/opt/ros/jazzy/opt/gz_math_vendor:/opt/ros/jazzy/opt/gz_utils_vendor:/opt/ros/jazzy/opt/gz_tools_vendor:/opt/ros/jazzy/opt/gz_ogre_next_vendor:/opt/ros/jazzy/opt/gz_dartsim_vendor:/opt/ros/jazzy/opt/gz_cmake_vendor:/home/sachin/rosbot-wifi-heatmap-sim/install/waypoint_publisher_package:/home/sachin/rosbot-wifi-heatmap-sim/install/rssi_heatmap_generator_package:/opt/ros/jazzy'}), 'shell': False}
[2.464107] (mappers_bringup) StdoutLine: {'line': b'-- Install configuration: ""\n'}
[2.464468] (mappers_bringup) StdoutLine: {'line': b'-- Up-to-date: /home/sachin/rosbot-wifi-heatmap-sim/install/mappers_bringup/share/mappers_bringup/launch\n'}
[2.464852] (mappers_bringup) StdoutLine: {'line': b'-- Up-to-date: /home/sachin/rosbot-wifi-heatmap-sim/install/mappers_bringup/share/mappers_bringup/launch/mappers.launch.py\n'}
[2.465306] (mappers_bringup) StdoutLine: {'line': b'-- Up-to-date: /home/sachin/rosbot-wifi-heatmap-sim/install/mappers_bringup/share/mappers_bringup/launch/sim_nav2_slam.launch.py\n'}
[2.465506] (mappers_bringup) StdoutLine: {'line': b'-- Up-to-date: /home/sachin/rosbot-wifi-heatmap-sim/install/mappers_bringup/share/mappers_bringup/launch/sim_nav2_localization.launch.py\n'}
[2.465868] (mappers_bringup) StdoutLine: {'line': b'-- Up-to-date: /home/sachin/rosbot-wifi-heatmap-sim/install/mappers_bringup/share/mappers_bringup/config\n'}
[2.466091] (mappers_bringup) StdoutLine: {'line': b'-- Up-to-date: /home/sachin/rosbot-wifi-heatmap-sim/install/mappers_bringup/share/mappers_bringup/config/slam_params.yaml\n'}
[2.466269] (mappers_bringup) StdoutLine: {'line': b'-- Installing: /home/sachin/rosbot-wifi-heatmap-sim/install/mappers_bringup/share/mappers_bringup/config/nav2_params.yaml\n'}
[2.466448] (mappers_bringup) StdoutLine: {'line': b'-- Up-to-date: /home/sachin/rosbot-wifi-heatmap-sim/install/mappers_bringup/share/ament_index/resource_index/package_run_dependencies/mappers_bringup\n'}
[2.466624] (mappers_bringup) StdoutLine: {'line': b'-- Up-to-date: /home/sachin/rosbot-wifi-heatmap-sim/install/mappers_bringup/share/ament_index/resource_index/parent_prefix_path/mappers_bringup\n'}
[2.466786] (mappers_bringup) StdoutLine: {'line': b'-- Up-to-date: /home/sachin/rosbot-wifi-heatmap-sim/install/mappers_bringup/share/mappers_bringup/environment/ament_prefix_path.sh\n'}
[2.466946] (mappers_bringup) StdoutLine: {'line': b'-- Up-to-date: /home/sachin/rosbot-wifi-heatmap-sim/install/mappers_bringup/share/mappers_bringup/environment/ament_prefix_path.dsv\n'}
[2.467493] (mappers_bringup) StdoutLine: {'line': b'-- Up-to-date: /home/sachin/rosbot-wifi-heatmap-sim/install/mappers_bringup/share/mappers_bringup/environment/path.sh\n'}
[2.468406] (mappers_bringup) StdoutLine: {'line': b'-- Up-to-date: /home/sachin/rosbot-wifi-heatmap-sim/install/mappers_bringup/share/mappers_bringup/environment/path.dsv\n'}
[2.468616] (mappers_bringup) StdoutLine: {'line': b'-- Up-to-date: /home/sachin/rosbot-wifi-heatmap-sim/install/mappers_bringup/share/mappers_bringup/local_setup.bash\n'}
[2.469392] (mappers_bringup) StdoutLine: {'line': b'-- Up-to-date: /home/sachin/rosbot-wifi-heatmap-sim/install/mappers_bringup/share/mappers_bringup/local_setup.sh\n'}
[2.469560] (mappers_bringup) StdoutLine: {'line': b'-- Up-to-date: /home/sachin/rosbot-wifi-heatmap-sim/install/mappers_bringup/share/mappers_bringup/local_setup.zsh\n'}
[2.469670] (mappers_bringup) StdoutLine: {'line': b'-- Up-to-date: /home/sachin/rosbot-wifi-heatmap-sim/install/mappers_bringup/share/mappers_bringup/local_setup.dsv\n'}
[2.470198] (mappers_bringup) StdoutLine: {'line': b'-- Installing: /home/sachin/rosbot-wifi-heatmap-sim/install/mappers_bringup/share/mappers_bringup/package.dsv\n'}
[2.470438] (mappers_bringup) StdoutLine: {'line': b'-- Up-to-date: /home/sachin/rosbot-wifi-heatmap-sim/install/mappers_bringup/share/ament_index/resource_index/packages/mappers_bringup\n'}
[2.470549] (mappers_bringup) StdoutLine: {'line': b'-- Up-to-date: /home/sachin/rosbot-wifi-heatmap-sim/install/mappers_bringup/share/mappers_bringup/cmake/mappers_bringupConfig.cmake\n'}
[2.470653] (mappers_bringup) StdoutLine: {'line': b'-- Up-to-date: /home/sachin/rosbot-wifi-heatmap-sim/install/mappers_bringup/share/mappers_bringup/cmake/mappers_bringupConfig-version.cmake\n'}
[2.470751] (mappers_bringup) StdoutLine: {'line': b'-- Up-to-date: /home/sachin/rosbot-wifi-heatmap-sim/install/mappers_bringup/share/mappers_bringup/package.xml\n'}
[2.470849] (mappers_bringup) CommandEnded: {'returncode': 0}
[2.492655] (mappers_bringup) JobEnded: {'identifier': 'mappers_bringup', 'rc': 0}
[2.493852] (-) EventReactorShutdown: {}
